case_id,case_number,case_name,offense_group,appellant_type,relief_type_text,panel_judges,district_verdict_date,offense_date,media_window_start,media_window_end,timeline_needs_review
HUGGINGFACE-831f332ec790,"ע""פ 8800/08",נור עראר נ. מדינת ישראל,homicide_murder,defendant,none,א' א' לוי | מ' נאור | א' חיות,2008-09-17,,2008-09-17,2010-01-03,0
HUGGINGFACE-7bf23031113b,"ע""פ 177/09",סער אדטו נ. מדינת ישראל,homicide_other,defendant,none,א' א' לוי | מ' נאור | א' חיות,2008-11-25,,2008-11-25,2010-01-04,0
HUGGINGFACE-0974c17a2738,"ע""פ 6656/08",יקטרינה חביבולין נ. מדינת ישראל,homicide_other,defendant,none,ס' ג'ובראן | ע' פוגלמן | י' עמית,2008-06-10,,2008-06-10,2010-01-05,0
HUGGINGFACE-8353a3c6bf17,"ע""פ 6833/06",סאמר אבו עמאש נ. מדינת ישראל,homicide_other,defendant,none,א' ריבלין | מ' נאור | י' דנציגר,2006-07-20,,2006-07-20,2010-01-10,0
HUGGINGFACE-197ff9d68049,"ע""פ 3892/09",אלכסיי אופצ'ינר נ. מדינת ישראל,homicide_murder,defendant,none,א' ריבלין | ע' ארבל | ח' מלצר,,,2009-01-14,2010-01-13,1
HUGGINGFACE-13b691629698,"ע""פ 7139/06",חוסייני עלאא נ. מדינת ישראל,homicide_murder,defendant,none,א' א' לוי | ח' מלצר | נ' הנדל,,,2009-01-15,2010-01-14,1
HUGGINGFACE-588a0a9bb61d,"ע""פ 10477/08",טימור פיזולאיב נ. מדינת ישראל,homicide_other,defendant,none,א' א' לוי | ח' מלצר | י' עמית,2008-04-30,,2008-04-30,2010-01-24,0
HUGGINGFACE-38f850b887f1,"ע""פ 467/09",עמרי זילברמן נ. מדינת ישראל,homicide_other,defendant,none,מ' נאור | א' רובינשטיין | ס' ג'ובראן,2008-12-24,,2008-12-24,2010-02-01,1
HUGGINGFACE-9cd3cf2a0afa,"ע""פ 107/08",נאפז מחמד עבד אלמהדי נ. מדינת ישראל,homicide_other,defendant,none,א' ריבלין | א' פרוקצ'יה | ס' ג'ובראן,2007-10-09,,2007-10-09,2010-02-02,0
HUGGINGFACE-bc6216d987a8,"ע""פ 848/09",יצחק צרור נ. מדינת ישראל,homicide_other,defendant,none,א' א' לוי | י' דנציגר | נ' הנדל,2008-12-29,,2008-12-29,2010-02-16,0
HUGGINGFACE-e7cdcd6bdd78,"ע""פ 9956/05",אסף שי נ. מדינת ישראל,homicide_other,defendant,conviction_modified_lesser_offense,ד' ביניש | א' רובינשטיין | ד' ברלינר,2005-09-26,,2005-09-26,2010-02-17,1
HUGGINGFACE-75752e48ebd0,"ע""פ 4117/06",שניר מקייטן נ. מדינת ישראל,homicide_murder,defendant,none,א' א' לוי | ע' ארבל | ס' ג'ובראן,2006-04-03,,2006-04-03,2010-02-21,0
HUGGINGFACE-70bbcdf6bf59,"ע""פ 9345/09",יקיר יעקב לוי נ. מדינת ישראל,homicide_other,defendant,none,א' א' לוי | י' דנציגר | י' עמית,2009-10-25,,2009-10-25,2010-02-23,0
HUGGINGFACE-1c536bed7cbb,"ע""פ 5778/09",אכרם אבו סנימה נ. מדינת ישראל,homicide_murder,defendant,none,א' גרוניס | מ' נאור | ע' ארבל,2009-06-16,,2009-06-16,2010-02-28,1
HUGGINGFACE-5160bbaa4c14,"ע""פ 11110/07",ערף אבו רקייק נ. מדינת ישראל,homicide_murder,defendant,none,א' רובינשטיין | ע' פוגלמן | י' עמית,2007-12-03,,2007-12-03,2010-03-07,0
HUGGINGFACE-5380011e4f98,"ע""פ 400/09",מוחמד שלעאטה נ. מדינת ישראל,homicide_murder,defendant,none,ס' ג'ובראן | י' דנציגר | נ' הנדל,2008-12-24,,2008-12-24,2010-03-14,0
HUGGINGFACE-ca2904fe5c5f,"ע""פ 10358/08",איסמעיל אזברגה נ. מדינת ישראל,homicide_other,defendant,none,ס' ג'ובראן | י' דנציגר | נ' הנדל,2008-11-10,,2008-11-10,2010-03-15,0
HUGGINGFACE-0c92f929df6e,"ע""פ 7616/07",ולדימיר קים נ. מדינת ישראל,homicide_other,defendant,none,א' א' לוי | ע' ארבל | נ' הנדל,2007-06-27,,2007-06-27,2010-03-24,1
HUGGINGFACE-350879e0f03d,"ע""פ 8267/04",אדוארד ברוד נ. מדינת ישראל,homicide_murder,defendant,none,ס' ג'ובראן | ע' פוגלמן | י' עמית,,2002-07-14,2009-03-25,2010-03-24,1
HUGGINGFACE-1c9b06006563,"ע""פ 10832/07",קיריל סטצ'נקו נ. מדינת ישראל,homicide_other,defendant,none,ס' ג'ובראן | ע' פוגלמן | י' עמית,2006-11-28,,2006-11-28,2010-04-05,0
HUGGINGFACE-a4920c8bb0da,"ע""פ 4380/08",מאהר סעסע נ. מדינת ישראל,homicide_murder,defendant,none,א' פרוקצ'יה | א' רובינשטיין | י' עמית,2008-02-27,1995-02-01,2008-02-27,2010-04-07,1
HUGGINGFACE-c1411358cbea,"ע""פ 9862/08",מהרטה אדנה נ. מדינת ישראל,homicide_murder,defendant,none,א' א' לוי | א' גרוניס | נ' הנדל,2008-10-28,,2008-10-28,2010-04-12,0
HUGGINGFACE-b193a9001e43,"ע""פ 10407/07",אנטון אוליינקוב נ. מדינת ישראל,homicide_murder,defendant,none,א' א' לוי | ס' ג'ובראן | ח' מלצר,2007-10-24,,2007-10-24,2010-04-13,0
HUGGINGFACE-8edc925628d9,"ע""פ 8800/07",אברהם בראשי נ. מדינת ישראל,homicide_murder,defendant,none,ד' ביניש | א' ריבלין | ע' פוגלמן,2007-09-03,,2007-09-03,2010-04-25,1
HUGGINGFACE-77a260782a76,"ע""פ 5729/09",אלישע לוי נ. מדינת ישראל,homicide_other,defendant,none,ס' ג'ובראן | ע' פוגלמן | י' עמית,2009-05-26,,2009-05-26,2010-04-26,0
HUGGINGFACE-0cc9e938c435,"ע""פ 4089/07",עאזם סייף נ. מדינת ישראל,homicide_murder,defendant,sentence_relief_only,מ' נאור | א' רובינשטיין | ס' ג'ובראן,2007-04-12,2005-07-12,2007-04-12,2010-05-05,1
HUGGINGFACE-38f23955b28e,"ע""פ 265/10",יעקב יעקב נ. מדינת ישראל,homicide_other,defendant,none,א' א' לוי | א' חיות | י' עמית,2010-01-04,2008-04-22,2010-01-04,2010-05-08,1
HUGGINGFACE-8286d0289967,"ע""פ 8191/08",עאוני גבארה נ. מדינת ישראל,homicide_other,defendant,none,א' א' לוי | א' חיות | י' עמית,2008-09-07,,2008-09-07,2010-05-23,0
HUGGINGFACE-0604dccbb8ec,"ע""פ 3151/08",יוסי דוידוב נ. מדינת ישראל,homicide_murder,defendant,none,מ' נאור | ע' פוגלמן | י' עמית,2008-02-21,2006-01-29,2008-02-21,2010-05-25,1
HUGGINGFACE-5b0fe7208a8e,"ע""פ 5867/09",סרגיי קרביאשוילי נ. מדינת ישראל,homicide_other,defendant,none,א' פרוקצ'יה | ע' ארבל | א' רובינשטיין,2009-06-09,,2009-06-09,2010-06-21,0
HUGGINGFACE-28428c467a93,"ע""פ 7392/06",מוחמד אבו סאלח נ. מדינת ישראל,homicide_murder,defendant,none,ס' ג'ובראן | י' דנציגר | נ' הנדל,2006-08-06,2005-04-08,2006-08-06,2010-06-27,1
HUGGINGFACE-63fbea044b91,"ע""פ 6952/07",אמיל רפאילוב נ. מדינת ישראל,homicide_murder,defendant,none,מ' נאור | ע' ארבל | נ' הנדל,2007-07-01,,2007-07-01,2010-06-27,0
HUGGINGFACE-f3ad25565ecf,"ע""פ 9338/08",מוחמד אלעוקה נ. מדינת ישראל,homicide_murder,defendant,none,א' א' לוי | ע' ארבל | נ' הנדל,2008-07-09,2001-07-17,2008-07-09,2010-06-28,1
HUGGINGFACE-fe313c45f127,"ע""פ 9623/07",יוחנן ברקאי נ. מדינת ישראל,homicide_murder,defendant,none,א' א' לוי | ע' ארבל | א' חיות,2007-10-09,,2007-10-09,2010-06-29,0
HUGGINGFACE-5c1fa5660db8,"ע""פ 8778/09",איאד אבו אל היג'א נ. מדינת ישראל,homicide_other,defendant,none,א' גרוניס | ס' ג'ובראן | נ' הנדל,2009-09-29,,2009-09-29,2010-07-05,0
HUGGINGFACE-6a0b745d118c,"ע""פ 6594/09",מחמד עוף נ. מדינת ישראל,homicide_murder,defendant,none,א' א' לוי | ע' ארבל | נ' הנדל,2009-07-08,,2009-07-08,2010-07-18,0
HUGGINGFACE-bc5c08144a18,"ע""פ 3626/10",חיים וייץ נ. מדינת ישראל,homicide_other,defendant,none,א' א' לוי | ע' ארבל | נ' הנדל,2010-03-14,,2010-03-14,2010-07-18,0
HUGGINGFACE-2ed9c0fd9780,"ע""פ 8133/09",שחר מזרחי נ. מדינת ישראל,homicide_other,defendant,sentence_increased_or_state_relief,ד' ביניש | א' גרוניס | מ' נאור,2009-09-03,,2009-09-03,2010-07-20,1
HUGGINGFACE-e41fa0adb336,"ע""פ 6452/09",קאסם עלי נ. מדינת ישראל,homicide_other,defendant,none,ס' ג'ובראן | ח' מלצר | י' דנציגר,2009-09-18,,2009-09-18,2010-07-21,0
HUGGINGFACE-6219821eee81,"ע""פ 960/09",מרדכי אבני נ. מדינת ישראל,homicide_murder,defendant,none,ס' ג'ובראן | י' דנציגר | נ' הנדל,2008-01-30,,2008-01-30,2010-07-28,0
HUGGINGFACE-d4707499513c,"ע""פ 9808/06",ירון סנקר נ. מדינת ישראל,homicide_murder,defendant,none,א' א' לוי | ס' ג'ובראן | י' עמית,2006-10-15,,2006-10-15,2010-07-28,0
HUGGINGFACE-fdcbba5c2b39,"ע""פ 4402/10",אברהם כהן נ. מדינת ישראל,homicide_murder,defendant,remand_or_new_hearing,ד' ביניש,2010-05-31,2010-05-24,2010-05-31,2010-08-07,1
HUGGINGFACE-67b0f34fb8bc,"ע""פ 6564/08",פיכרי מנצור נ. מדינת ישראל,homicide_murder,defendant,none,א' ריבלין | ח' מלצר | ע' פוגלמן,2008-06-17,2005-10-26,2008-06-17,2010-08-09,1
HUGGINGFACE-961913db6203,"ע""פ 4512/09","ד""ר סבטלנה רוסו-לופו נ. מדינת ישראל",homicide_other,defendant,none,מ' נאור | ס' ג'ובראן | י' דנציגר,2009-03-19,,2009-03-19,2010-08-30,0
HUGGINGFACE-07194af5f540,"ע""פ 5305/07",האני חסון נ. מדינת ישראל,homicide_murder,defendant,none,א' ריבלין | ע' ארבל | נ' הנדל,2007-04-29,,2007-04-29,2010-09-05,1
HUGGINGFACE-7d2e3c3d6417,"ע""פ 9275/06",סמיר אבו מוך נ. מדינת ישראל,homicide_murder,defendant,none,א' ריבלין | א' רובינשטיין | נ' הנדל,2006-08-24,2005-10-28,2006-08-24,2010-09-05,1
HUGGINGFACE-e9117a81dcc9,"ע""פ 194/08",סבטלנה אורית זורין נ. מדינת ישראל,homicide_murder,defendant,none,א' פרוקצ'יה | א' חיות | י' דנציגר,2007-11-08,,2007-11-08,2010-09-06,0
HUGGINGFACE-a1425cebb972,"ע""פ 5462/07",זידאן סואעד נ. מדינת ישראל,homicide_murder,defendant,none,א' א' לוי | א' רובינשטיין | ח' מלצר,2007-05-06,,2007-05-06,2010-09-11,0
HUGGINGFACE-eb19ba05ddfc,"ע""פ 5683/07",אורי גדקר נ. מדינת ישראל,homicide_murder,defendant,none,א' א' לוי | ע' ארבל | נ' הנדל,2007-05-28,,2007-05-28,2010-10-03,0
HUGGINGFACE-e05c17a7c2a7,"ע""פ 8208/07",אבי אלימלך נ. מדינת ישראל,homicide_other,defendant,none,א' חיות | י' דנציגר | נ' הנדל,2007-08-14,,2007-08-14,2010-10-10,0
HUGGINGFACE-17cdf128c9f3,"ע""פ 5954/06",יבגני סרנצ'וקוב נ. מדינת ישראל,homicide_murder,defendant,none,ד' ביניש | א' חיות | ח' מלצר,,,2009-10-13,2010-10-12,1
HUGGINGFACE-5141a8d90a41,"ע""פ 6903/09",נביל אבו נצירה נ. מדינת ישראל,homicide_other,defendant,sentence_relief_only,א' רובינשטיין | א' חיות | ע' פוגלמן,,,2009-10-28,2010-10-27,1
HUGGINGFACE-1b452baff0f6,"ע""פ 8974/07",הונצ'יאן לין נ. מדינת ישראל,homicide_murder,defendant,none,א' א' לוי | א' רובינשטיין | י' דנציגר,2007-09-09,2006-11-14,2007-09-09,2010-11-02,1
HUGGINGFACE-64ad29ed04b9,"ע""פ 3768/08",אנואר סלאמה נ. מדינת ישראל,homicide_murder,defendant,none,א' א' לוי | א' חיות | י' עמית,2008-03-12,,2008-03-12,2010-11-06,0
HUGGINGFACE-614e80e8fc9a,"ע""פ 8058/10",נביל אבו חדיר נ. מדינת  ישראל,homicide_murder,defendant,none,ד' ביניש,2010-11-01,2009-11-26,2010-11-01,2010-11-13,1
HUGGINGFACE-bef59bdf74dd,"ע""פ 1856/10",סלים ספיה נ. מדינת ישראל,homicide_murder,defendant,none,א' גרוניס | ס' ג'ובראן | י' דנציגר,2010-01-20,2009-12-21,2010-01-20,2010-11-21,1
HUGGINGFACE-e68fdf227656,"ע""פ 4720/09",שאדי סעיד נ. מדינת ישראל,homicide_murder,defendant,none,א' א' לוי | מ' נאור | י' דנציגר,2009-04-21,,2009-04-21,2010-11-24,0
HUGGINGFACE-ffc2037834c5,"ע""פ 6283/09",שמואל לוי נ. מדינת ישראל,homicide_other,defendant,none,א' א' לוי | מ' נאור | י' דנציגר,2009-06-21,,2009-06-21,2010-11-24,0
HUGGINGFACE-7f30aebba18a,"ע""פ 2977/10",חיים ניימן נ. מדינת ישראל,homicide_other,defendant,sentence_relief_only,א' א' לוי | מ' נאור | י' דנציגר,2010-02-18,,2010-02-18,2010-11-28,0
HUGGINGFACE-b52710b2c548,"ע""פ 3105/06",יצחק זוזיאשווילי נ. מדינת ישראל,homicide_murder,defendant,none,א' א' לוי | א' רובינשטיין | ס' ג'ובראן,2006-02-23,2004-07-19,2006-02-23,2010-12-01,1
HUGGINGFACE-fb004ce71c59,"ע""פ 2990/09",אזייב גוד נ. מדינת ישראל,homicide_other,defendant,none,מ' נאור | א' רובינשטיין | ס' ג'ובראן,2009-03-03,,2009-03-03,2010-12-13,0
HUGGINGFACE-ab5510f1c9d0,"ע""פ 211/10",איהאב גמבז נ. מדינת ישראל,homicide_other,defendant,none,מ' נאור | א' רובינשטיין | א' חיות,,,2009-12-22,2010-12-21,1
HUGGINGFACE-5ec893c90ed0,"ע""פ 9131/10",מואיד נאשף נ. מדינת ישראל,homicide_other,defendant,none,ד' ביניש,2010-12-08,,2010-12-08,2011-01-03,1
HUGGINGFACE-33edb928a24f,"ע""פ 2247/10",שלום ימיני נ. מדינת ישראל,homicide_other,defendant,conviction_modified_lesser_offense,א' א' לוי | ח' מלצר | י' עמית,2010-03-18,,2010-03-18,2011-01-11,1
HUGGINGFACE-e5f856f88a52,"ע""פ 4082/08",ולרי גורוביץ נ. מדינת ישראל,homicide_other,defendant,none,א' גרוניס | א' רובינשטיין | ס' ג'ובראן,2008-03-26,,2008-03-26,2011-01-12,0
HUGGINGFACE-b3a939fece3a,"ע""פ 7032/08",מונדר ג'באלי נ. מדינת ישראל,homicide_other,defendant,sentence_increased_or_state_relief,א' א' לוי | מ' נאור | ס' ג'ובראן,2008-06-24,,2008-06-24,2011-01-16,0
HUGGINGFACE-f9fb8a26e3dc,"ע""פ 691/10",נתנאל קורש נ. מדינת ישראל,homicide_other,defendant,none,ע' ארבל | ח' מלצר | י' דנציגר,2009-12-14,,2009-12-14,2011-01-29,0
HUGGINGFACE-9a145251fbfa,"ע""פ 8828/08",מיכאל ניאזוב נ. מדינת ישראל,homicide_murder,defendant,none,א' רובינשטיין | ס' ג'ובראן | נ' הנדל,2008-03-17,2008-09-03,2008-03-17,2011-02-02,1
HUGGINGFACE-827b198c09f2,"ע""פ 9090/07",יוסי חזן נ. מדינת ישראל,homicide_other,defendant,none,מ' נאור | א' רובינשטיין | י' דנציגר,2007-09-10,,2007-09-10,2011-02-08,0
HUGGINGFACE-d2aa44671674,"ע""פ 3404/10",טהה עותמאן נ. מדינת ישראל,homicide_other,defendant,none,א' א' לוי | א' רובינשטיין | י' דנציגר,2010-03-22,,2010-03-22,2011-02-23,0
HUGGINGFACE-d9795360a936,"ע""פ 2518/10",מחמד זובידאת נ. מדינת ישראל,homicide_other,defendant,sentence_relief_only,א' א' לוי | א' רובינשטיין | י' דנציגר,2010-03-16,,2010-03-16,2011-02-23,0
HUGGINGFACE-3f412057428f,"ע""פ 10365/08",מאהר אלעיסווי נ. מדינת ישראל,homicide_murder,defendant,none,א' פרוקצ'יה | א' רובינשטיין | נ' הנדל,2008-11-03,,2008-11-03,2011-03-06,0
HUGGINGFACE-a3a5d368607b,"ע""פ 140/10",פיסל חלילה נ. מדינת ישראל,homicide_other,defendant,none,א' גרוניס | מ' נאור | נ' הנדל,2009-12-13,,2009-12-13,2011-03-08,0
HUGGINGFACE-d6ea8e479798,"ע""פ 40/10",ראוסוב קונסטנטין נ. מדינת ישראל,homicide_murder,defendant,none,א' ריבלין | א' רובינשטיין | ס' ג'ובראן,2009-11-30,,2009-11-30,2011-03-29,0
HUGGINGFACE-28f722aa0bf0,"ע""פ 6809/09",ויאצסלב מלינובסקי נ. מדינת ישראל,homicide_other,defendant,none,ע' ארבל | ח' מלצר | י' דנציגר,2009-06-15,,2009-06-15,2011-03-30,0
HUGGINGFACE-33fd5fb195a1,"ע""פ 373/10",אולגה בוריסוב נ. מדינת ישראל,homicide_other,defendant,none,א' א' לוי | א' רובינשטיין | י' דנציגר,2009-12-09,,2009-12-09,2011-04-02,0
HUGGINGFACE-37b980eaca08,"ע""פ 3115/09",אברהם אשכנזי נ. מדינת ישראל,homicide_murder,defendant,none,א' א' לוי | ס' ג'ובראן | י' דנציגר,2009-03-04,,2009-03-04,2011-04-12,0
HUGGINGFACE-906cf8306996,"ע""פ 310/09",שלום (צ'רלי) שטרית נ. מדינת ישראל,homicide_murder,defendant,none,א' רובינשטיין | ע' פוגלמן | י' עמית,,,2010-04-14,2011-04-13,1
HUGGINGFACE-7b4ccd3e74ed,"ע""פ 7961/09",אצראר ברגותי נ. מדינת ישראל,homicide_murder,defendant,none,ע' ארבל | י' דנציגר | נ' הנדל,2009-07-07,,2009-07-07,2011-05-15,0
HUGGINGFACE-01d7e0444b29,"ע""פ 4709/10",גיא פיצחדזה נ. מדינת ישראל,homicide_murder,defendant,none,א' רובינשטיין | ס' ג'ובראן | ח' מלצר,2010-05-03,,2010-05-03,2011-05-18,0
HUGGINGFACE-8f54a9dd70ce,"ע""פ 1725/06",מרים טאראבין נ. מדינת ישראל,homicide_murder,defendant,none,(בדימ') א' פרוקצ'יה | ע' ארבל | ח' מלצר,2006-01-19,,2006-01-19,2011-05-24,1
HUGGINGFACE-a02b271802c3,"ע""פ 8564/07",דוד גונצר נ. מדינת ישראל,homicide_murder,defendant,none,א' רובינשטיין | ס' ג'ובראן | נ' הנדל,2007-09-20,2007-09-20,2007-09-20,2011-05-24,1
HUGGINGFACE-c2d7d1a225d0,"ע""פ 5640/10",מאג'ד חילס נ. מדינת ישראל,homicide_murder,defendant,none,ד' ביניש | א' א' לוי | ע' ארבל,2010-05-26,,2010-05-26,2011-05-31,0
HUGGINGFACE-526e5660d02f,"ע""פ 9035/10",סלימאן שוויש נ. מדינת ישראל,homicide_other,defendant,none,א' א' לוי | ח' מלצר | י' עמית,2010-04-22,,2010-04-22,2011-06-14,0
HUGGINGFACE-2ececa4f0f1e,"ע""פ 5935/09",תאמר טרשה נ. מדינת ישראל,homicide_murder,defendant,none,א' א' לוי | ע' ארבל | נ' הנדל,2009-06-10,,2009-06-10,2011-06-21,0
HUGGINGFACE-33f7b7cd6252,"ע""פ 8107/09",אמג'ד דענא נ. מדינת ישראל,homicide_murder,defendant,none,מ' נאור | י' דנציגר | ע' פוגלמן,2009-09-21,,2009-09-21,2011-06-26,1
HUGGINGFACE-10a31a6da9bf,"ע""פ 10238/09",קונסטנט בוצקרניקוב נ. מדינת ישראל,homicide_murder,defendant,none,מ' נאור | ס' ג'ובראן | י' דנציגר,2009-11-04,,2009-11-04,2011-07-03,0
HUGGINGFACE-ae0f363373af,"ע""פ 5764/09",שריף סאלמה נ. מדינת ישראל,homicide_murder,defendant,none,א' א' לוי | י' דנציגר | נ' הנדל,2009-06-14,,2009-06-14,2011-07-10,0
HUGGINGFACE-686e90bb4154,"ע""פ 275/09",עאהד ע'ולמה נ. מדינת ישראל,homicide_murder,defendant,none,א' ריבלין | א' רובינשטיין | ס' ג'ובראן,2008-12-01,2001-10-17,2008-12-01,2011-07-27,1
HUGGINGFACE-df466b089ed1,"ע""פ 4398/09",איהאב חמוד נ. מדינת ישראל,homicide_murder,defendant,none,א' א' לוי | מ' נאור | י' דנציגר,2009-04-07,,2009-04-07,2011-07-31,0
HUGGINGFACE-09b2600aa376,"ע""פ 8287/05",גורם בחטרזה נ. מדינת ישראל,homicide_murder,defendant,none,א' א' לוי | א' חיות | י' עמית,,2003-06-03,2010-08-11,2011-08-10,1
HUGGINGFACE-958307fd164b,"ע""פ 3056/10",סאמר עבדאללה נ. מדינת ישראל,homicide_other,defendant,none,ע' ארבל | ח' מלצר | ע' פוגלמן,,,2010-09-05,2011-09-04,1
HUGGINGFACE-e3f55aa10d4d,"ע""פ 1776/06",עבאס אל סיד נ. מדינת ישראל,homicide_murder,defendant,none,א' א' לוי | ח' מלצר | נ' הנדל,2006-01-10,,2006-01-10,2011-09-04,0
HUGGINGFACE-a64265b76ba5,"ע""פ 8146/09",אלי אבשלום נ. מדינת ישראל,homicide_other,defendant,none,א' א' לוי | ח' מלצר | י' עמית,,,2010-09-08,2011-09-07,1
HUGGINGFACE-7cfb31c4d3d1,"ע""פ 1210/10",אריה אבוטבול נ. מדינת ישראל,homicide_other,defendant,none,א' א' לוי | ס' ג'ובראן | י' עמית,2009-12-28,,2009-12-28,2011-09-10,1
HUGGINGFACE-0d39ef6675b2,"ע""פ 6524/10",מיכאל לנין נ. מדינת ישראל,homicide_other,defendant,none,א' א' לוי | א' גרוניס | א' רובינשטיין,2010-06-22,,2010-06-22,2011-09-14,0
HUGGINGFACE-9adf8ef65d0f,"ע""פ 7355/08",דודי בר יוסף נ. מדינת ישראל,homicide_murder,defendant,none,א' א' לוי | א' גרוניס | ח' מלצר,2008-07-15,,2008-07-15,2011-09-20,1
HUGGINGFACE-796f7cd994be,"ע""פ 3753/11",וגד'י ח'דר נ. מדינת ישראל,homicide_other,defendant,none,א' א' לוי | מ' נאור | ח' מלצר,2011-04-17,,2011-04-17,2011-09-24,0
HUGGINGFACE-12c9680d74b2,"ע""פ 8748/08",ירון ברכה נ. מדינת ישראל,homicide_other,defendant,none,א' גרוניס | א' רובינשטיין | א' חיות,2008-09-18,,2008-09-18,2011-10-09,0
HUGGINGFACE-40ad82df32bf,"ע""פ 1941/10",עידן לוי חסדאי נ. מדינת ישראל,homicide_other,defendant,sentence_relief_only,א' ריבלין | ע' פוגלמן | י' עמית,2010-01-25,,2010-01-25,2011-11-07,1
HUGGINGFACE-7b0eb4b46fc1,"ע""פ 2869/09",חמד זינאתי נ. מדינת ישראל,homicide_murder,defendant,conviction_reversed_or_acquittal,(בדימ') א' א' לוי | ס' ג'ובראן | י' דנציגר,2009-02-15,2007-10-08,2009-02-15,2011-11-08,1
HUGGINGFACE-c4b0032e5458,"ע""פ 7477/08",איתן גץ נ. מדינת ישראל,homicide_murder,defendant,none,ע' ארבל | ס' ג'ובראן | י' דנציגר,2008-07-03,,2008-07-03,2011-11-13,0
HUGGINGFACE-8fe0569c7339,"ע""פ 5956/08",סלימאן אל עוקה נ. מדינת ישראל,homicide_murder,defendant,none,ס' ג'ובראן | י' דנציגר | נ' הנדל,2008-05-22,2001-07-17,2008-05-22,2011-11-22,1
HUGGINGFACE-a76e69a724d4,"ע""פ 2098/08",אוסאמה פרעוני נ. מדינת ישראל,homicide_murder,defendant,sentence_relief_only,מ' נאור | י' דנציגר | נ' הנדל,2008-01-20,2006-06-19,2008-01-20,2011-12-27,1
HUGGINGFACE-ba8c1575b41d,"ע""פ 8328/05",יצחקי מיכני נ. מדינת ישראל,homicide_murder,defendant,none,א' רובינשטיין | נ' הנדל | י' עמית,2005-07-11,,2005-07-11,2012-01-01,1
HUGGINGFACE-bf506d6e5e78,"ע""פ 10342/06",מאיר צדיק נ. מדינת ישראל,homicide_murder,defendant,none,מ' נאור | ע' ארבל | ע' פוגלמן,2006-11-09,,2006-11-09,2012-01-01,0
HUGGINGFACE-90ccd18272f2,"ע""פ 2842/10",נוי קלדרון נ. מדינת ישראל,homicide_other,defendant,none,א' רובינשטיין | ס' ג'ובראן | ח' מלצר,2010-03-01,,2010-03-01,2012-01-22,0
HUGGINGFACE-9c6a41d26f75,"ע""פ 4383/06",יוסף דנינו נ. מדינת ישראל,homicide_murder,defendant,none,א' ריבלין | א' חיות | ח' מלצר,2006-10-03,,2006-10-03,2012-01-24,0
HUGGINGFACE-c7c04ba45065,"ע""פ 9484/06",רוזה דהן נ. מדינת ישראל,homicide_murder,defendant,none,א' ריבלין | א' חיות | ח' מלצר,2006-10-03,,2006-10-03,2012-01-24,0
HUGGINGFACE-7e96aca655df,"ע""פ 4077/10",מוראד עותמאן נ. מדינת ישראל,homicide_murder,defendant,sentence_relief_only,א' ריבלין | ח' מלצר | נ' הנדל,2009-09-24,,2009-09-24,2012-02-14,1
HUGGINGFACE-00ab1bad61ad,"ע""פ 6972/09",פרנסואה אבוטבול נ. מדינת ישראל,homicide_murder,defendant,none,א' רובינשטיין | א' חיות | י' דנציגר,2009-07-05,,2009-07-05,2012-02-26,0
HUGGINGFACE-6b7a8d4765b7,"ע""פ 9628/09",בת אל שרעבי נ. מדינת ישראל,homicide_other,defendant,none,א' רובינשטיין | ס' ג'ובראן | ח' מלצר,,,2011-03-02,2012-02-29,1
HUGGINGFACE-273acdc3c869,"ע""פ 2196/10",מוחמד אגבריה נ. מדינת ישראל,homicide_other,defendant,none,א' רובינשטיין | י' עמית | נ' סולברג,2010-02-14,,2010-02-14,2012-03-07,0
HUGGINGFACE-e0d4db495880,"ע""פ 5420/11",אחמד זידאן נ. מדינת ישראל,homicide_other,defendant,none,א' ריבלין | ע' פוגלמן | נ' סולברג,2011-06-06,,2011-06-06,2012-03-07,1
HUGGINGFACE-73823124bf3c,"ע""פ 2772/11",מימון נחמני נ. מדינת ישראל,homicide_other,defendant,sentence_relief_only,ס' ג'ובראן | י' דנציגר | נ' סולברג,2011-02-24,,2011-02-24,2012-03-20,1
HUGGINGFACE-b2f9cd7cc5ec,"ע""פ 3627/11",יוסף פיאד נ. מדינת ישראל,homicide_murder,defendant,none,ס' ג'ובראן | ח' מלצר | נ' הנדל,2011-03-29,,2011-03-29,2012-03-20,1
HUGGINGFACE-a12bb3039904,"ע""פ 2562/10",מוחמד באדיר נ. מדינת ישראל,homicide_murder,defendant,none,א' גרוניס | ע' ארבל | נ' הנדל,2010-03-04,,2010-03-04,2012-04-01,0
HUGGINGFACE-c6b2072f1b4c,"ע""פ 1948/09",איברהים אבו סבחה נ. מדינת ישראל,homicide_murder,defendant,sentence_relief_only,מ' נאור | א' רובינשטיין | ס' ג'ובראן,2008-12-24,,2008-12-24,2012-04-22,0
HUGGINGFACE-84952f1dc5f5,"ע""פ 7062/10",ציון אוחיון נ. מדינת ישראל,homicide_other,defendant,none,מ' נאור | י' דנציגר | נ' סולברג,2010-08-25,,2010-08-25,2012-04-24,1
HUGGINGFACE-728ebf11b386,"ע""פ 9703/09",מלקה בהטה נ. מדינת ישראל,homicide_murder,defendant,sentence_relief_only,א' רובינשטיין | י' עמית | נ' סולברג,2009-10-21,,2009-10-21,2012-04-29,0
HUGGINGFACE-30e7912f973c,"ע""פ 5/10",חאלד מוסא נ. מדינת ישראל,homicide_murder,defendant,none,ע' ארבל | נ' הנדל | י' עמית,,,2011-05-03,2012-05-01,1
HUGGINGFACE-171bacc7d00c,"ע""פ 213/09",מוחמד בושקאר נ. מדינת ישראל,homicide_other,defendant,none,א' רובינשטיין | י' דנציגר | נ' סולברג,2008-11-24,,2008-11-24,2012-05-07,0
HUGGINGFACE-3a2e3f133fc5,"ע""פ 5693/10",דוד תורג'מן נ. מדינת ישראל,homicide_other,defendant,none,מ' נאור | א' רובינשטיין | צ' זילברטל,2010-06-14,,2010-06-14,2012-05-08,0
HUGGINGFACE-aa5bab886762,"ע""פ 2979/10",ישראל גלבך נ. מדינת ישראל,homicide_other,defendant,conviction_modified_lesser_offense,א' גרוניס | ע' ארבל | י' דנציגר,2010-02-18,,2010-02-18,2012-05-15,1
HUGGINGFACE-68e246db85a3,"ע""פ 7144/11",מוחמד מחאמיד נ. מדינת ישראל,homicide_other,defendant,none,ס' ג'ובראן | י' דנציגר | נ' סולברג,2011-09-19,,2011-09-19,2012-05-16,0
HUGGINGFACE-f14f18e6df5c,"ע""פ 2270/10",אושרי גז נ. מדינת ישראל,homicide_murder,defendant,none,א' ריבלין (בדימ') | נ' הנדל | נ' סולברג,2011-01-03,2006-11-18,2011-01-03,2012-05-30,1
HUGGINGFACE-b6a33301b63d,"ע""פ 6041/10",איוב אבו סיאם נ. מדינת ישראל,homicide_other,defendant,none,א' רובינשטיין | נ' הנדל | צ' זילברטל,2010-07-15,,2010-07-15,2012-06-06,0
HUGGINGFACE-2d76be2fa1a6,"ע""פ 4697/10",עבד אל רחמן ג'ראדאת נ. מדינת ישראל,homicide_other,defendant,none,ע' ארבל | א' רובינשטיין | צ' זילברטל,2010-05-03,,2010-05-03,2012-06-17,0
HUGGINGFACE-9a62f37349dc,"ע""פ 10091/09",שפירוב חיים נ. מדינת ישראל,homicide_murder,defendant,none,א' רובינשטיין | י' עמית | נ' סולברג,,,2011-06-26,2012-06-24,1
HUGGINGFACE-680e59c0eeec,"ע""פ 2359/11",עימאד חמד נ. מדינת ישראל,homicide_murder,defendant,none,מ' נאור | י' דנציגר | א' שהם,2011-02-20,,2011-02-20,2012-06-27,0
HUGGINGFACE-d59711ada206,"ע""פ 7300/09",דרור חכמון נ. מדינת ישראל,homicide_murder,defendant,none,ס' ג'ובראן | י' דנציגר | ד' ברק-ארז,2009-09-02,2006-06-06,2009-09-02,2012-07-03,1
HUGGINGFACE-2a8fcaf3a65e,"ע""פ 7010/09",איבתור אבשלומוב נ. מדינת ישראל,homicide_murder,defendant,none,א' רובינשטיין | ע' פוגלמן | י' עמית,2008-05-14,2008-02-11,2008-05-14,2012-07-04,1
HUGGINGFACE-a8654325cb85,"ע""פ 7721/11",עבד אל רחים זובידאת נ. מדינת ישראל,homicide_other,defendant,conviction_modified_lesser_offense,ע' ארבל | נ' הנדל | ד' ברק-ארז,2011-09-06,,2011-09-06,2012-07-15,0
HUGGINGFACE-aecd1b040b34,"ע""פ 6327/10",סופין אבו מוסטפא נ. מדינת ישראל,homicide_murder,defendant,none,ס' ג'ובראן | ח' מלצר | נ' סולברג,2010-07-15,,2010-07-15,2012-07-16,0
HUGGINGFACE-2fdac57da77e,"ע""פ 6095/10",אכרמי חאג' יחיא נ. מדינת ישראל,homicide_other,defendant,sentence_relief_only,ס' ג'ובראן | ח' מלצר | נ' סולברג,2010-07-14,,2010-07-14,2012-07-17,0
HUGGINGFACE-91ac0bc4940c,"ע""פ 8273/07",חוסין כואזבה נ. מדינת ישראל,homicide_murder,defendant,none,ע' ארבל | נ' הנדל | ע' פוגלמן,2007-08-19,2004-08-17,2007-08-19,2012-07-17,1
HUGGINGFACE-e754aa1ad220,"ע""פ 3920/09",מוחמד ח'גאזי נ. מדינת ישראל,homicide_murder,defendant,none,ס' ג'ובראן | י' דנציגר | ד' ברק-ארז,2009-03-23,,2009-03-23,2012-07-17,0
HUGGINGFACE-5bd26e997c52,"ע""פ 8356/10",רמזי אבו רידה נ. מדינת ישראל,homicide_murder,defendant,none,מ' נאור | י' עמית | נ' סולברג,2010-10-18,,2010-10-18,2012-07-29,0
HUGGINGFACE-d68190cfe7da,"ע""פ 10153/07",אשרף בן נזמי קייסי נ. מדינת ישראל,homicide_murder,defendant,none,ע' ארבל | א' חיות | ד' ברק-ארז,2007-10-18,,2007-10-18,2012-07-29,1
HUGGINGFACE-561c92a295cf,"ע""פ 9423/10",סעיד טראבין נ. מדינת ישראל,homicide_murder,defendant,none,מ' נאור | נ' הנדל | ד' ברק-ארז,2010-10-18,,2010-10-18,2012-07-30,0
HUGGINGFACE-1fd94c5360dd,"ע""פ 5797/11",רוי צסן נ. מדינת ישראל,homicide_murder,defendant,none,א' חיות | ח' מלצר | א' שהם,2011-03-14,2010-02-24,2011-03-14,2012-08-04,1
HUGGINGFACE-d649eba6e433,"ע""פ 5656/11",אלכסיי שולמן נ. מדינת ישראל,homicide_other,defendant,none,א' רובינשטיין | נ' הנדל | א' שהם,2011-06-21,,2011-06-21,2012-08-04,0
HUGGINGFACE-97c44c68ae21,"ע""פ 10049/08",ראתב אבו עצא נ. מדינת ישראל,homicide_murder,defendant,none,מ' נאור | ס' ג'ובראן | י' דנציגר,2008-10-23,2011-08-14,2008-10-23,2012-08-22,1
HUGGINGFACE-ae999ea68878,"ע""פ 6968/09",ג'האד יונס נ. מדינת ישראל,homicide_other,defendant,none,ס' ג'ובראן | י' עמית | א' שהם,2009-05-24,,2009-05-24,2012-08-29,0
HUGGINGFACE-497264861412,"ע""פ 3751/11",עלי אבו טראש נ. מדינת ישראל,homicide_other,defendant,conviction_reversed_or_acquittal,א' רובינשטיין | נ' הנדל | נ' סולברג,2011-04-14,,2011-04-14,2012-09-01,0
HUGGINGFACE-1f567446e73b,"ע""פ 4514/10",מוחמד דיבה נ. מדינת ישראל,homicide_murder,defendant,none,א' רובינשטיין | ס' ג'ובראן | י' דנציגר,2010-04-28,2008-11-22,2010-04-28,2012-09-02,1
HUGGINGFACE-80e678d4cccb,"ע""פ 10209/06",אניס אל הייזל נ. מדינת ישראל,homicide_murder,defendant,none,א' רובינשטיין | ח' מלצר | צ' זילברטל,2006-10-24,,2006-10-24,2012-09-02,0
HUGGINGFACE-92711143bcdc,"ע""פ 6106/09",חוסם מטר נ. מדינת ישראל,homicide_murder,defendant,none,ס' ג'ובראן | י' דנציגר | ד' ברק-ארז,2009-06-10,,2009-06-10,2012-09-05,0
HUGGINGFACE-deb1b58b307a,"ע""פ 1577/10",איאד מוחמד שאמי נ. מדינת ישראל,homicide_murder,defendant,none,מ' נאור | ע' פוגלמן | א' שהם,2010-01-12,,2010-01-12,2012-09-11,0
HUGGINGFACE-85c9bfe33955,"ע""פ 3156/10",ולרי אדמוב נ. מדינת ישראל,homicide_murder,defendant,none,מ' נאור | ח' מלצר | י' דנציגר,2010-03-21,,2010-03-21,2012-10-15,0
HUGGINGFACE-42a1d1735b30,"ע""פ 502/10",מחמוד מחאמיד נ. מדינת ישראל,homicide_murder,defendant,none,ס' ג'ובראן | י' עמית | א' שהם,2009-12-06,2008-10-09,2009-12-06,2012-10-21,1
HUGGINGFACE-4ec32755a96f,"ע""פ 5486/10",דפאע אבו עאדרה נ. מדינת ישראל,homicide_murder,defendant,none,מ' נאור | נ' סולברג | ד' ברק-ארז,2010-05-26,,2010-05-26,2012-10-22,0
HUGGINGFACE-3878b98c91ad,"ע""פ 7000/10",יעקוב אלפידל נ. מדינת ישראל,homicide_other,defendant,none,מ' נאור | ע' פוגלמן | א' שהם,2010-09-20,,2010-09-20,2012-10-24,0
HUGGINGFACE-d58a7bbab08b,"ע""פ 6265/11",אביב בן בסט נ. מדינת ישראל,homicide_other,defendant,none,י' דנציגר | י' עמית | צ' זילברטל,2011-07-18,,2011-07-18,2012-10-27,0
HUGGINGFACE-df8306e252ab,"ע""פ 1864/11",עזיז דוידוב נ. מדינת ישראל,homicide_murder,defendant,sentence_relief_only,ס' ג'ובראן | י' עמית | נ' סולברג,2011-02-16,,2011-02-16,2012-11-06,0
HUGGINGFACE-d4e0c2ce9af3,"ע""פ 8704/09",יחזקאל באשה נ. מדינת ישראל,homicide_murder,defendant,none,ס' ג'ובראן | נ' הנדל | י' עמית,,,2011-11-12,2012-11-10,1
HUGGINGFACE-408a64961536,"ע""פ 520/12",חגי נאור דנינו לוי נ. מדינת ישראל,homicide_other,defendant,none,א' רובינשטיין | י' דנציגר | ד' ברק-ארז,2011-12-04,,2011-12-04,2012-11-13,0
HUGGINGFACE-84657f87d3b0,"ע""פ 4394/12",יהושע בלום נ. מדינת ישראל,homicide_other,defendant,none,ס' ג'ובראן | ח' מלצר | צ' זילברטל,2012-04-22,,2012-04-22,2012-11-14,0
HUGGINGFACE-fcc7634808b7,"ע""פ 8902/11",ניר ניסים חזיזה נ. מדינת ישראל,homicide_murder,defendant,none,י' דנציגר | ע' פוגלמן | ד' ברק-ארז,2011-11-13,,2011-11-13,2012-11-14,0
HUGGINGFACE-0f0b5ed95038,"ע""פ 3623/11",נביל פרעוני נ. מדינת ישראל,homicide_murder,defendant,none,מ' נאור | ח' מלצר | י' דנציגר,2011-03-31,,2011-03-31,2012-11-25,0
HUGGINGFACE-da61f822abad,"ע""פ 6385/11",עדי בניטה נ. מדינת ישראל,homicide_murder,defendant,sentence_relief_only,מ' נאור | צ' זילברטל | ד' ברק-ארז,2011-06-23,,2011-06-23,2012-12-02,0
HUGGINGFACE-97fdcec0b7a1,"ע""פ 6187/10",גידאי קפיאלאו נ. מדינת ישראל,homicide_murder,defendant,conviction_reversed_or_acquittal,א' רובינשטיין | ח' מלצר | צ' זילברטל,2010-07-07,,2010-07-07,2012-12-04,0
HUGGINGFACE-caed7ce3c636,"ע""פ 2933/08",שלגין אנג'ל נ. מדינת ישראל,homicide_murder,defendant,none,ס' ג'ובראן | י' דנציגר | נ' סולברג,,,2011-12-06,2012-12-04,1
HUGGINGFACE-084fbf73bd39,"ע""פ 5606/10",דוד בוניפד נ. מדינת ישראל,homicide_murder,defendant,sentence_relief_only,ס' ג'ובראן | ח' מלצר | ד' ברק-ארז,2010-06-30,,2010-06-30,2012-12-18,1
HUGGINGFACE-be885b99cdc4,"ע""פ 6415/11",אנדרי פולוחין נ. מדינת ישראל,homicide_murder,defendant,none,א' גרוניס | א' חיות | א' שהם,2011-04-26,,2011-04-26,2012-12-23,0
HUGGINGFACE-888de4ae3895,"ע""פ 8667/10",עיסאם ניג'ם נ. מדינת ישראל,homicide_murder,defendant,none,ס' ג'ובראן | נ' הנדל | נ' סולברג,2010-09-06,2009-05-23,2010-09-06,2012-12-26,1
HUGGINGFACE-68561d2c1001,"ע""פ 6908/10",רן דוד נ. מדינת ישראל,homicide_murder,defendant,none,י' דנציגר | נ' הנדל | צ' זילברטל,2010-04-22,2010-04-22,2010-04-22,2013-01-01,1
HUGGINGFACE-ad670f569e96,"ע""פ 608/11",סאלח כליפה נ. מדינת ישראל,homicide_murder,defendant,sentence_relief_only,ע' ארבל | י' עמית | ד' ברק-ארז,,,2012-01-04,2013-01-02,1
HUGGINGFACE-19a9eb2d4539,"ע""פ 1902/10",מאיר אדרי נ. מדינת ישראל,homicide_murder,defendant,none,ס' ג'ובראן | ח' מלצר | צ' זילברטל,2009-01-14,,2009-01-14,2013-01-06,0
HUGGINGFACE-794428b4b6e0,"ע""פ 6477/10",וודגה מינליק נ. מדינת ישראל,homicide_other,defendant,none,מ' נאור | א' חיות | נ' סולברג,2010-07-28,,2010-07-28,2013-01-07,1
HUGGINGFACE-8896bed32892,"ע""פ 5581/11",זיראי אדרה נ. מדינת ישראל,homicide_murder,defendant,none,ס' ג'ובראן | י' עמית | א' שהם,2011-07-18,,2011-07-18,2013-01-30,0
HUGGINGFACE-321f6c5aee0a,"ע""פ 2560/11",שאקר אבו מור נ. מדינת ישראל,homicide_murder,defendant,none,ע' ארבל | י' דנציגר | נ' סולברג,2011-02-20,,2011-02-20,2013-02-06,1
HUGGINGFACE-d1b5535b9a4e,"ע""פ 1338/10",יעקב חפותה נ. מדינת ישראל,homicide_murder,defendant,sentence_relief_only,י' דנציגר | י' עמית | ד' ברק-ארז,2010-01-25,,2010-01-25,2013-02-06,0
HUGGINGFACE-f17cb61d7dc3,"ע""פ 2823/10",דרור דיין נ. מדינת ישראל,homicide_murder,defendant,none,י' דנציגר | י' עמית | ד' ברק-ארז,2010-03-03,,2010-03-03,2013-02-06,1
HUGGINGFACE-8250571b69a0,"ע""פ 8743/09",בוריס מנקין נ. מדינת ישראל,homicide_murder,defendant,none,א' רובינשטיין | ס' ג'ובראן | י' דנציגר,2009-09-15,2009-09-15,2009-09-15,2013-02-12,1
HUGGINGFACE-46b423aafcbd,"ע""פ 1612/10",גיורא קורצקי נ. מדינת ישראל,homicide_murder,defendant,none,ס' ג'ובראן | י' דנציגר | נ' סולברג,2010-01-21,2008-08-17,2010-01-21,2013-02-17,1
HUGGINGFACE-fbb80e8aa6ec,"ע""פ 131/08",איהאב זידאן נ. מדינת ישראל,homicide_murder,defendant,none,ע' ארבל | צ' זילברטל | ד' ברק-ארז,2007-12-02,,2007-12-02,2013-02-19,1
HUGGINGFACE-0e798a715c64,"ע""פ 3953/10",שמעון לוי נ. מדינת ישראל,homicide_murder,defendant,sentence_relief_only,א' רובינשטיין | א' חיות | א' שהם,2010-04-27,2007-04-06,2010-04-27,2013-03-05,1
HUGGINGFACE-4f81de02ef51,"ע""פ 3834/10",שמעון והבה נ. מדינת ישראל,homicide_murder,defendant,sentence_relief_only,א' רובינשטיין | א' חיות | א' שהם,2010-04-27,2007-04-06,2010-04-27,2013-03-05,1
HUGGINGFACE-04b22a1c65fe,"ע""פ 6331/11",יאסר אשתיי נ. מדינת ישראל,homicide_murder,defendant,none,א' גרוניס | נ' סולברג | א' שהם,2011-07-12,,2011-07-12,2013-03-06,0
HUGGINGFACE-4eefdb33e5fc,"ע""פ 6221/11",איוונוב ויאצסלב נ. מדינת ישראל,homicide_murder,defendant,none,מ' נאור | א' חיות | נ' הנדל,2011-07-19,,2011-07-19,2013-03-06,0
HUGGINGFACE-922189ffb887,"ע""פ 7408/09",אילן גדו נ. מדינת ישראל,homicide_murder,defendant,none,ס' ג'ובראן | ע' פוגלמן | צ' זילברטל,2009-09-01,2009-01-06,2009-09-01,2013-03-09,1
HUGGINGFACE-744e14a1a221,"ע""פ 8349/12",רמי גראב נ. מדינת ישראל,homicide_other,defendant,none,א' רובינשטיין | נ' הנדל | א' שהם,2012-11-01,,2012-11-01,2013-03-12,0
HUGGINGFACE-c74a3791132c,"ע""פ 5224/10",אביאור אברהם נ. מדינת ישראל,homicide_murder,defendant,none,ס' ג'ובראן | נ' הנדל | ד' ברק-ארז,2010-05-25,,2010-05-25,2013-03-13,0
HUGGINGFACE-53998ac33c66,"ע""פ 3132/10",מחמוד שעלאן נ. מדינת ישראל,homicide_murder,defendant,none,ע' ארבל | נ' הנדל | ד' ברק-ארז,2010-03-18,2008-08-13,2010-03-18,2013-03-20,1
HUGGINGFACE-a7b1587b8301,"ע""פ 1682/12",ולדימיר גוטליוב נ. מדינת ישראל,homicide_other,defendant,none,ס' ג'ובראן | ח' מלצר | א' שהם,2012-02-13,,2012-02-13,2013-04-06,0
HUGGINGFACE-257da275fa5a,"ע""פ 10472/09",מוחמד מובארק נ. מדינת ישראל,homicide_murder,defendant,sentence_relief_only,מ' נאור | נ' הנדל | י' עמית,2009-11-17,2007-04-30,2009-11-17,2013-04-09,1
HUGGINGFACE-51e59d2154e0,"ע""פ 6144/10",טדרוס גטצאו נ. מדינת ישראל,homicide_murder,defendant,none,ס' ג'ובראן | י' עמית | א' שהם,2010-07-19,2010-07-19,2010-07-19,2013-04-09,1
HUGGINGFACE-648fb82488dd,"ע""פ 10477/09",פריד אלענמי נ. מדינת ישראל,homicide_murder,defendant,sentence_relief_only,מ' נאור | נ' הנדל | י' עמית,2009-11-17,2007-04-30,2009-11-17,2013-04-09,1
HUGGINGFACE-c55ace11c5e8,"ע""פ 1844/12",מוחמד עואדה נ. מדינת ישראל,homicide_murder,defendant,sentence_relief_only,מ' נאור | י' דנציגר | נ' סולברג,2012-01-17,,2012-01-17,2013-04-29,0
HUGGINGFACE-b087bad42aa9,"ע""פ 6522/10",רחל זהבי נקר נ. מדינת ישראל,homicide_murder,defendant,sentence_relief_only,א' גרוניס | א' רובינשטיין | ע' פוגלמן,2010-06-20,,2010-06-20,2013-05-01,0
HUGGINGFACE-99c4a9b97bcf,"ע""פ 6224/11",נור אבו רומי נ. מדינת ישראל,homicide_other,defendant,sentence_relief_only,ע' ארבל | ח' מלצר | נ' הנדל,2011-06-21,,2011-06-21,2013-05-18,0
HUGGINGFACE-fdf8bb131075,"ע""פ 5417/07",ניקולאי בונר נ. מדינת ישראל,homicide_murder,defendant,none,ס' ג'ובראן | י' עמית | א' שהם,2007-05-06,2005-06-30,2007-05-06,2013-05-29,1
HUGGINGFACE-3debd445e6d8,"ע""פ 3206/11",מאיר ז'אנו נ. מדינת ישראל,homicide_murder,defendant,sentence_relief_only,מ' נאור | י' דנציגר | א' שהם,2011-03-15,,2011-03-15,2013-06-09,0
HUGGINGFACE-69ef284475ea,"ע""פ 6162/10",דוד כבאז נ. מדינת ישראל,homicide_murder,defendant,none,א' רובינשטיין | ח' מלצר | צ' זילברטל,2010-04-07,,2010-04-07,2013-06-10,0
HUGGINGFACE-339d6320b05c,"ע""פ 2376/12",מוחמד הינדאוי נ. מדינת ישראל,homicide_other,defendant,sentence_relief_only,ס' ג'ובראן | י' דנציגר | ד' ברק-ארז,2012-02-12,,2012-02-12,2013-06-22,0
HUGGINGFACE-3a5f7156703c,"ע""פ 1353/13",חמודה כארם נ. מדינת ישראל,homicide_other,defendant,sentence_relief_only,א' רובינשטיין | ח' מלצר | ד' ברק-ארז,2013-02-07,,2013-02-07,2013-06-26,0
HUGGINGFACE-f2789609abe6,"ע""פ 7534/11",שלומי מזרחי נ. מדינת ישראל,homicide_other,defendant,none,א' רובינשטיין | י' דנציגר | נ' סולברג,2011-09-18,,2011-09-18,2013-06-29,0
HUGGINGFACE-080535609159,"ע""פ 8279/11",טל מור נ. מדינת ישראל,homicide_other,defendant,none,י' דנציגר | נ' הנדל | צ' זילברטל,2011-10-23,,2011-10-23,2013-06-30,0
HUGGINGFACE-214d9ea2817a,"ע""פ 8833/11",גאזי כנען נ. מדינת ישראל,homicide_murder,defendant,sentence_relief_only,מ' נאור | ע' ארבל | נ' סולברג,2011-10-31,,2011-10-31,2013-06-30,0
HUGGINGFACE-2b2a9741b6a6,"ע""פ 9422/11",איתמר דהן נ. מדינת ישראל,homicide_other,defendant,none,ס' ג'ובראן | י' עמית | צ' זילברטל,,,2012-07-04,2013-07-03,1
HUGGINGFACE-9f083d3b76e6,"ע""פ 3452/11",איתמר שאלתיאל נ. מדינת ישראל,homicide_murder,defendant,none,ע' ארבל | ע' פוגלמן | ד' ברק-ארז,2011-03-22,2009-01-04,2011-03-22,2013-07-07,1
HUGGINGFACE-2881a0e73a1c,"ע""פ 690/10",יוסף אבו תיאה נ. מדינת ישראל,homicide_murder,defendant,none,א' רובינשטיין | ח' מלצר | צ' זילברטל,2009-12-10,,2009-12-10,2013-08-05,0
HUGGINGFACE-568ed638c69d,"ע""פ 6427/10",אליאב דגון נ. מדינת ישראל,homicide_murder,defendant,none,א' רובינשטיין | ח' מלצר | צ' זילברטל,2010-07-18,2008-11-18,2010-07-18,2013-08-05,1
HUGGINGFACE-f71ee8953507,"ע""פ 1988/12",שגיא גמליאל נ. מדינת ישראל,homicide_other,defendant,none,ס' ג'ובראן | ע' פוגלמן | ד' ברק-ארז,2012-01-29,,2012-01-29,2013-08-14,0
HUGGINGFACE-19ede5814949,"ע""פ 4178/10",פרג' עופי נ. מדינת ישראל,homicide_murder,defendant,none,ס' ג'ובראן | ח' מלצר | נ' סולברג,2010-04-18,2010-01-12,2010-04-18,2013-08-18,1
HUGGINGFACE-1457ff7b3fec,"ע""פ 5574/11",ואסים עאלם נ. מדינת ישראל,homicide_murder,defendant,sentence_relief_only,ס' ג'ובראן | ח' מלצר | א' שהם,2011-05-19,,2011-05-19,2013-08-19,0
HUGGINGFACE-4145b9ee8e75,"ע""פ 8107/10",ולד עזר נ. מדינת ישראל,homicide_murder,defendant,none,ס' ג'ובראן | נ' הנדל | א' שהם,2010-09-20,2011-03-01,2010-09-20,2013-09-08,1
HUGGINGFACE-8fc4387b130d,"ע""פ 3752/11",האיל אבו עואד נ. מדינת ישראל,homicide_murder,defendant,none,א' רובינשטיין | ח' מלצר | נ' סולברג,2011-04-13,,2011-04-13,2013-09-15,1
HUGGINGFACE-eebb83d1a882,"ע""פ 3222/13",זוארץ בר נ. מדינת ישראל,homicide_murder,defendant,sentence_relief_only,ע' ארבל | י' דנציגר | א' שהם,2013-03-20,,2013-03-20,2013-09-16,0
HUGGINGFACE-39e34723ef7d,"ע""פ 7651/11",עבד אלכרים ג'האלין נ. מדינת ישראל,homicide_other,defendant,sentence_relief_only,י' דנציגר | נ' הנדל | א' שהם,2011-09-12,,2011-09-12,2013-09-28,0
HUGGINGFACE-c6f2e479281f,"ע""פ 3284/12",רפי בראנץ נ. מדינת ישראל,homicide_other,defendant,sentence_relief_only,ע' ארבל | י' דנציגר | א' שהם,2012-03-11,,2012-03-11,2013-09-28,0
HUGGINGFACE-c755a0c5fe5b,"ע""פ 2507/11",אורן אוסקר נ. מדינת ישראל,homicide_murder,defendant,none,א' רובינשטיין | צ' זילברטל | א' שהם,2011-02-16,,2011-02-16,2013-09-29,0
HUGGINGFACE-d81503c9404e,"ע""פ 6504/10",עדוואן (יחיא) פרחאן נ. מדינת ישראל,homicide_murder,defendant,conviction_reversed_or_acquittal,א' רובינשטיין | צ' זילברטל | ד' ברק-ארז,2010-07-21,2009-05-20,2010-07-21,2013-10-01,1
HUGGINGFACE-0944e472bb9c,"ע""פ 7332/11",אמיר עטאללה נ. מדינת ישראל,homicide_other,defendant,sentence_relief_only,א' רובינשטיין | א' חיות | ד' ברק-ארז,2011-07-13,,2011-07-13,2013-10-05,1
HUGGINGFACE-778f55423d8a,"ע""פ 6379/11",אברהים בללאוי נ. מדינת ישראל,homicide_murder,defendant,none,מ' נאור | א' רובינשטיין | ד' ברק-ארז,2011-07-12,,2011-07-12,2013-10-06,0
HUGGINGFACE-d130633461e5,"ע""פ 9226/11",יגאל גוזלנד נ. מדינת ישראל,homicide_other,defendant,sentence_relief_only,ס' ג'ובראן | נ' הנדל | צ' זילברטל,2011-11-27,,2011-11-27,2013-10-07,0
HUGGINGFACE-be0006aa4fea,"ע""פ 8295/11",מחמד שקרא נ. מדינת ישראל,homicide_murder,defendant,none,י' דנציגר | נ' הנדל | א' שהם,2011-08-30,,2011-08-30,2013-10-09,0
HUGGINGFACE-a430d108dada,"ע""פ 3121/12",אהוד כדור נ. מדינת ישראל,homicide_other,defendant,none,א' רובינשטיין | י' דנציגר | צ' זילברטל,2012-03-11,,2012-03-11,2013-10-13,0
HUGGINGFACE-53cef6c5e26e,"ע""פ 3636/12",אוסאמה שוויקי נ. מדינת ישראל,homicide_murder,defendant,conviction_reversed_or_acquittal,א' רובינשטיין | ח' מלצר | ע' פוגלמן,2012-04-22,2010-09-23,2012-04-22,2013-10-19,1
HUGGINGFACE-0f501f4d4e99,"ע""פ 6941/09",טלאהון מתוקן נ. מדינת ישראל,homicide_murder,defendant,none,ח' מלצר | י' עמית | ד' ברק-ארז,2009-06-14,,2009-06-14,2013-10-26,0
HUGGINGFACE-d13c15eb5ebd,"ע""פ 4764/12",נתנאל ביטון נ. מדינת ישראל,homicide_other,defendant,sentence_relief_only,ע' ארבל | א' רובינשטיין | ד' ברק-ארז,2012-04-17,,2012-04-17,2013-10-27,0
HUGGINGFACE-f02ede7891c2,"ע""פ 6274/12",מחמד אבו גראבה נ. מדינת ישראל,homicide_murder,defendant,sentence_relief_only,א' חיות | נ' הנדל | י' עמית,,,2012-10-31,2013-10-30,1
HUGGINGFACE-ef576b774c22,"ע""פ 1620/10",ניקולאי מצגורה נ. מדינת ישראל,homicide_murder,defendant,none,ס' ג'ובראן | י' דנציגר | נ' הנדל,2009-12-13,,2009-12-13,2013-12-02,1
HUGGINGFACE-4af2f9350dff,"ע""פ 8129/13",ג'לאל אבו טהה נ. מדינת ישראל,homicide_other,defendant,none,א ' גרוניס,2013-11-25,,2013-11-25,2013-12-05,0
HUGGINGFACE-ca0f44176702,"ע""פ 6414/11",נאהד חמיד נ. מדינת ישראל,homicide_murder,defendant,sentence_relief_only,י' דנציגר | ע' פוגלמן | א' שהם,2011-06-30,,2011-06-30,2013-12-22,0
HUGGINGFACE-ce630e1406e3,"ע""פ 2458/11",סרגיי סולוביוב נ. מדינת ישראל,homicide_murder,defendant,none,א' רובינשטיין | ס' ג'ובראן | א' שהם,2008-05-14,,2008-05-14,2014-01-06,0
HUGGINGFACE-bf9f231e6433,"ע""פ 5424/12",עלי בן מוחמד נ. מדינת ישראל,homicide_other,defendant,none,א' רובינשטיין | ס' ג'ובראן | א' שהם,2012-06-10,,2012-06-10,2014-01-07,0
HUGGINGFACE-bc6be7701d1e,"ע""פ 1426/12",אחמד מוזפר נ. מדינת ישראל,homicide_murder,defendant,none,ס' ג'ובראן | נ' הנדל | נ' סולברג,,,2013-01-16,2014-01-15,1
HUGGINGFACE-389a53382168,"ע""פ 8065/11",עפיף עומר נ. מדינת ישראל,homicide_murder,defendant,none,א' רובינשטיין | י' עמית | א' שהם,2009-07-15,2009-09-24,2009-07-15,2014-01-25,1
HUGGINGFACE-e43a24160e9c,"ע""פ 1548/13",יניב מלכה נ. מדינת ישראל,homicide_murder,defendant,sentence_relief_only,ח' מלצר | י' עמית | צ' זילברטל,2013-01-29,,2013-01-29,2014-01-26,0
HUGGINGFACE-4de2ae601644,"ע""פ 4841/13",עומר ספי נ. מדינת ישראל,homicide_murder,defendant,none,א' רובינשטיין | ס' ג'ובראן | י' עמית,2013-06-18,,2013-06-18,2014-02-05,0
HUGGINGFACE-74078834328b,"ע""פ 2108/12",מועתסם אבו גנאם נ. מדינת ישראל,homicide_other,defendant,sentence_relief_only,ס' ג'ובראן | נ' הנדל | א' שהם,2011-12-11,,2011-12-11,2014-02-09,0
HUGGINGFACE-105dd12eb553,"ע""פ 3004/12",פארס טארבין נ. מדינת ישראל,homicide_other,defendant,none,א' רובינשטיין | נ' הנדל | ד' ברק-ארז,2012-03-04,,2012-03-04,2014-02-19,0
HUGGINGFACE-67e3ba002d76,"ע""פ 6306/12",מחמד מהרה נ. מדינת ישראל,homicide_murder,defendant,sentence_relief_only,י' דנציגר | ע' פוגלמן | י' עמית,2012-07-12,,2012-07-12,2014-02-22,0
HUGGINGFACE-2ae13d59f76d,"ע""פ 6281/12",ניקולאי דורושב נ. מדינת ישראל,homicide_murder,defendant,none,מ' נאור | י' עמית | ד' ברק-ארז,,,2013-02-27,2014-02-26,1
HUGGINGFACE-8b75905889eb,"ע""פ 1007/13",רמזי אלבאלי נ. מדינת ישראל,homicide_murder,defendant,none,ח' מלצר | י' עמית | ד' ברק-ארז,,,2013-03-03,2014-03-02,1
HUGGINGFACE-b6d04c6c9ba5,"ע""פ 2471/13",מוחמד מזאריב נ. מדינת ישראל,homicide_other,defendant,sentence_relief_only,מ' נאור | נ' סולברג | א' שהם,2013-01-24,,2013-01-24,2014-03-02,1
HUGGINGFACE-c15fbfc17d1b,"ע""פ 329/13",סגונדו לוי ורגס נ. מדינת ישראל,homicide_other,defendant,none,י' דנציגר | ע' פוגלמן | א' שהם,2012-12-09,,2012-12-09,2014-03-08,0
HUGGINGFACE-2826f07f84d0,"ע""פ 5738/12",וולד גבריאל טסגזשב נ. מדינת ישראל,homicide_murder,defendant,none,י' דנציגר | ע' פוגלמן | א' שהם,2012-06-17,2012-05-06,2012-06-17,2014-03-09,1
HUGGINGFACE-dc5828365532,"ע""פ 1728/14",משה כהן נ. מדינת ישאל,homicide_other,defendant,none,א' גרוניס,2014-03-03,,2014-03-03,2014-03-09,1
HUGGINGFACE-1134c3043d0b,"ע""פ 9246/12",עמר חמאיסה נ. מדינת ישראל,homicide_murder,defendant,sentence_relief_only,א' רובינשטיין | ס' ג'ובראן | נ' סולברג,2012-11-12,,2012-11-12,2014-03-24,0
HUGGINGFACE-aa68b2cfbf2f,"ע""פ 8172/11",ילנה ורלין נ. מדינת ישראל,homicide_other,defendant,none,ס' ג'ובראן | י' דנציגר | נ' סולברג,2011-07-14,,2011-07-14,2014-04-08,0
HUGGINGFACE-7ebefe19a0e7,"ע""פ 9141/10",אברהם סטואר נ. מדינת ישראל,homicide_murder,defendant,none,א' רובינשטיין | ע' פוגלמן | ד' ברק-ארז,2010-10-28,2007-02-12,2010-10-28,2014-04-27,1
HUGGINGFACE-f445843cb5db,"ע""פ 211/13",נאשד בסול נ. מדינת ישראל,homicide_murder,defendant,none,י' דנציגר | י' עמית | צ' זילברטל,2012-11-29,,2012-11-29,2014-05-06,0
HUGGINGFACE-6c9df8f5ef7b,"ע""פ 2950/11",אליאור חן נ. מדינת ישראל,homicide_murder,defendant,none,מ' נאור | נ' הנדל | נ' סולברג,2011-02-28,,2011-02-28,2014-05-07,0
HUGGINGFACE-abfcbfdb966c,"ע""פ 581/12",אשרף מחאג'נה נ. מדינת ישראל,homicide_other,defendant,sentence_relief_only,א' רובינשטיין | צ' זילברטל | ד' ברק-ארז,2011-12-04,,2011-12-04,2014-06-07,0
HUGGINGFACE-4bac4a8655c1,"ע""פ 9062/12",אושרי חבה נ. מדינת ישראל,homicide_other,defendant,sentence_relief_only,ס' ג'ובראן | ח' מלצר | נ' סולברג,2012-10-31,,2012-10-31,2014-06-09,1
HUGGINGFACE-ca14059634b6,"ע""פ 9424/12",שלווה ציציאשוילי נ. מדינת ישראל,homicide_other,defendant,none,ס' ג'ובראן | י' דנציגר | נ' הנדל,,,2013-06-11,2014-06-10,1
HUGGINGFACE-bad7c264e4c9,"ע""פ 416/12",סרגיי שיצינין נ. מדינת ישראל,homicide_other,defendant,none,ס' ג'ובראן | י' דנציגר | נ' הנדל,2011-12-05,,2011-12-05,2014-06-11,0
HUGGINGFACE-d249ad730ad2,"ע""פ 1507/10",מוחמד אבו סנינה נ. מדינת ישראל,homicide_murder,defendant,none,ע' ארבל | ח' מלצר | נ' הנדל,2010-01-11,2008-01-24,2010-01-11,2014-06-11,1
HUGGINGFACE-877e5cf300cf,"ע""פ 278/14",ארקאן כורבאג' נ. מדינת ישראל,homicide_murder,defendant,none,מ' נאור | א' חיות | ד' ברק-ארז,2013-11-28,,2013-11-28,2014-06-15,0
HUGGINGFACE-a2810eeb4c19,"ע""פ 1050/14",יובל כהן נ. מדינת ישראל,homicide_other,defendant,none,מ' נאור | א' רובינשטיין | א' שהם,2014-01-26,,2014-01-26,2014-06-24,0
HUGGINGFACE-48ee065b90c6,"ע""פ 5933/11",אדם איטל נ. מדינת ישראל,homicide_murder,defendant,none,ע' ארבל (בדימ') | צ' זילברטל | א' שהם,2011-07-18,2007-02-02,2011-07-18,2014-06-25,1
HUGGINGFACE-85179478134c,"ע""פ 4705/11",מיכאל (מיקי) פרץ נ. מדינת ישראל,homicide_other,defendant,none,ח' מלצר | נ' הנדל | ד' ברק-ארז,2011-01-25,,2011-01-25,2014-06-28,1
HUGGINGFACE-31e5baa86760,"ע""פ 4290/14",עופר גואטה נ. מדינת ישראל,homicide_other,defendant,none,א ' גרוניס,2014-06-15,,2014-06-15,2014-07-01,1
HUGGINGFACE-a07c03fe1347,"ע""פ 4606/12",ולדימיר זכרוב נ. מדינת ישראל,homicide_murder,defendant,none,ס' ג'ובראן | צ' זילברטל | א' שהם,2011-06-19,2010-03-15,2011-06-19,2014-07-01,1
HUGGINGFACE-10fbe98b9bc9,"ע""פ 846/10",סאלח בדוי נ. מדינת ישראל,homicide_murder,defendant,none,(בדימ') ע' ארבל | ע' פוגלמן | צ' זילברטל,2009-12-21,2007-10-15,2009-12-21,2014-07-13,1
HUGGINGFACE-0e8d99b1d932,"ע""פ 1910/13",עסאם עיד נ. מדינת ישראל,homicide_other,defendant,sentence_relief_only,י' דנציגר | צ' זילברטל | נ' סולברג,2013-01-27,,2013-01-27,2014-07-16,0
HUGGINGFACE-307e0f213442,"ע""פ 7620/11",הרצל מסיכה נ. מדינת ישראל,homicide_murder,defendant,none,י' דנציגר | נ' הנדל | ד' ברק-ארז,2011-09-05,2008-03-11,2011-09-05,2014-07-26,1
HUGGINGFACE-bca898d8669f,"ע""פ 2937/13",חליס טארק נ. מדינת ישראל,homicide_murder,defendant,none,א' חיות | נ' הנדל | נ' סולברג,2013-03-14,,2013-03-14,2014-07-26,0
HUGGINGFACE-4befaab37bb3,"ע""פ 1826/14",רווית דוד נ. מדינת ישראל,homicide_other,defendant,none,א' חיות | נ' הנדל | נ' סולברג,2014-02-06,,2014-02-06,2014-08-03,0
HUGGINGFACE-612fd57b58b1,"ע""פ 1262/08",מוחמד חאלד ענתאוי נ. מדינת ישראל,homicide_murder,defendant,conviction_reversed_or_acquittal,מ' נאור | נ' הנדל | צ' זילברטל,,,2013-08-04,2014-08-03,1
HUGGINGFACE-80dbc8f86c5a,"ע""פ 2544/12",איאד פטאפאה נ. מדינת ישראל,homicide_murder,defendant,sentence_relief_only,י' דנציגר | נ' הנדל | צ' זילברטל,2012-01-22,,2012-01-22,2014-08-03,0
HUGGINGFACE-d3f14668c081,"ע""פ 4372/13",אגנהו סיסאי נ. מדינת ישראל,homicide_murder,defendant,sentence_relief_only,ס' ג'ובראן | י' עמית | א' שהם,2013-05-06,2013-01-07,2013-05-06,2014-08-05,1
HUGGINGFACE-c8a770eb7e21,"ע""פ 4744/13",ג'מיל אבו חסן נ. מדינת ישראל,homicide_other,defendant,sentence_relief_only,ס' ג'ובראן | נ' הנדל | ד' ברק-ארז,2013-05-21,,2013-05-21,2014-09-10,0
HUGGINGFACE-9f519071dbd0,"ע""פ 9536/11",ג'מיל סרור נ. מדינת ישראל,homicide_murder,defendant,none,י' דנציגר | ע' פוגלמן | נ' סולברג,2012-11-16,,2012-11-16,2014-09-15,0
HUGGINGFACE-3fc8b3a249bf,"ע""פ 9256/11",נוראיר פידיניאן נ. מדינת ישראל,homicide_murder,defendant,none,ס' ג'ובראן | י' עמית | נ' סולברג,2011-06-30,,2011-06-30,2014-09-22,0
HUGGINGFACE-d32198442446,"ע""פ 4655/12",יצחק אדרי נ. מדינת ישראל,homicide_murder,defendant,none,ס' ג'ובראן | י' עמית | א' שהם,2012-04-30,2012-03-30,2012-04-30,2014-09-28,1
HUGGINGFACE-ad00793d218d,"ע""פ 9331/08",איברהים עבסיון נ. מדינת ישראל,homicide_murder,defendant,none,מ' נאור | א' חיות | נ' הנדל,2008-09-23,,2008-09-23,2014-10-01,0
HUGGINGFACE-ed917691c2cd,"ע""פ 1354/13",קסיס עאסי נ. מדינת ישראל,homicide_murder,defendant,sentence_relief_only,א' רובינשטיין | נ' הנדל | א' שהם,2012-12-03,,2012-12-03,2014-10-22,0
HUGGINGFACE-4d421cfbd599,"ע""פ 193/14",פאדי נסראללה נ. מדינת ישראל,homicide_murder,defendant,none,י' דנציגר | ע' פוגלמן | ד' ברק-ארז,,,2013-10-26,2014-10-25,1
HUGGINGFACE-6b8accfe6856,"ע""פ 1310/12",רומן שוורצמן נ. מדינת ישראל,homicide_murder,defendant,none,ס' ג'ובראן | א' חיות | א' שהם,2011-10-30,2011-10-30,2011-10-30,2014-11-02,1
HUGGINGFACE-404d2fdbd89f,"ע""פ 122/08",יורי טומבק נ. מדינת ישראל,homicide_murder,defendant,none,א' רובינשטיין | ח' מלצר | צ' זילברטל,2007-07-15,2005-12-28,2007-07-15,2014-11-10,1
HUGGINGFACE-6d7d1fa9dd53,"ע""פ 5073/11",יצחק חנוכה נ. מדינת ישראל,homicide_murder,defendant,none,מ' נאור | צ' זילברטל | ד' ברק-ארז,2011-05-24,2011-04-17,2011-05-24,2014-11-11,1
HUGGINGFACE-7c52f7ff787d,"ע""פ 774/13",באסל סלאם נ. מדינת ישראל,homicide_murder,defendant,none,א' רובינשטיין | א' חיות | י' עמית,2012-12-20,,2012-12-20,2014-11-26,0
HUGGINGFACE-6e72260f08fc,"ע""פ 1630/14",יונס אבו שנדי נ. מדינת ישראל,homicide_other,defendant,none,ח' מלצר | א' שהם | ד' ברק-ארז,2014-01-28,,2014-01-28,2014-12-03,0
HUGGINGFACE-0b09591fce80,"ע""פ 5706/11",רוני רון נ. מדינת ישראל,homicide_murder,defendant,sentence_relief_only,א' רובינשטיין | ע' פוגלמן | א' שהם,2011-06-13,2008-06-30,2011-06-13,2014-12-10,1
HUGGINGFACE-dea0fe609182,"ע""פ 3614/13",חוסאם אסעד עטאר נ. מדינת ישראל,homicide_murder,defendant,none,י' דנציגר | נ' הנדל | א' שהם,,,2013-12-29,2014-12-28,1
HUGGINGFACE-95bbef1c33f3,"ע""פ 5817/14",אריק ארנסט נ. מדינת ישראל,homicide_murder,defendant,sentence_relief_only,י' דנציגר | נ' סולברג | מ' מזוז,2014-06-18,2014-02-26,2014-06-18,2014-12-31,1
HUGGINGFACE-3e9882a3f5e9,"ע""פ 2626/13",אחמד אל צופי נ. מדינת ישראל,homicide_murder,defendant,none,מ' נאור | נ' סולברג | מ' מזוז,2013-03-05,,2013-03-05,2015-01-05,0
HUGGINGFACE-0cc0e65d6e4a,"ע""פ 2304/12",מוחמד מטר נ. מדינת ישראל,homicide_murder,defendant,none,ס' ג'ובראן | צ' זילברטל | א' שהם,2011-10-02,2009-12-14,2011-10-02,2015-01-12,1
HUGGINGFACE-0de448d9d287,"ע""פ 1894/14",אנדרג'או גבריאל צ'אקול נ. מדינת ישראל,homicide_other,defendant,none,ס' ג'ובראן | נ' הנדל | א' שהם,2014-02-03,,2014-02-03,2015-01-12,0
HUGGINGFACE-3277bb71a647,"ע""פ 1569/13",כארים חוסיין אל שייח נ. מדינת ישראל,homicide_other,defendant,none,ס' ג'ובראן | נ' הנדל | א' שהם,2013-01-14,,2013-01-14,2015-01-12,0
HUGGINGFACE-d09716422baf,"ע""פ 8392/08",אסצאלו אבהה נ. מדינת ישראל,homicide_murder,defendant,none,א' רובינשטיין | א' חיות | נ' סולברג,2008-09-03,,2008-09-03,2015-01-19,1
HUGGINGFACE-57cb441759bf,"ע""פ 4289/14",אורן חנונה נ. מדינת ישראל,homicide_other,defendant,sentence_relief_only,י' דנציגר | ע' פוגלמן | י' עמית,2014-05-29,,2014-05-29,2015-01-20,0
HUGGINGFACE-cea0d472291e,"ע""פ 414/15",סאמר דוויק נ. מדינת ישראל,homicide_murder,defendant,none,מ' נאור,2015-01-11,,2015-01-11,2015-01-21,1
HUGGINGFACE-cb29e089b159,"ע""פ 6304/12",אלכסנדר ספרונוב נ. מדינת ישראל,homicide_murder,defendant,sentence_relief_only,מ' נאור | א' חיות | א' שהם,2012-06-10,2012-06-10,2012-06-10,2015-01-25,1
HUGGINGFACE-f9bc50d81e60,"ע""פ 1288/14",אבו שנדי חוסאם נ. מדינת ישראל,homicide_other,defendant,none,א' חיות | ע' פוגלמן | א' שהם,2014-01-22,,2014-01-22,2015-01-31,0
HUGGINGFACE-f13d7a450f3b,"ע""פ 3568/13",גילברט פדידה נ. מדינת ישראל,homicide_murder,defendant,none,י' דנציגר | צ' זילברטל | נ' סולברג,2013-04-04,2013-04-04,2013-04-04,2015-02-10,1
HUGGINGFACE-d139193d11dc,"ע""פ 6405/10",יהודה חדד נ. מדינת ישראל,homicide_murder,defendant,none,י' דנציגר | ע' פוגלמן | נ' סולברג,2010-07-13,,2010-07-13,2015-03-02,0
HUGGINGFACE-77933bc5b545,"ע""פ 4090/10",מחמוד מסארוה נ. מדינת ישראל,homicide_murder,defendant,conviction_modified_lesser_offense,ס' ג'ובראן | י' עמית | צ' זילברטל,2010-04-14,2010-10-14,2010-04-14,2015-03-31,1
HUGGINGFACE-67082803f3d1,"ע""פ 5373/12",פנחס אבורמד נ. מדינת ישראל,homicide_other,defendant,none,א' רובינשטיין | ע' פוגלמן | א' שהם,2012-05-29,,2012-05-29,2015-04-14,0
HUGGINGFACE-9eb2f1df19bb,"ע""פ 6468/13",חיים צרפתי נ. מדינת ישראל,homicide_murder,defendant,sentence_relief_only,י' דנציגר | א' שהם | ד' ברק-ארז,2013-09-16,2013-05-23,2013-09-16,2015-05-02,1
HUGGINGFACE-011fd2c73fae,"ע""פ 4519/11",קיריל שיחריזייב נ. מדינת ישראל,homicide_murder,defendant,none,א' רובינשטיין | ס' ג'ובראן | צ' זילברטל,1010-11-04,2011-04-13,1010-11-04,2015-05-03,1
HUGGINGFACE-dd1c796c5216,"ע""פ 1119/11",נאיף אבו סרחאן נ. מדינת ישראל,homicide_murder,defendant,none,א' רובינשטיין | ח' מלצר | א' שהם,2011-01-05,2010-12-30,2011-01-05,2015-05-04,1
HUGGINGFACE-1f3f47fdf707,"ע""פ 4498/14",שחר גרידיש נ. מדינת ישראל,homicide_other,defendant,none,י' דנציגר | א' שהם | ע' ברון,2014-06-23,,2014-06-23,2015-05-12,0
HUGGINGFACE-c5805b1e6c60,"ע""פ 2478/12",סאטי אגבריה נ. מדינת ישראל,homicide_murder,defendant,sentence_relief_only,ס' ג'ובראן | ח' מלצר | א' שהם,2012-02-12,2012-02-12,2012-02-12,2015-05-12,1
HUGGINGFACE-68ac7637d58e,"ע""פ 7017/14",אללין זריהון נ. מדינת ישראל,homicide_murder,defendant,none,ס' ג'ובראן | י' דנציגר | א' שהם,2014-09-08,,2014-09-08,2015-05-13,0
HUGGINGFACE-0e80cb429dfc,"ע""פ 8002/13",מוחמד בדארנה נ. מדינת ישראל,homicide_other,defendant,none,א' חיות | נ' הנדל | ד' ברק-ארז,2013-10-23,,2013-10-23,2015-05-20,0
HUGGINGFACE-339bb0c23418,"ע""פ 3042/13",יוסף חיימוב נ. מדינת ישראל,homicide_murder,defendant,sentence_relief_only,ע' פוגלמן | י' עמית | ע' ברון,2013-03-17,,2013-03-17,2015-05-20,0
HUGGINGFACE-ed124bb1c04e,"ע""פ 5964/13",שלום פרץ נ. מדינת ישראל,homicide_murder,defendant,none,ע' פוגלמן | י' עמית | ע' ברון,,,2014-06-01,2015-05-31,1
HUGGINGFACE-071795a4aba6,"ע""פ 8739/12",מחאמיד מוחמד נ. מדינת ישראל,homicide_murder,defendant,none,נ' הנדל | נ' סולברג | מ' מזוז,2012-11-01,2011-05-26,2012-11-01,2015-06-08,1
HUGGINGFACE-bca04d54178b,"ע""פ 7901/13",איאד סלוטה נ. מדינת ישראל,homicide_other,defendant,sentence_relief_only,י' דנציגר | נ' הנדל | ע' פוגלמן,2013-10-07,,2013-10-07,2015-06-08,0
HUGGINGFACE-f780e9c26687,"ע""פ 9238/11",אניס עמאש נ. מדינת ישראל,homicide_murder,defendant,sentence_relief_only,י' דנציגר | א' שהם | מ' מזוז,2011-11-10,,2011-11-10,2015-06-08,1
HUGGINGFACE-ef11315c0bd8,"ע""פ 310/14",לחאם ודיע נ. מדינת ישראל,homicide_murder,defendant,none,י' דנציגר | נ' סולברג | ע' ברון,2013-12-05,2013-12-05,2013-12-05,2015-06-16,1
HUGGINGFACE-0db75cc8cf13,"ע""פ 6940/13",איגור פלדמן נ. מדינת ישראל,homicide_other,defendant,sentence_relief_only,נ' הנדל | נ' סולברג | א' שהם,,,2014-06-18,2015-06-17,1
HUGGINGFACE-891868d3b200,"ע""פ 5682/13",רדה קלקאי נ. מדינת ישראל,homicide_murder,defendant,none,א' רובינשטיין | מ' מזוז | ע' ברון,2013-06-23,,2013-06-23,2015-06-28,0
HUGGINGFACE-3d0ab4af6f34,"ע""פ 3344/14",לוי וידבסקי נ. מדינת ישראל,homicide_murder,defendant,sentence_relief_only,מ' נאור | א' חיות | מ' מזוז,2014-04-03,2013-12-11,2014-04-03,2015-07-04,1
HUGGINGFACE-771c88392e4f,"ע""פ 4229/14",סופיאן סעאידה נ. מדינת ישראל,homicide_other,defendant,sentence_relief_only,י' דנציגר | נ' הנדל | ע' פוגלמן,2014-05-11,,2014-05-11,2015-07-05,0
HUGGINGFACE-9eb89b188135,"ע""פ 1019/13",אילן רייצין פאיס נ. מדינת ישראל,homicide_murder,defendant,none,א' רובינשטיין | נ' סולברג | ע' ברון,2012-12-30,2009-03-27,2012-12-30,2015-07-05,1
HUGGINGFACE-d80762fc1653,"ע""פ 534/14",פתחי אגבריה נ. מדינת ישראל,homicide_other,defendant,none,ע' פוגלמן | י' עמית | נ' סולברג,,,2014-07-07,2015-07-06,1
HUGGINGFACE-34d5e1faffbc,"ע""פ 7707/11",מוחמד לחאם נ. מדינת ישראל,homicide_murder,defendant,none,מ' נאור | צ' זילברטל | א' שהם,2011-03-02,2009-11-28,2011-03-02,2015-07-28,1
HUGGINGFACE-7e531a841644,"ע""פ 9308/12",איסלאם איברהים עיסא נ. מדינת ישראל,homicide_murder,defendant,none,ס' ג'ובראן | ח' מלצר | מ' מזוז,2012-07-19,,2012-07-19,2015-07-29,1
HUGGINGFACE-a04e7775c071,"ע""פ 4654/13",מאלק חלס נ. מדינת ישראל,homicide_murder,defendant,none,ס' ג'ובראן | נ' סולברג | א' שהם,,,2014-08-05,2015-08-04,1
HUGGINGFACE-d3ba9b38eef3,"ע""פ 3490/13",סורי אבראהים נ. מדינת ישראל,homicide_other,defendant,none,ס' ג'ובראן | נ' הנדל | צ' זילברטל,,,2014-08-19,2015-08-18,1
HUGGINGFACE-2ab0fccbde2a,"ע""פ 6026/11",איברהים טמטאווי נ. מדינת ישראל,homicide_murder,defendant,sentence_relief_only,א' רובינשטיין | ע' פוגלמן | ד' ברק-ארז,2011-06-30,2014-11-10,2011-06-30,2015-08-23,1
HUGGINGFACE-b31246b6a30b,"ע""פ 437/13",אברהם אלחיאני נ. מדינת שיראל,homicide_murder,defendant,sentence_relief_only,י' דנציגר | א' שהם | ד' ברק-ארז,2012-10-31,2012-12-03,2012-10-31,2015-08-23,1
HUGGINGFACE-e5d36f240c76,"ע""פ 1508/14",שחר רוזינקין חבני נ. מדינת ישראל,homicide_murder,defendant,none,ע' פוגלמן | א' שהם | מ' מזוז,2014-01-14,2010-05-20,2014-01-14,2015-08-23,1
HUGGINGFACE-5a641d0214dc,"ע""פ 2134/12",אנדרי ליושצנקו נ. מדינת ישראל,homicide_murder,defendant,none,ח' מלצר | י' עמית | צ' זילברטל,,,2014-08-27,2015-08-26,1
HUGGINGFACE-e5382789e99c,"ע""פ 5695/14",סאלם עבד אלקאדר נ. מדינת ישראל,homicide_murder,defendant,sentence_relief_only,א' חיות | צ' זילברטל | ע' ברון,2014-07-14,,2014-07-14,2015-09-01,0
HUGGINGFACE-d3180b79f353,"ע""פ 8140/11",סעד אבו עסא נ. מדינת ישראל,homicide_murder,defendant,none,ס' ג'ובראן | ח' מלצר | צ' זילברטל,,,2014-09-03,2015-09-02,1
HUGGINGFACE-9fcadcfd06fd,"ע""פ 6056/13",מוחמד שיבלי נ. מדינת ישראל,homicide_other,defendant,none,י' דנציגר | נ' הנדל | ע' ברון,2013-07-11,,2013-07-11,2015-09-20,0
HUGGINGFACE-f95607aa864f,"ע""פ 2760/14",עדן אוחיון נ. מדינת ישראל,homicide_murder,defendant,none,א' רובינשטיין | ח' מלצר | ד' ברק-ארז,2014-03-09,,2014-03-09,2015-10-06,1
HUGGINGFACE-3740f695a927,"ע""פ 8446/14",סאמי אבו טהה נ. מדינת ישראל,homicide_other,defendant,sentence_relief_only,נ' הנדל | ע' פוגלמן | י' עמית,2014-10-28,,2014-10-28,2015-10-14,0
HUGGINGFACE-8870bd09f468,"ע""פ 4189/13",שוקאת ברכאת נ. מדינת ישראל,homicide_murder,defendant,none,ח' מלצר | י' עמית | א' שהם,,2008-08-01,2014-10-15,2015-10-14,1
HUGGINGFACE-fb17e751e15f,"ע""פ 2552/14",מחמד מפארגה נ. מדינת ישראל,homicide_murder,defendant,none,נ' הנדל | צ' זילברטל | ד' ברק-ארז,2014-03-10,,2014-03-10,2015-10-28,0
HUGGINGFACE-9da645eb103b,"ע""פ 4770/14",רוסלן (רוני) אגייב נ. מדינת ישראל,homicide_murder,defendant,none,ס' ג'ובראן | נ' הנדל | נ' סולברג,2014-05-20,2010-08-18,2014-05-20,2015-11-04,1
HUGGINGFACE-58b3ad2e50eb,"ע""פ 6244/12",עדנאן סבאענה נ. מדינת ישראל,homicide_murder,defendant,none,י' דנציגר | נ' הנדל | ע' ברון,2012-06-10,2010-10-28,2012-06-10,2015-11-10,1
HUGGINGFACE-7913d60fd82b,"ע""פ 4209/14",יצחק קרן נ. מדינת ישראל,homicide_murder,defendant,none,ס' ג'ובראן | י' דנציגר | מ' מזוז,2014-04-30,2001-12-04,2014-04-30,2015-11-14,1
HUGGINGFACE-0f542538203a,"ע""פ 7253/14",גור פינקלשטיין נ. מדינת ישראל,homicide_murder,defendant,conviction_reversed_or_acquittal,א' רובינשטיין | י' עמית | מ' מזוז,2011-04-30,2011-06-05,2011-04-30,2015-11-15,1
HUGGINGFACE-fa42fcfab294,"ע""פ 7179/14",עמית ז'ן-קלוד טוויל נ. מדינת ישראל,homicide_other,defendant,sentence_relief_only,י' דנציגר | צ' זילברטל | ע' ברון,2014-09-15,,2014-09-15,2015-11-21,0
HUGGINGFACE-56b405d156ba,"ע""פ 2286/14",מיכאל גייבדנוב נ. מדינת ישראל,homicide_murder,defendant,none,ס' ג'ובראן | נ' הנדל | נ' סולברג,2014-02-17,,2014-02-17,2015-11-22,1
HUGGINGFACE-5c1af4aecac3,"ע""פ 5812/14",אולגה גורליק נ. מדינת ישראל,homicide_murder,defendant,none,י' עמית | צ' זילברטל | מ' מזוז,,2013-12-31,2014-11-30,2015-11-29,1
HUGGINGFACE-450e8b472d80,"ע""פ 6386/12",מארק עמנואלוב נ. מדינת ישראל,homicide_murder,defendant,none,י' דנציגר | נ' סולברג | ע' ברון,2012-06-27,,2012-06-27,2015-12-05,0
HUGGINGFACE-45304316cc4d,"ע""פ 1317/15",יוסף עאיש נ. מדינת ישראל,homicide_other,defendant,none,א' חיות | צ' זילברטל | א' שהם,2015-01-19,,2015-01-19,2015-12-13,0
HUGGINGFACE-4d67664e1ae7,"ע""פ 7066/13",ערן אלמליח נ. מדינת ישראל,homicide_other,defendant,none,ח' מלצר | נ' הנדל | א' שהם,2013-10-10,,2013-10-10,2015-12-21,1
HUGGINGFACE-e2771655dbdd,"ע""פ 7939/10",רומן זדורוב נ. מדינת ישראל,homicide_murder,defendant,none,י' דנציגר | י' עמית | צ' זילברטל,2010-09-13,2006-12-10,2010-09-13,2015-12-22,1
HUGGINGFACE-c0e8a25b8b45,"ע""פ 5975/14",אברהים דרויש אגבריה נ. מדינת ישראל,homicide_murder,defendant,none,י' עמית | ד' ברק-ארז | ע' ברון,,2001-02-15,2014-12-31,2015-12-30,1
HUGGINGFACE-bd24b4acc9eb,"ע""פ 1865/14",יצחק רוזנצוויג נ. מדינת ישראל,homicide_murder,defendant,sentence_relief_only,ס' ג'ובראן | י' עמית | מ' מזוז,2014-01-29,,2014-01-29,2016-01-03,0
HUGGINGFACE-5e36ec6092fe,"ע""פ 1159/13",ויטלי מיכלוב נ. מדינת ישראל,homicide_murder,defendant,none,ס' ג'ובראן | א' שהם | ע' ברון,2012-12-26,2011-09-06,2012-12-26,2016-01-05,1
HUGGINGFACE-2c681632e407,"ע""פ 6318/12",עאסלה פהים נ. מדינת ישראל,homicide_murder,defendant,none,א' רובינשטיין | נ' סולברג | ע' ברון,2012-07-09,2012-03-05,2012-07-09,2016-01-19,1
HUGGINGFACE-caf6d9e8746f,"ע""פ 4523/14",יעד חלילי נ. מדינת ישראל,homicide_murder,defendant,sentence_relief_only,א' רובינשטיין | י' עמית | א' שהם,2014-06-02,2014-05-13,2014-06-02,2016-01-19,1
HUGGINGFACE-b7b407f629d7,"ע""פ 1769/14",חמד סועאד נ. מדינת ישראל,homicide_murder,defendant,none,א' חיות | י' דנציגר | ע' ברון,2014-01-21,,2014-01-21,2016-01-26,0
HUGGINGFACE-f68f4bf76655,"ע""פ 8948/12",איהאב נמר נ. מדינת ישראל,homicide_murder,defendant,none,ס' ג'ובראן | א' שהם | ע' ברון,2012-10-24,,2012-10-24,2016-01-31,1
HUGGINGFACE-09259c10df28,"ע""פ 5622/08",מרדכי משה נ. מדינת ישראל,homicide_murder,defendant,none,י' דנציגר | י' עמית | ד' ברק-ארז,2008-05-14,,2008-05-14,2016-02-13,0
HUGGINGFACE-7cc695a67f0b,"ע""פ 4226/11",נביל אבו חדיר נ. מדינת ישראל,homicide_murder,defendant,none,א' רובינשטיין | נ' הנדל | נ' סולברג,2011-04-17,2009-11-02,2011-04-17,2016-02-14,1
HUGGINGFACE-c0f5ef125985,"ע""פ 2566/14",אדוארד גלפונד נ. מדינת ישראל,homicide_other,defendant,sentence_relief_only,ע' פוגלמן | ד' ברק-ארז | מ' מזוז,2013-09-08,,2013-09-08,2016-02-16,1
HUGGINGFACE-3e45cc20405b,"ע""פ 4784/13",ניר סומך נ. מדינת ישראל,homicide_other,defendant,conviction_reversed_or_acquittal,י' עמית | נ' סולברג | ע' ברון,2013-05-20,,2013-05-20,2016-02-17,0
HUGGINGFACE-bdab64185c48,"ע""פ 8867/10",עלי גזאל נ. מדינת ישראל,homicide_murder,defendant,none,י' דנציגר | צ' זילברטל | א' שהם,2010-10-17,2009-05-14,2010-10-17,2016-02-23,1
HUGGINGFACE-12c1f585de16,"ע""פ 3030/15",אחמד מוגרבי נ. מדינת ישראל,homicide_murder,defendant,none,א' רובינשטיין | ס' ג'ובראן | נ' הנדל,2015-03-18,,2015-03-18,2016-04-19,0
HUGGINGFACE-d5bc94c5b831,"ע""פ 3706/15",נדאל טובאסי נ. מדינת ישראל,homicide_murder,defendant,none,ס' ג'ובראן | ח' מלצר | ע' ברון,2015-04-15,,2015-04-15,2016-05-01,0
HUGGINGFACE-29baaafddbc9,"ע""פ 1839/15",טאדסה גטאהון נ. מדינת ישראל,homicide_murder,defendant,none,ס' ג'ובראן | מ' מלצר | ד' ברק-ארז,2015-01-26,,2015-01-26,2016-05-24,0
HUGGINGFACE-9b55c869007c,"ע""פ 4205/14",נחום בן יצחק נ. מדינת ישראל,homicide_other,defendant,none,א' רובינשטיין | ס' ג'ובראן | ד' ברק-ארז,2014-04-30,,2014-04-30,2016-05-28,0
HUGGINGFACE-f1d8acf054f4,"ע""פ 746/14",יונתן ימר נ. מדינת ישראל,homicide_murder,defendant,sentence_relief_only,ח' מלצר | א' שהם | ד' ברק-ארז,,,2015-06-01,2016-05-30,1
HUGGINGFACE-f87a0d3e1c72,"ע""פ 1076/15",אבנר טווק נ. מדינת ישראל,homicide_murder,defendant,sentence_relief_only,א' רובינשטיין | א' שהם | ד' ברק-ארז,2014-12-29,2013-11-26,2014-12-29,2016-06-06,1
HUGGINGFACE-3ecacc3034bc,"ע""פ 3065/15",מוראד עלי חסין נ. מדינת ישראל,homicide_murder,defendant,sentence_relief_only,א' חיות | ע' פוגלמן | צ' זילברטל,2015-03-23,,2015-03-23,2016-06-25,1
HUGGINGFACE-d3eb3770cd2e,"ע""פ 5998/15",מוחמד עקול נ. מדינת ישראל,homicide_other,defendant,sentence_relief_only,ס' ג'ובראן | נ' הנדל | נ' סולברג,2015-07-15,,2015-07-15,2016-06-26,0
HUGGINGFACE-78cdfe544a3c,"ע""פ 3617/13",יעקב טייטל נ. מדינת ישראל,homicide_murder,defendant,sentence_relief_only,נ' הנדל | נ' סולברג | א' שהם,2013-04-09,1997-06-08,2013-04-09,2016-06-27,1
HUGGINGFACE-961bbbd9e92b,"ע""פ 5733/13",דניאל מעוז נ. מדינת ישראל,homicide_murder,defendant,sentence_relief_only,ס' ג'ובראן | צ' זילברטל | א' שהם,2013-07-01,2013-07-01,2013-07-01,2016-07-04,1
HUGGINGFACE-ee34bcf5c171,"ע""פ 6344/12",בוגוסלבסקי רוסטיסלב נ. מדינת ישראל,homicide_murder,defendant,none,ס' ג'ובראן | ע' פוגלמן | א' שהם,,2007-03-18,2015-07-13,2016-07-11,1
HUGGINGFACE-b286aa16098a,"ע""פ 4887/15",יבגני גנסון נ. מדינת ישראל,homicide_other,defendant,none,א' רובינשטיין | י' דנציגר | מ' מזוז,2015-05-28,,2015-05-28,2016-07-13,1
HUGGINGFACE-5ac99ffba014,"ע""פ 8512/14",אנה קומשין נ. מדינת ישראל,homicide_murder,defendant,none,א' רובינשטיין | ע' פוגלמן | מ' מזוז,2014-10-23,2014-10-23,2014-10-23,2016-07-17,1
HUGGINGFACE-c5a84ec44088,"ע""פ 5617/15",סאמר מריסאת נ. מדינת ישראל,homicide_other,defendant,none,ס' ג'ובראן | ח' מלצר | נ' הנדל,2015-07-06,,2015-07-06,2016-07-26,1
HUGGINGFACE-d33f58efe47b,"ע""פ 7679/14",עדנאן זהאדה נ. מדינת ישראל,homicide_murder,defendant,none,נ' הנדל | נ' סולברג | מ' מזוז,2014-09-30,2012-05-23,2014-09-30,2016-08-14,1
HUGGINGFACE-5ae5697dc786,"ע""פ 7090/15",חסיין ח'ליפה נ. מדינת ישראל,homicide_murder,defendant,sentence_relief_only,י' דנציגר | א' שהם | ע' ברון,2015-09-09,2014-05-01,2015-09-09,2016-08-24,1
HUGGINGFACE-048c1166eeaa,"ע""פ 8962/12",יוסף נחמיאס נ. מדינת ישראל,homicide_murder,defendant,none,ס' ג'ובראן | ח' מלצר | א' שהם,2012-11-05,2008-01-24,2012-11-05,2016-08-30,1
HUGGINGFACE-3de7c995f877,"ע""פ 2221/16",רדה טיגבה נ. מדינת ישראל,homicide_other,defendant,none,ס' ג'ובראן | נ' הנדל | נ' סולברג,2016-03-07,,2016-03-07,2016-08-31,0
HUGGINGFACE-a8b3cc72b35e,"ע""פ 2094/15",שמואל אטיאס נ. מדינת ישראל,homicide_murder,defendant,none,ח' מלצר | נ' סולברג | ד' ברק-ארז,2014-02-17,2012-05-28,2014-02-17,2016-08-31,1
HUGGINGFACE-e8953c7c6b21,"ע""פ 1153/15",מוסיה קסאי נ. מדינת ישראל,homicide_murder,defendant,sentence_relief_only,י' דנציגר | נ' הנדל | ע' ברון,2015-01-12,,2015-01-12,2016-10-05,0
HUGGINGFACE-5d2e351e9a26,"ע""פ 3239/14",נור אלאדין חמאיסה נ. מדינת ישראל,homicide_murder,defendant,none,ס' ג'ובראן | א' שהם | ד' ברק-ארז,2014-03-31,2014-07-13,2014-03-31,2016-11-07,1
HUGGINGFACE-bf73ba409f35,"ע""פ 3916/15",יפרם אלישקוב נ. מדינת ישראל,homicide_murder,defendant,none,א' רובינשטיין | ע' פוגלמן | צ' זילברטל,2015-04-26,2015-06-04,2015-04-26,2016-11-12,1
HUGGINGFACE-7577b9464623,"ע""פ 149/15",מרואן מורה נ. מדינת ישראל,homicide_other,defendant,sentence_relief_only,ס' ג'ובראן | נ' סולברג | מ' מזוז,2014-12-25,,2014-12-25,2016-11-21,0
HUGGINGFACE-c994a4ff8d43,"ע""פ 2453/15",אלון חיימוב נ. מדינת ישראל,homicide_other,defendant,none,י' דנציגר | צ' זילברטל | ד' ברק-ארז,2015-02-23,,2015-02-23,2016-12-10,0
HUGGINGFACE-ea3daca3af38,"ע""פ 7532/12",אדם איטל נ. מדינת ישראל,homicide_murder,defendant,none,ס' ג'ובראן | א' חיות | נ' סולברג,2012-09-04,2007-10-08,2012-09-04,2016-12-10,1
HUGGINGFACE-3b8b41fde77c,"ע""פ 1081/14",חאלד צעלוק נ. מדינת ישראל,homicide_murder,defendant,none,ס' ג'ובראן | ח' מלצר | נ' סולברג,2013-10-02,,2013-10-02,2016-12-17,1
HUGGINGFACE-eea99af84a58,"ע""פ 4087/14",דימטרי סקורדוק נ. מדינת ישראל,homicide_murder,defendant,sentence_relief_only,י' דנציגר | י' עמית | מ' מזוז,2012-12-30,2010-08-16,2012-12-30,2017-01-04,1
HUGGINGFACE-0b1279db6689,"ע""פ 8944/14",עמאר סואעד נ. מדינת ישראל,homicide_murder,defendant,none,א' חיות | צ' זילברטל | ד' ברק-ארז,2014-11-13,2014-08-07,2014-11-13,2017-01-07,1
HUGGINGFACE-1a2d693530c7,"ע""פ 5/17",חסן אלגדאמין נ. מדינת ישראל,homicide_other,defendant,none,מ' נאור,2016-12-27,,2016-12-27,2017-01-07,1
HUGGINGFACE-33f5f3354124,"ע""פ 6435/12",אייל דמסה נ. מדינת ישראל,homicide_murder,defendant,none,א' חיות | י' עמית | נ' סולברג,2012-07-15,2012-07-15,2012-07-15,2017-01-08,1
HUGGINGFACE-70311a4c797a,"ע""פ 5885/15",מאיר איתן נ. מדינת ישראל,homicide_murder,defendant,none,י' עמית | א' שהם | מ' מזוז,2015-07-13,,2015-07-13,2017-01-08,0
HUGGINGFACE-029159f13383,"ע""פ 8808/14",אלי פחימה נ. מדינת ישראל,homicide_murder,defendant,none,י' דנציגר | צ' זילברטל | מ' מזוז,2014-07-22,2009-08-16,2014-07-22,2017-01-09,1
HUGGINGFACE-4ac8f2bb46d2,"ע""פ 2960/14",איציק חזן נ. מדינת ישראל,homicide_murder,defendant,none,ס' ג'ובראן | נ' סולברג | ע' ברון,2014-03-12,2011-01-02,2014-03-12,2017-01-17,1
HUGGINGFACE-d5f07f9530de,"ע""פ 6317/14",איברהים מכאוי נ. מדינת ישראל,homicide_other,defendant,none,א' רובינשטיין | ע' פוגלמן | ע' ברון,2014-08-13,,2014-08-13,2017-01-23,0
HUGGINGFACE-2150f58eb147,"ע""פ 661/16",מוטי אברהמי נ. מדינת ישראל,homicide_murder,defendant,none,ס' ג'ובראן | ד' ברק-ארז | מ' מזוז,2015-09-02,,2015-09-02,2017-01-24,0
HUGGINGFACE-106bc76ca63d,"ע""פ 4107/16",מאור כהן נ. מדינת ישראל,homicide_other,defendant,none,י' דנציגר | נ' סולברג | ד' ברק-ארז,2016-04-14,,2016-04-14,2017-02-21,0
HUGGINGFACE-b987185fb74d,"ע""פ 9112/15",משה מלול נ. היועץ המשפטי לממשלה,homicide_murder,defendant,none,א' חיות | י' עמית | נ' סולברג,2015-11-30,,2015-11-30,2017-03-15,0
HUGGINGFACE-bcc927576eb0,"ע""פ 3263/13",דוד בן שטרית נ. מדינת ישראל,homicide_murder,defendant,none,א' רובינשטיין | י' דנציגר | צ' זילברטל,2013-03-24,2010-08-29,2013-03-24,2017-03-18,1
HUGGINGFACE-38a7efab6059,"ע""פ 3647/15",אחמד אלעאסם נ. מדינת ישראל,homicide_murder,defendant,none,נ' הנדל | ע' פוגלמן | א' שהם,2015-04-12,2012-11-26,2015-04-12,2017-03-28,1
HUGGINGFACE-834472d72f26,"ע""פ 2550/15",מוסטפא שאפא (עבד) נ. מדינת ישראל,homicide_murder,defendant,none,א' חיות | י' עמית | נ' סולברג,2015-03-09,,2015-03-09,2017-04-06,0
HUGGINGFACE-8db7aa9aeedb,"ע""פ 8503/14",תורכיה אבו סיאם נ. מדינת ישראל,homicide_murder,defendant,none,י' עמית | א' שהם | ד' ברק-ארז,,,2016-04-26,2017-04-25,1
HUGGINGFACE-f281bc7d50f2,"ע""פ 921/17",עואג'י אבו זעילה נ. מדינת ישראל,homicide_other,defendant,sentence_relief_only,א' חיות | י' דנציגר | מ' מזוז,2016-12-15,,2016-12-15,2017-05-27,0
HUGGINGFACE-4a0f9eb91590,"ע""פ 7396/15",משה גדליה נ. מדינת ישראל,homicide_murder,defendant,none,א' חיות | י' עמית | מ' מזוז,2015-10-11,2014-05-01,2015-10-11,2017-06-11,1
HUGGINGFACE-3761494018dd,"ע""פ 485/15",מיכל אלוני נ. מדינת ישראל,homicide_murder,defendant,none,נ' הנדל | א' שהם | מ' מזוז,2014-12-29,2011-10-09,2014-12-29,2017-06-12,1
HUGGINGFACE-12383460479f,"ע""פ 5862/14",אלמה קחסאי נ. מדינת ישראל,homicide_murder,defendant,none,ע' פוגלמן | ד' ברק-ארז | ע' ברון,2014-06-12,2012-07-07,2014-06-12,2017-07-10,1
HUGGINGFACE-cf4f1dd373a0,"ע""פ 6105/16",מני חזון נ. מדינת ישראל,homicide_other,defendant,none,נ' הנדל | נ' סולברג | ג' קרא,2016-06-08,,2016-06-08,2017-07-12,0
HUGGINGFACE-718af39915d4,"ע""פ 2602/15",אברהם אלענאמי נ. מדינת ישראל,homicide_murder,defendant,none,(בדימ') א' רובינשטיין | י' דנציגר | ע' ברון,2014-11-13,2013-05-28,2014-11-13,2017-08-20,1
HUGGINGFACE-9e33e0f30f3f,"ע""פ 4749/17",גניש בן נ. מדינת ישראל,homicide_other,defendant,sentence_relief_only,י' דנציגר | ד' ברק-ארז | ד' מינץ,2017-05-15,,2017-05-15,2017-08-28,0
HUGGINGFACE-f18dde462332,"ע""פ 4376/16",מרגריטה חומנקו נ. מדינת ישראל,homicide_other,defendant,sentence_relief_only,ע' פוגלמן | א' שהם | ע' ברון,2016-04-17,,2016-04-17,2017-09-17,1
HUGGINGFACE-8e61e23b727b,"ע""פ 4245/15",עזיז עויסאת נ. מדינת ישראל,homicide_murder,defendant,none,ע' פוגלמן | ד' ברק-ארז | מ' מזוז,2015-05-06,,2015-05-06,2017-09-29,0
HUGGINGFACE-b91dede8e54f,"ע""פ 8686/15",רומן גריבוב נ. מדינת ישראל,homicide_murder,defendant,none,(בדימ') ס' ג'ובראן | י' עמית | מ' מזוז,2015-09-06,,2015-09-06,2017-10-01,1
HUGGINGFACE-8273af0cf389,"ע""פ 8464/15",וסילי פנזין נ. מדינת ישראל,homicide_other,defendant,none,(בדימ') ס' ג'ובראן | נ' הנדל | מ' מזוז,2015-10-29,2015-10-29,2015-10-29,2017-10-28,1
HUGGINGFACE-dd872f007f89,"ע""פ 3328/14",סמר אבו חאמד נ. מדינת ישראל,homicide_murder,defendant,none,י' עמית | נ' סולברג | י' וילנר,2014-03-25,2014-01-05,2014-03-25,2017-12-05,1
HUGGINGFACE-ad6e90cda8a5,"ע""פ 6468/17",שמעון אסולין נ. מדינת ישראל,homicide_other,defendant,none,א' שהם | ד' מינץ | י' אלרון,2017-07-20,,2017-07-20,2018-01-08,0
HUGGINGFACE-125df4da438d,"ע""פ 6943/16",גנדי גלקין נ. מדינת ישראל,homicide_other,defendant,none,נ' הנדל | נ' סולברג | ג' קרא,,,2017-01-27,2018-01-26,1
HUGGINGFACE-3f9ed636e1d8,"ע""פ 6162/16",תופיק דלו נ. מדינת ישראל,homicide_murder,defendant,sentence_relief_only,נ' הנדל | א' שהם | ד' מינץ,2016-03-27,2016-03-27,2016-03-27,2018-02-02,1
HUGGINGFACE-76f5a62b1393,"ע""פ 8146/16",פארס אנטילי נ. מדינת ישראל,homicide_other,defendant,none,נ' סולברג | א' שהם | י' אלרון,2016-09-08,,2016-09-08,2018-02-04,0
HUGGINGFACE-ef304e453837,"ע""פ 10184/16",עבדאללה סמיח חטיב נ. מדינת ישראל,homicide_other,defendant,none,נ' הנדל | א' שהם | ג' קרא,2016-12-13,,2016-12-13,2018-02-05,0
HUGGINGFACE-011716a374c9,"ע""פ 1134/17",עוסמאן אחמד נ. מדינת ישראל,homicide_other,defendant,none,י' עמית | ג' קרא | י' וילנר,2018-06-01,,2018-06-01,2018-02-12,0
HUGGINGFACE-e12d413c71c5,"ע""פ 6777/17",ג'מאל שחתות נ. מדינת ישראל,homicide_murder,defendant,none,י' עמית | ג' קרא | י' וילנר,,,2017-02-13,2018-02-12,1
HUGGINGFACE-1f5722ebcb08,"ע""פ 8862/16",יורי ליסיאק נ. מדינת ישראל,homicide_murder,defendant,none,נ' הנדל | ע' פוגלמן | י' וילנר,2016-10-05,,2016-10-05,2018-02-18,0
HUGGINGFACE-5754837de1ce,"ע""פ 3321/16",אדנה הברה נ. מדינת ישראל,homicide_murder,defendant,sentence_relief_only,י' דנציגר | נ' סולברג | ע' ברון,2016-03-17,2011-11-22,2016-03-17,2018-02-20,1
HUGGINGFACE-781e3e01a834,"ע""פ 4851/17",מחמוד אבו סרארי נ. מדינת ישראל,homicide_other,defendant,none,י' עמית | מ' מזוז | ג' קרא,,,2017-02-27,2018-02-26,1
HUGGINGFACE-5e188c654f5c,"ע""פ 456/16",אלכסנדר צ'ורני נ. מדינת ישראל,homicide_other,defendant,none,א' חיות | ג' קרא | ד' מינץ,2016-01-07,,2016-01-07,2018-03-02,1
HUGGINGFACE-0b83241cd4f1,"ע""פ 9045/16",אילן אדנני נ. מדינת ישראל,homicide_murder,defendant,none,נ' הנדל | ג' קרא | י' אלרון,2016-06-15,2015-01-11,2016-06-15,2018-03-05,1
HUGGINGFACE-5098e12ceff4,"ע""פ 5121/17",אילן טסלר נ. מדינת ישראל,homicide_murder,defendant,none,ח' מלצר | ד' מינץ | י' אלרון,2016-10-13,1999-04-13,2016-10-13,2018-03-09,1
HUGGINGFACE-de9e091dbd1f,"ע""פ 4144/17",רמזי חרוטדינוב נ. מדינת ישראל,homicide_murder,defendant,none,י' עמית | א' שהם | ע' ברון,,,2017-03-21,2018-03-20,1
HUGGINGFACE-9a8bd90ec85a,"ע""פ 3705/17",דיאב אבו עראר נ. מדינת ישראל,homicide_murder,defendant,none,נ' הנדל | ע' ברון | י' וילנר,,,2017-04-11,2018-04-10,1
HUGGINGFACE-d3f56e410d20,"ע""פ 3811/17",אליהו קריספיל נ. מדינת ישראל,homicide_other,defendant,none,נ' סולברג | ד' ברק-ארז | ד' מינץ,2017-03-28,,2017-03-28,2018-04-15,1
HUGGINGFACE-68a058065bfc,"ע""פ 6637/17",אליזבת קרנדל נ. מדינת ישראל,homicide_other,defendant,sentence_relief_only,ע' פוגלמן | ד' ברק-ארז | י' אלרון,2017-07-13,,2017-07-13,2018-04-16,0
HUGGINGFACE-255a6bf72806,"ע""פ 8304/17",דן אוסקר למפל נ. היועץ המשפטי לממשלה,homicide_other,defendant,none,נ' הנדל | י' אלרון | י' וילנר,2017-09-27,,2017-09-27,2018-05-06,0
HUGGINGFACE-8ba2be519bec,"ע""פ 5289/17",אחמד חסארמה נ. מדינת ישראל,homicide_other,defendant,none,ח' מלצר | ג' קרא | ע' גרוסקופף,,,2017-05-07,2018-05-06,1
HUGGINGFACE-6c81389226fc,"ע""פ 1193/16",אריציה אקאל סונגו נ. מדינת ישראל,homicide_murder,defendant,sentence_relief_only,(בדימ') י' דנציגר | מ' מזוז | ג' קרא,2015-12-31,2013-03-26,2015-12-31,2018-05-15,1
HUGGINGFACE-3598b0c47e9d,"ע""פ 3039/15",תאיר זועבי נ. מדינת ישראל,homicide_murder,defendant,none,י' עמית | ע' ברון | ג' קרא,2014-03-05,2008-03-07,2014-03-05,2018-06-05,1
HUGGINGFACE-5ee9862d64b6,"ע""פ 6030/15",אברטרמרים טוולדה נ. מדינת ישראל,homicide_murder,defendant,none,י' עמית | ג' קרא | י' וילנר,2018-06-28,,2018-06-28,2018-06-09,0
HUGGINGFACE-e9bd0a79f4e4,"ע""פ 1244/17",ראמי גזאוי נ. מדינת ישראל,homicide_murder,defendant,sentence_relief_only,נ' הנדל | א' שהם | ג' קרא,2016-12-25,2015-04-21,2016-12-25,2018-06-19,1
HUGGINGFACE-c284beed7965,"ע""פ 3652/15",מוחמד נחלה נ. היועץ המשפטי לממשלה,homicide_murder,defendant,none,ח' מלצר | נ' הנדל | א' שהם,2015-04-28,2003-10-22,2015-04-28,2018-07-27,1
HUGGINGFACE-1924b8bf45bc,"ע""פ 2868/13",אלישע חייבטוב נ. מדינת ישראל,homicide_murder,defendant,sentence_relief_only,ח' מלצר | א' שהם | ד' ברק-ארז,2011-05-30,2002-06-12,2011-05-30,2018-07-31,1
HUGGINGFACE-86ba04cdc060,"ע""פ 2556/17",ישראל חנניאייב נ. מדינת ישראל,homicide_other,defendant,none,י' עמית | ד' ברק-ארז | ג' קרא,2017-02-20,,2017-02-20,2018-08-06,0
HUGGINGFACE-f666f63ae4db,"ע""פ 8574/17",שירי סובול נ. מדינת ישראל,homicide_murder,defendant,none,נ' הנדל | מ' מזוז | ג' קרא,2017-09-19,2016-02-18,2017-09-19,2018-08-10,1
HUGGINGFACE-41d4c6be4456,"ע""פ 7007/15",ארז שמיל נ. מדינת ישראל,homicide_murder,defendant,none,ע' פוגלמן | ד' ברק-ארז | ע' ברון,2015-09-16,2014-03-13,2015-09-16,2018-09-03,1
HUGGINGFACE-619eee149049,"ע""פ 3250/17",שלמה פינטו נ. מדינת ישראל,homicide_murder,defendant,none,נ' הנדל | מ' מזוז | ג' קרא,2017-02-27,2016-12-07,2017-02-27,2018-10-12,1
HUGGINGFACE-4ceebca2eeb0,"ע""פ 5205/17",שתילה בו עיאדה נ. מדינת ישראל,homicide_murder,defendant,none,ע' פוגלמן | י' וילנר | א' שטיין,2017-02-27,,2017-02-27,2018-10-13,0
HUGGINGFACE-76611d2db345,"ע""פ 7899/16",נור אלדין אבו חאשיה נ. מדינת ישראל,homicide_murder,defendant,none,י' עמית | ד' מינץ | ע' גרוסקופף,2016-05-18,2014-11-10,2016-05-18,2018-10-14,1
HUGGINGFACE-2e816273ed86,"ע""פ 8483/16",יונתן ועדיה נ. מדינת ישראל,homicide_other,defendant,none,(בדימ') א' שהם | ג' קרא | י' אלרון,2016-09-21,,2016-09-21,2018-10-23,0
HUGGINGFACE-e135fc674616,"ע""פ 2418/17",חאלד קוטינה נ. מדינת ישראל,homicide_murder,defendant,none,מ' מזוז | י' וילנר | א' שטיין,,,2017-10-24,2018-10-23,1
HUGGINGFACE-4f4c677fc633,"ע""פ 2589/15",פרדי וינוקורסקי נ. מדינת ישראל,homicide_murder,defendant,none,ח' מלצר | ( בדימ ') א' שהם | ע' ברון,2015-03-08,2017-07-03,2015-03-08,2018-10-27,1
HUGGINGFACE-56a286b30f55,"ע""פ 2859/18",מוחמד ח'ארוף נ. מדינת ישראל,homicide_murder,defendant,none,ע' פוגלמן | מ' מזוז | י' וילנר,2018-02-25,2017-05-25,2018-02-25,2018-11-09,1
HUGGINGFACE-bbe152e0685f,"ע""פ 4855/16",מוחמד שוויקי נ. מדינת ישראל,homicide_murder,defendant,none,נ' הנדל | מ' מזוז | י' וילנר,2016-04-19,2013-06-11,2016-04-19,2018-11-09,1
HUGGINGFACE-2ea49c56d936,"ע""פ 10105/16",מיכאל (מיקי) מיכלאשוילי נ. מדינת ישראל,homicide_other,defendant,none,נ' הנדל | ע' ברון | ג' קרא,2016-11-15,,2016-11-15,2018-11-11,0
HUGGINGFACE-81fb7c34cc29,"ע""פ 10045/17",מנחם רבאייב נ. מדינת ישראל,homicide_murder,defendant,sentence_relief_only,ע' פוגלמן | מ' מזוז | ע' ברון,2017-11-21,2015-04-06,2017-11-21,2018-11-17,1
HUGGINGFACE-d2b5576fcf60,"ע""פ 961/16",ג'האד אלהרוש נ. מדינת ישראל,homicide_other,defendant,none,א' חיות | ח' מלצר | נ' הנדל,2016-01-05,,2016-01-05,2018-11-23,0
HUGGINGFACE-a68d4eb5f1ad,"ע""פ 7020/17",אלכסנדר מכניצקי נ. מדינת ישראל,homicide_murder,defendant,none,י' עמית | ג' קרא | א' שטיין,2017-05-03,2015-10-01,2017-05-03,2018-11-24,1
HUGGINGFACE-4c5a1c8adc1a,"ע""פ 6888/17",אריה ריקו שירזי נ. מדינת ישראל,homicide_other,defendant,none,ע' פוגלמן | ע' ברון | ע' גרוסקופף,2017-07-18,,2017-07-18,2018-12-09,1
HUGGINGFACE-f43158b66185,"ע""פ 6568/16",מנהל אסעד נ. מדינת ישראל,homicide_other,defendant,none,ח' מלצר | ג' קרא | ע' גרוסקופף,2016-07-03,,2016-07-03,2019-01-06,0
HUGGINGFACE-312e11949c4a,"ע""פ 1299/17",שרוק דוויאת נ. מדינת ישראל,homicide_murder,defendant,none,ע' פוגלמן | י' וילנר | ע' גרוסקופף,2016-12-25,2016-09-21,2016-12-25,2019-01-11,1
HUGGINGFACE-d35e2fc6029e,"ע""פ 8791/17",ג'מיל אמר נ. מדינת ישראל,homicide_other,defendant,none,נ' הנדל | ג' קרא | א' שטיין,2017-09-27,,2017-09-27,2019-01-29,0
HUGGINGFACE-f566cc01d722,"ע""פ 3011/17",מיכה מכלוף פרץ נ. מדינת ישראל,homicide_murder,defendant,none,נ' הנדל | ע' גרוסקופף | א' שטיין,2017-02-22,,2017-02-22,2019-01-29,1
HUGGINGFACE-1ce75f87ae31,"ע""פ 4576/18",תומס גרוס נ. מדינת ישראל,homicide_murder,defendant,none,נ' סולברג | ג' קרא | י' אלרון,2018-05-14,2015-03-10,2018-05-14,2019-02-23,1
HUGGINGFACE-4e706b2ad5a6,"ע""פ 4524/18",אמיל חנוכייב נ. מדינת ישראל,homicide_murder,defendant,none,ע' פוגלמן | מ' מזוז | י' אלרון,2018-04-30,,2018-04-30,2019-03-01,0
HUGGINGFACE-2c6186d24c78,"ע""פ 3745/17",ישראל אלבז נ. מדינת ישראל,homicide_murder,defendant,sentence_relief_only,ד' ברק-ארז | ד' מינץ | י' אלרון,2017-03-30,2015-09-02,2017-03-30,2019-03-08,1
HUGGINGFACE-f2860d69af94,"ע""פ 2002/18",נור אל סאנע נ. מדינת ישראל,homicide_other,defendant,none,נ' סולברג | ד' מינץ | א' שטיין,2018-01-23,,2018-01-23,2019-03-18,1
HUGGINGFACE-29210ca38a96,"ע""פ 7682/18",מוחמד עלקם נ. מדינת  ישראל,homicide_other,defendant,none,נ' סולברג | ע' ברון | א' שטיין,2018-09-12,,2018-09-12,2019-04-02,1
HUGGINGFACE-debe1b36e3ef,"ע""פ 7556/15",ניקולה דמיטרוב קונקיוב נ. מדינת ישראל,homicide_murder,defendant,none,י' עמית | ג' קרא | י' וילנר,2015-09-21,2012-08-24,2015-09-21,2019-04-09,1
HUGGINGFACE-325619a6f1c2,"ע""פ 1937/18",מוראד רג'בי נ. מדינת ישראל,homicide_murder,defendant,none,י' עמית | ד' מינץ | י' וילנר,,,2018-04-17,2019-04-16,1
HUGGINGFACE-02a763ded951,"ע""פ 7367/18",איימן כורד נ. מדינת ישראל,homicide_murder,defendant,none,י' עמית | ד' מינץ | י' וילנר,2018-09-06,,2018-09-06,2019-04-30,0
HUGGINGFACE-e621712d907b,"ע""פ 3806/16",ליאור בלטי נ. מדינת ישראל,homicide_murder,defendant,sentence_relief_only,י' עמית | ע' ברון | י' אלרון,2013-12-02,2015-09-02,2013-12-02,2019-05-21,1
HUGGINGFACE-d897082c9482,"ע""פ 5135/18",מחמד עבידיה נ. מדינת ישראל,homicide_other,defendant,none,נ' הנדל | ג' קרא | י' וילנר,2018-05-22,,2018-05-22,2019-06-24,0
HUGGINGFACE-67884dea231c,"ע""פ 1828/14",אשר דאהן נ. מדינת ישראל,homicide_murder,defendant,sentence_relief_only,ח' מלצר | ג' קרא | י' אלרון,2014-01-21,,2014-01-21,2019-06-25,0
HUGGINGFACE-abf73ddc3f7c,"ע""פ 2362/16",ערן אליהו קרני נ. מדינת ישראל,homicide_murder,defendant,none,י' עמית | ד' מינץ | ע' גרוסקופף,2016-02-24,2015-12-21,2016-02-24,2019-06-29,1
HUGGINGFACE-89dcc28b147a,"ע""פ 3510/16",עמאר אבו דקה נ. מדינת ישראל,homicide_murder,defendant,sentence_relief_only,נ' סולברג | ג' קרא | י' וילנר,2016-03-15,2019-01-10,2016-03-15,2019-07-15,1
HUGGINGFACE-2c4e0794f84b,"ע""פ 3810/17",מחמד מסעד נ. מדינת ישראל,homicide_murder,defendant,none,נ' סולברג | י' אלרון | א' שטיין,2017-01-29,,2017-01-29,2019-08-03,1
HUGGINGFACE-b09441243094,"ע""פ 5113/19",אבירם זגורי נ. מדינת ישראל,homicide_murder,defendant,none,א' חיות,2019-07-07,,2019-07-07,2019-08-05,0
HUGGINGFACE-82cce4062186,"ע""פ 5647/19",יניב זגורי נ. מדינת ישראל,homicide_murder,defendant,none,א' חיות,2019-08-26,,2019-08-26,2019-08-31,1
HUGGINGFACE-eb11a99ff93f,"ע""פ 1900/18",אברהם ילמה נ. מדינת ישראל,homicide_murder,defendant,sentence_relief_only,ע' פוגלמן | ע' ברון | ד' מינץ,2017-09-18,2018-01-22,2017-09-18,2019-09-14,1
HUGGINGFACE-6b7ae11720f4,"ע""פ 4908/18",פואד אל עסייוי נ. מדינת ישראל,homicide_other,defendant,sentence_relief_only,מ' מזוז | י' אלרון | א' שטיין,2018-05-13,,2018-05-13,2019-10-26,0
HUGGINGFACE-a8c46f7e7f77,"ע""פ 8965/18",מחמוד מחאג'נה נ. מדינת ישראל,homicide_murder,defendant,sentence_relief_only,נ' הנדל | ע' ברון | י' אלרון,2018-11-15,2019-07-10,2018-11-15,2019-11-01,1
HUGGINGFACE-1f708c0636a5,"ע""פ 10033/17",בילאל שאכר נ. מדינת ישראל,homicide_murder,defendant,none,ד' ברק-ארז | ד' מינץ | י' וילנר,2017-08-21,2017-11-19,2017-08-21,2019-12-09,1
HUGGINGFACE-7f8440ce6bf0,"ע""פ 3880/17",ראמי זיאדאת נ. מדינת ישראל,homicide_murder,defendant,none,ח' מלצר | ג' קרא | י' אלרון,2017-03-28,,2017-03-28,2019-12-29,0
HUGGINGFACE-047748cb2db9,"ע""פ 3308/17",ערפאת וחידי נ. מדינת ישראל,homicide_murder,defendant,sentence_relief_only,י' עמית | ע' גרוסקופף | א' שטיין,,2014-05-08,2019-01-14,2020-01-13,1
HUGGINGFACE-0602fabdbd9a,"ע""פ 5754/19",פריסיליה קשתי נ. מדינת ישראל,homicide_other,defendant,none,י' עמית | ג' קרא | י' וילנר,2019-07-02,,2019-07-02,2020-01-20,0
HUGGINGFACE-1a9416207cec,"ע""פ 1075/20",סנד אלקאדי נ. מדינת  ישראל,homicide_murder,defendant,none,א' חיות,2020-02-04,,2020-02-04,2020-02-11,0
HUGGINGFACE-1a7eb30e2636,"ע""פ 4450/18",כאמל דיאב נ. מדינת ישראל,homicide_other,defendant,none,י' עמית | נ' סולברג | ע' ברון,,,2019-03-01,2020-02-28,1
HUGGINGFACE-72823df71b0f,"ע""פ 8164/19",ריאד אבו שנדי נ. מדינת ישראל,homicide_other,defendant,none,א' חיות | ע' פוגלמן | מ' מזוז,2019-10-24,,2019-10-24,2020-03-31,0
HUGGINGFACE-c3413672b5fd,"ע""פ 8074/16",יורי סוליימנוב נ. מדינת ישראל,homicide_murder,defendant,sentence_relief_only,ח' מלצר | מ' מזוז | י' וילנר,2016-07-31,2014-06-01,2016-07-31,2020-03-31,1
HUGGINGFACE-65a971fc803d,"ע""פ 940/19",ג'ורג' גרייב נ. מדינת ישראל,homicide_other,defendant,none,ח' מלצר | ד' מינץ | י' אלרון,2019-01-29,2019-07-10,2019-01-29,2020-04-03,1
HUGGINGFACE-88c8306bdf8b,"ע""פ 3891/19",מיכאל זפרן זוארץ נ. מדינת ישראל,homicide_other,defendant,conviction_reversed_or_acquittal,ע' פוגלמן | מ' מזוז | ג' קרא,2019-04-30,,2019-04-30,2020-04-03,0
HUGGINGFACE-470e04d3e2d4,"ע""פ 6501/18",עלאא דאר עאצי נ. מדינת ישראל,homicide_murder,defendant,none,נ' סולברג | י' אלרון | א' שטיין,2018-04-16,,2018-04-16,2020-04-20,1
HUGGINGFACE-0db82fe6d11a,"ע""פ 8156/19",מעיין קריף נ. מדינת ישראל,homicide_other,defendant,sentence_relief_only,נ' סולברג | ג' קרא | א' שטיין,2019-11-03,,2019-11-03,2020-05-05,0
HUGGINGFACE-45e57a8ed4ab,"ע""פ 4737/18",ברק נגר נ. מדינת ישראל,homicide_murder,defendant,none,י' עמית | ע' ברון | א' שטיין,2018-05-07,2016-06-08,2018-05-07,2020-05-10,1
HUGGINGFACE-473f9ebe47ed,"ע""פ 9560/17",בהאא עויסאת נ. מדינת ישראל,homicide_murder,defendant,sentence_relief_only,נ' סולברג | מ' מזוז | א' שטיין,2017-03-30,,2017-03-30,2020-05-19,1
HUGGINGFACE-11fcba5513c8,"ע""פ 205/19",ולדיסלב לברוב נ. מדינת ישראל,homicide_murder,defendant,none,נ' סולברג | י' אלרון | י' וילנר,2018-11-26,,2018-11-26,2020-06-05,0
HUGGINGFACE-226ffb1b03ea,"ע""פ 2356/17",סמיח רגבי נ. מדינת ישראל,homicide_other,defendant,sentence_relief_only,י' עמית | ד' ברק-ארז | מ' מזוז,,,2019-06-29,2020-06-27,1
HUGGINGFACE-a9d014614ff6,"ע""פ 858/20",פארס ג'ארבאן נ. מדינת ישראל,homicide_other,defendant,none,ד' ברק-ארז | ע' ברון | ג' קרא,2019-12-18,,2019-12-18,2020-06-30,0
HUGGINGFACE-84fd038cd400,"ע""פ 55/20",ראיד רושרוש נ. מדינת ישראל,homicide_murder,defendant,none,נ' הנדל | ג' קרא | א' שטיין,2019-11-21,2017-01-18,2019-11-21,2020-07-17,1
HUGGINGFACE-fcd2e2fadba7,"ע""פ 7380/18",פרחאן אלסאנע נ. מדינת ישראל,homicide_other,defendant,none,מ' מזוז | ע' ברון | י' אלרון,2018-06-21,,2018-06-21,2020-07-25,0
HUGGINGFACE-c035d612bcd5,"ע""פ 864/20",תלעת אלכמלאת נ. מדינת ישראל,homicide_other,defendant,none,י' עמית | ד' ברק-ארז | ע' גרוסקופף,,,2019-08-05,2020-08-03,1
HUGGINGFACE-98644a2130c5,"ע""פ 6962/17",אברהם קשת נ. מדינת ישראל,homicide_murder,defendant,none,י' עמית | ע' גרוסקופף | א' שטיין,2017-06-25,,2017-06-25,2020-08-22,0
HUGGINGFACE-12e562673cf2,"ע""פ 880/20",יוסף לוגסי נ. מדינת  ישראל,homicide_other,defendant,none,י' עמית | ע' ברון | ע' גרוסקופף,,,2019-09-10,2020-09-08,1
HUGGINGFACE-178eef938955,"ע""פ 8263/18",עלי אבו חסן נ. מדינת ישראל,homicide_murder,defendant,none,י' עמית | ע' ברון | ע' גרוסקופף,2018-04-25,,2018-04-25,2020-10-16,0
HUGGINGFACE-18f2d777f6ed,"ע""פ 4820/18",יהושע אליצור נ. פרקליטות המדינה,homicide_other,defendant,sentence_relief_only,י' עמית | ע' ברון | ע' גרוסקופף,2018-05-09,,2018-05-09,2020-10-26,0
HUGGINGFACE-8bfeb9315f18,"ע""פ 9232/18",גיאורגי טוטיקוב נ. מדינת ישראל,homicide_murder,defendant,none,א' חיות | נ' הנדל | ד' מינץ,2018-11-15,,2018-11-15,2020-11-03,0
HUGGINGFACE-ba5b076a800a,"ע""פ 4594/18",אלכסי פרידלין נ. מדינת ישראל,homicide_murder,defendant,none,י' עמית | ע' ברון | י' אלרון,2018-04-29,2015-06-18,2018-04-29,2020-11-16,1
HUGGINGFACE-d4352b8318fb,"ע""פ 3092/20",נור נאצר נ. מדינת ישראל,homicide_other,defendant,none,ע' ברון | י' אלרון | ע' גרוסקופף,2020-03-01,,2020-03-01,2020-11-17,0
HUGGINGFACE-82416e8d24e8,"ע""פ 2928/20",חיים ביטון נ. מדינת ישראל,homicide_murder,defendant,none,י' עמית | ע' ברון | ד' מינץ,2019-11-17,,2019-11-17,2020-11-22,0
HUGGINGFACE-7f66273e473f,"ע""פ 757/20",אנס בדראן נ. מדינת ישראל,homicide_other,defendant,none,ע' פוגלמן | מ' מזוז | י' וילנר,2019-12-18,,2019-12-18,2020-11-27,1
HUGGINGFACE-14b1a55ca6a7,"ע""פ 1130/19",נאצר שוא נ. מדינת ישראל,homicide_murder,defendant,none,נ' הנדל | ד' מינץ | י' אלרון,2018-12-31,2017-07-03,2018-12-31,2020-12-25,1
