case_id,term,match,position,in_reasoning,manual_reason,context
HUGGINGFACE-0cc9e938c435,טלוויזיה,בטלוויזיה,8673,0,B,", השאלה האם הוא הסיע במכוניתו את המחבל שהתאבד בנתניה הטרידה את מנוחתו. עסאף המשיך לטעון כי אין קשר בין הפיגוע לבין ה""בדווי"" שנסע עמם. תמונתו של המחבל לא פורסמה בטלוויזיה ובאינטרנט ולפיכך לא התגבשה אצל אבו מוך הכרה ברורה בשאלה שהציקה לו. אבו מוך החליט להיוועץ בחבר שאמר לו שלא ינקוט צעדים עד שלא תובהר לו בצורה וודאית זהותו של המח"
HUGGINGFACE-0cc9e938c435,פרסום,פורסמה,8666,0,B,"אבו מוך, השאלה האם הוא הסיע במכוניתו את המחבל שהתאבד בנתניה הטרידה את מנוחתו. עסאף המשיך לטעון כי אין קשר בין הפיגוע לבין ה""בדווי"" שנסע עמם. תמונתו של המחבל לא פורסמה בטלוויזיה ובאינטרנט ולפיכך לא התגבשה אצל אבו מוך הכרה ברורה בשאלה שהציקה לו. אבו מוך החליט להיוועץ בחבר שאמר לו שלא ינקוט צעדים עד שלא תובהר לו בצורה וודאית זה"
HUGGINGFACE-0cc9e938c435,פרסום,פרסום,31389,1,B,"עולות הבירור שנקט הינה שעם היוודע דבר הפיגוע לכפיר הוא התקשר אל סיף וביקש לברר מה מעשיהם של שני הנוסעים. בהתייחסו לשיחת טלפון זו קבע בית המשפט המחוזי: ""מייד עם פרסום דבר הפיגוע [כפיר – מ.נ.] טלפן אל סיף ושאל אותו למעשיהם של השניים שהוסעו ברכבם כמה שעות קודם לכן. ודוק, כפיר לא התעניין במעשיהם של שב""ח רבים שהסיע; הוא התעניין "
HUGGINGFACE-8286d0289967,תקשורת,תקשורת,16593,1,C,"מלין על חומרת העונש שהוטל עליו, וטוען כי מדובר בדרגת ענישה חסרת תקדים בחומרתה. עוד טוען המערער כי תכלית הענישה שהוטלה עליו הינה ""ענישה מתוך נקמנות גרידא וריצוי תקשורת מתלהמת ודעת קהל"", וכי ""כליאתו הינה רק למען סיפוק יצר הנקמה"". בניסיון לתמוך בטענתו הכביר המערער בהבאת אסמכתאות המבטאות, לטעמו, את חומרת העונש שהוטל עליו. לא ראי"
HUGGINGFACE-f3ad25565ecf,תקשורת,ולתקשורת,10290,1,B,"את הרצח. כך, על-פי התכנית המוצעת, ""ישוכפלו"" כלי-רכב הזהים לאלה שבהם נסעו המעורבים ברצח, ובתוכם יוטמנו ראיות מפלילות כדוגמת כלי-הרצח. בהמשך, יתקשר המדובב למשטרה ולתקשורת באופן אנונימי, וימסור פרטים מוכמנים אודות הרצח, ובעקבות כך לא יהיה מנוס מלשחרר את סולימאן ובני משפחתו מן המעצר (ת/43 אמרה 3; עמ' 314-315 לפרוטוקול הדיון). ואכן"
HUGGINGFACE-67b0f34fb8bc,תקשורת,התקשורת,18731,0,B,"ידי באת-כוחו של המערער. לבסוף ציין בית המשפט את התנהגות המערער לאחר ששמע על הפיגוע. מעדויות המערער ובני משפחתו עולה כי הלה היה נסער מאד עת שמע על הפיגוע באמצעי התקשורת. בהמשך, המערער הוציא את כרטיס ה- SIM שבו השתמש מתוך הטלפון הנייד שלו, שבר אותו וקבר אותו בבור ואף החליף את מספר הטלפון הסלולרי שהיה ברשותו. מעשים אלה, כך נקבע,"
HUGGINGFACE-eb19ba05ddfc,טלוויזיה,הטלוויזיה,3077,0,A,"ים והרלבנטיים לצורך כתיבת חוות דעת אובייקטיבית. כך גם לא עמדו בפניו קלטת שחזור הרצח על-ידי המערער, מכתבי המערער לילדיו לפני הרצח, הראיונות שהעניק המערער לערוצי הטלוויזיה, והכרעת הדין שניתנה. המומחה הסתמך על גרסת המערער שנמסרה לו, מבלי להתייחס לסתירות בינה לבין הודעותיו במשטרה, ולקביעת בית המשפט כי גרסתו לפיה איימה המנוחה להרוג "
HUGGINGFACE-eb19ba05ddfc,טלוויזיה,בטלוויזיה,8210,0,A,"ו על-ידי איגוד הפסיכיאטריה הישראלי. הפסיקה שבה והדגישה כי הפרעת אישיות אין די בה לצורך קביעת ענישה מופחתת. התכנון המוקדם של המעשה וביצועו בקור רוח ואף הופעותיו בטלוויזיה לאחר מכן מצביעים כולם על העדר הפרעה נפשית שגרמה למעשה. באשר לניכוי ימי המעצר מפנה המדינה לסעיף 8 לחוק שחרור על תנאי ממאסר, התשס""א-2001, הקובע את ניכוי ימי המעצ"
HUGGINGFACE-eb19ba05ddfc,ראיון,הראיונות,3047,0,A,"מומחה לא עמדו כל החומרים הדרושים והרלבנטיים לצורך כתיבת חוות דעת אובייקטיבית. כך גם לא עמדו בפניו קלטת שחזור הרצח על-ידי המערער, מכתבי המערער לילדיו לפני הרצח, הראיונות שהעניק המערער לערוצי הטלוויזיה, והכרעת הדין שניתנה. המומחה הסתמך על גרסת המערער שנמסרה לו, מבלי להתייחס לסתירות בינה לבין הודעותיו במשטרה, ולקביעת בית המשפט כי"
HUGGINGFACE-b52710b2c548,טלוויזיה,בטלוויזיה,75375,1,B,"כל לקדם את קיום המשפט החוזר באמצעות שימוש במידע מ""המאגר"" על מנת ללחוץ על גורמים אשר יוכלו לסייע לו לקדם את נושא המשפט החוזר"" (שם). יום אחד, כאשר הוא צופה לתומו בטלוויזיה, נודע לזוזיאשווילי על הירצחו של השופט אזר. או אז: ""חשש הנאשם כי חקירת הרצח תוביל לחשיפת המעקבים ובעקבות כך לאיבוד המידע אשר היה אמור לשמש תמריץ לפרקליטות להסכי"
HUGGINGFACE-33edb928a24f,תקשורת,התקשורת,6263,0,A,"ט , בין היתר בנוגע למיקום החילוף השני (לאחר התאונה), תיאור מסלול הנסיעה ומידת השכרות של השניים. על הגרסה שמסר ימיני הוסיף בית המשפט אמרות חוץ שלו בראיונות לכלי התקשורת. באמרה הראשונה מיום הסגרתו למשטרה (19.10.08) טען ימיני כי אינו זוכר כלום ממה שקרה ואף הטיל ספק אם היה נוכח בשעת התאונה. באמרה נוספת, שניתנה כעשרה חודשים מאוחר "
HUGGINGFACE-33edb928a24f,טלוויזיה,טלוויזיוני,6453,0,A,"גרתו למשטרה (19.10.08) טען ימיני כי אינו זוכר כלום ממה שקרה ואף הטיל ספק אם היה נוכח בשעת התאונה. באמרה נוספת, שניתנה כעשרה חודשים מאוחר יותר, טען ימיני בראיון טלוויזיוני כי אמנם היה ברכב אולם לא נהג, וכשנשאל מה עשה באותו הזמן ענה ""ישנתי"". בית המשפט הסתמך גם על אמרותיו של אחד העדים, שבמהלך החקירה הגיע לתחנת המשטרה ושוחח עם ראש צ"
HUGGINGFACE-33edb928a24f,ראיון,בראיונות,6249,0,A,"ותו ב בית המשפט , בין היתר בנוגע למיקום החילוף השני (לאחר התאונה), תיאור מסלול הנסיעה ומידת השכרות של השניים. על הגרסה שמסר ימיני הוסיף בית המשפט אמרות חוץ שלו בראיונות לכלי התקשורת. באמרה הראשונה מיום הסגרתו למשטרה (19.10.08) טען ימיני כי אינו זוכר כלום ממה שקרה ואף הטיל ספק אם היה נוכח בשעת התאונה. באמרה נוספת, שניתנה כעשרה "
HUGGINGFACE-33edb928a24f,ראיון,בראיון,6446,0,A,"מיום הסגרתו למשטרה (19.10.08) טען ימיני כי אינו זוכר כלום ממה שקרה ואף הטיל ספק אם היה נוכח בשעת התאונה. באמרה נוספת, שניתנה כעשרה חודשים מאוחר יותר, טען ימיני בראיון טלוויזיוני כי אמנם היה ברכב אולם לא נהג, וכשנשאל מה עשה באותו הזמן ענה ""ישנתי"". בית המשפט הסתמך גם על אמרותיו של אחד העדים, שבמהלך החקירה הגיע לתחנת המשטרה ושו"
HUGGINGFACE-3f412057428f,תקשורת,התקשורת,34645,1,B,"הפרט היחיד המופיע הוא שפאטן נלקחה לפלמחים. ברם, עובדה זו הייתה ידועה לאנואר עוד טרם מעצרו. על פי עדותו, שלא נסתרה, דבר הימצאותה של פאטן באזור פלמחים פורסם בכלי התקשורת למחרת האירוע (יום שבת). נתון נוסף הוא שתיאור אנואר בדבר נסיבות מסירת ההודאה נסתר על ידי ראיות אובייקטיביות. כפי שצוין לעיל, על פי עדותו של אנואר, לאחר שנסעו הש"
HUGGINGFACE-3f412057428f,חדשות,בחדשות,37515,1,B,"טוען שסיפר לה על התוודות המערער בפניו. מסכים אני כי לחיזוק הנובע מאמרות האם יש משקל. הקושי הוא לקבוע את מידתו. על פי עדותו של אנואר, הוא ואמו היו ביחד כאשר ראו בחדשות שפאטן נמצאה באזור פלמחים. הואיל ואנואר מכיר את פאטן בשמה ומהחומר עולה שאף מודע לקשר בינה ובין המערער, סביר מאוד להניח כי הוא ואמו שוחחו על העניין. דבר זה יכול "
HUGGINGFACE-3f412057428f,פרסום,פורסם,34634,1,B,"ן החיצוני. הפרט היחיד המופיע הוא שפאטן נלקחה לפלמחים. ברם, עובדה זו הייתה ידועה לאנואר עוד טרם מעצרו. על פי עדותו, שלא נסתרה, דבר הימצאותה של פאטן באזור פלמחים פורסם בכלי התקשורת למחרת האירוע (יום שבת). נתון נוסף הוא שתיאור אנואר בדבר נסיבות מסירת ההודאה נסתר על ידי ראיות אובייקטיביות. כפי שצוין לעיל, על פי עדותו של אנואר, "
HUGGINGFACE-686e90bb4154,תקשורת,התקשורת,21804,0,B,"פני הרצח. מחמד העיד כי בפגישה נכחו מלבדו גם קורעאן, אסמר ואדם חבוש פאה שהרכיב משקפיים בשם מג'די. עוד טען הוא כי אינו מכיר כלל את המערער, אלא מפרסום תמונתו בכלי התקשורת. 31. מג'די שמשפטו הופרד, כאמור, ממשפטו של המערער בשלב מאוחר, העיד מטעם ההגנה, תוך שהמשיבה הצהירה כי לא תעשה שימוש בעדותו לחובתו. מג'די העיד על תכנון הרצח ומסר "
HUGGINGFACE-686e90bb4154,פרסום,מפרסום,21785,0,B,"-הקפה ברמאללה יום לפני הרצח. מחמד העיד כי בפגישה נכחו מלבדו גם קורעאן, אסמר ואדם חבוש פאה שהרכיב משקפיים בשם מג'די. עוד טען הוא כי אינו מכיר כלל את המערער, אלא מפרסום תמונתו בכלי התקשורת. 31. מג'די שמשפטו הופרד, כאמור, ממשפטו של המערער בשלב מאוחר, העיד מטעם ההגנה, תוך שהמשיבה הצהירה כי לא תעשה שימוש בעדותו לחובתו. מג'די העיד"
HUGGINGFACE-e3f55aa10d4d,תקשורת,התקשורת,7027,0,A," כי במסגרת תפקידיו של המערער ופעילותו בחמאס כראש הזרוע הצבאית והדובר הישיר, קיים המערער קשר ישיר עם הנהגת החמאס בסוריה, ארגן הפגנות ויצג את החמאס בראיונות לכלי התקשורת. כמו כן, קיבל ממנהיגי החמאס בסוריה עשרות אלפי דולרים למימון פעילות החמאס. במסגרת פעילותו, קשר המערער קשר עם פעילי החמאס בטול כרם לרכישת נשק ותחמושת מסוגים שוני"
HUGGINGFACE-e3f55aa10d4d,תקשורת,התקשורת,39428,1,A,"פיו, וכך עולה ממהות המעשים אשר ביצע באישום הראשון. יתרה מכך, בהליך קמא המערער לא הכחיש כי שימש כמנהיג פוליטי בכיר בתנועת החמאס ואף ייצג את התנועה בראיונות לכלי התקשורת, וכן שהיה מוכר בטול כרם כפעיל חמאס בכיר. באשר למעורבות המערער בקשירת קשר לביצוע עבירות בנשק, על פי המסגרת שהוצגה לפיה אין להתייחס במסגרת אישום זה להודאות המערע"
HUGGINGFACE-e3f55aa10d4d,ראיון,בראיונות,7013,0,A,"ם השלישי נטען, כי במסגרת תפקידיו של המערער ופעילותו בחמאס כראש הזרוע הצבאית והדובר הישיר, קיים המערער קשר ישיר עם הנהגת החמאס בסוריה, ארגן הפגנות ויצג את החמאס בראיונות לכלי התקשורת. כמו כן, קיבל ממנהיגי החמאס בסוריה עשרות אלפי דולרים למימון פעילות החמאס. במסגרת פעילותו, קשר המערער קשר עם פעילי החמאס בטול כרם לרכישת נשק ותחמוש"
HUGGINGFACE-e3f55aa10d4d,ראיון,בראיונות,39414,1,A,"מפורשות של שותפיו, וכך עולה ממהות המעשים אשר ביצע באישום הראשון. יתרה מכך, בהליך קמא המערער לא הכחיש כי שימש כמנהיג פוליטי בכיר בתנועת החמאס ואף ייצג את התנועה בראיונות לכלי התקשורת, וכן שהיה מוכר בטול כרם כפעיל חמאס בכיר. באשר למעורבות המערער בקשירת קשר לביצוע עבירות בנשק, על פי המסגרת שהוצגה לפיה אין להתייחס במסגרת אישום זה "
HUGGINGFACE-12c9680d74b2,תקשורת,התקשורתי,25506,0,C,שורה של השגות כלליות נגד פסק-הדין. ביסוד השגות אלו עומדת טענת המערער לפיה בהרשעתו כמו גם בגזירת דינו הושפע בית משפט קמא משיקולים שאינם ממין העניין ובהם: הסיקור התקשורתי הנרחב של הפרשה מאז קרות התאונה; הלחץ הניכר שהפעילו משפחות הרוגי התאונה; והיכרותה האישית של שופטת בית משפט קמא עם מנהלים ובעלים באגד – מקום עבודתם של חמשת ההרוג
HUGGINGFACE-12c9680d74b2,סיקור,הסיקור,25499,0,C,המערער שורה של השגות כלליות נגד פסק-הדין. ביסוד השגות אלו עומדת טענת המערער לפיה בהרשעתו כמו גם בגזירת דינו הושפע בית משפט קמא משיקולים שאינם ממין העניין ובהם: הסיקור התקשורתי הנרחב של הפרשה מאז קרות התאונה; הלחץ הניכר שהפעילו משפחות הרוגי התאונה; והיכרותה האישית של שופטת בית משפט קמא עם מנהלים ובעלים באגד – מקום עבודתם של ח
HUGGINGFACE-12c9680d74b2,טלוויזיה,הטלוויזיוני,9598,0,A,"ן נסיעתו דלק אור אדום (עמ' 28 לפרוטוקול הדיון מיום 19.6.2007; ת/55). בחקירתו הנגדית, עומת בכר עם העובדה שבמהלך ראיון טלויזיה שערך עמו עודד בן עמי (להלן: הראיון הטלוויזיוני ), הוא נשאל במפורש אם הבחין בכך שרכב המאזדה נכנס לצומת בעת שדלק ברמזור אור אדום והשיב על כך בשלילה (נ/2-נ/3). אף על פי כן, לא מצא בית המשפט כי יש בעובדה זו כדי"
HUGGINGFACE-12c9680d74b2,טלוויזיה,הטלוויזיוני,9997,0,A,"ום – גרסה אותה מסר לראשונה כבר בזירת התאונה סמוך לאחר התרחשותה ואשר עליה, כאמור, שב וחזר גם בעדותו בבית המשפט. בית המשפט הוסיף וציין כי אף שדבריו של בכר בראיון הטלוויזיוני מעוררים תחושת אי-נוחות, ניתן על ידו הסבר מספק לסתירה שבדבריו בציינו כי הונחה על ידי הגורמים הרלוונטיים במשטרה שלא לומר בראיון דבר העלול לשבש את החקירה ולפיכך ה"
HUGGINGFACE-12c9680d74b2,טלוויזיה,הטלוויזיוני,10314,0,A,"חקירה ולפיכך החליט להימנע ממסירת הפרט הנוגע לצבע האור שדלק ברמזור (עמ' 60-61 לפרוטוקול הדיון מיום 16.9.2007). בנסיבות אלו, מצא בית המשפט כי דבריו של בכר בראיון הטלוויזיוני נבעו מרצונו של העד ""לעשות רושם"" ומפרשנותו השגויה להנחיית המשטרה, אך אין בהם כדי להעיד כי הגרסה שמסר בהודעתו במשטרה ובעדותו בבית המשפט אינה אמת. עוד הדגיש בית ה"
HUGGINGFACE-12c9680d74b2,טלוויזיה,הטלוויזיוני,18170,0,A,"יין האור שדלק ברמזור בכיוון נסיעתו. אשר לעדותו של בכר, נטען כי הוכח בבית משפט קמא דבר קיומה של סתירה מהותית בין הגרסה שמסר במשטרה ובבית המשפט לבין גרסתו בראיון הטלוויזיוני, אשר נערך חמש עשרה שעות בלבד לאחר התרחשות התאונה, ולפיה לא הבחין במופע אור אדום ברמזור בכיוון נסיעתו של המערער. יתרה מכך, אף בהתעלם מסתירה זו סבור המערער כי לא"
HUGGINGFACE-12c9680d74b2,טלוויזיה,הטלוויזיוני,28465,0,A,"וון נסיעתו של המערער נדלק האור הירוק בכיוון נסיעת רכב היונדאי. המשיבה מוסיפה ומציינת כי בית המשפט לא התעלם מן הסתירה שבין גרסתו של בכר בעדותו לגרסה שמסר בראיון הטלוויזיוני, אך סבר שאין לייחס לה חשיבות בקבלו את הסברו של בכר בעניין זה כי לאחר שהוזהר על ידי גורמי המשטרה לפני הראיון, חשש לחשוף את הפרט בדבר האור שדלק בכיוון נסיעת רכב "
HUGGINGFACE-12c9680d74b2,טלוויזיה,הטלוויזיוני,28877,0,A,אחד עם הגרסה המפורטת שמסר לשוטרים בזירת האירוע סמוך לאחר התאונה ואף מטעם זה סבורה המשיבה כי בדין מצא בית המשפט לאמץ את הגרסה שמסר בכר בעדותו למרות דבריו בראיון הטלוויזיוני. 14. אשר לעדותו של אזברגה סבורה המשיבה כי אין ממש בניסיונו של המערער לפגום באמינותו של עד זה ולהציגו כמי שמסר גירסה שקרית על מנת לכסות על היותו אחראי לתאונה. ה
HUGGINGFACE-12c9680d74b2,טלוויזיה,הטלוויזיוני,37196,1,A,"ן לראות את הרמזור היטב וברור (עמ' 67 לפרוטוקול הדיון מיום 26.6.2007; ת/27). 20. אין בידי לקבל בהקשר זה את טענת המערער לפיה הסתירה שעלתה בין גרסתו של בכר בראיון הטלוויזיוני לגרסתו בעדותו שומטת את הקרקע תחת העדות כולה. ראוי לזכור כי על פי סעיף 57 לפקודת הראיות [נוסח חדש], התשל""א – 1971 : ""ס תירות בעדותם של עדים אין בהן, כשלעצמן, כד"
HUGGINGFACE-12c9680d74b2,טלוויזיה,הטלוויזיוני,37875,1,A,"0)). בענייננו, ציין בכר בחקירתו הנגדית בבית המשפט כי הפער בין הגרסה שמסר בעדותו בבית המשפט ובהודעתו במשטרה בענין האור האדום שדלק ברמזור לבין הדברים שאמר בראיון הטלוויזיוני, מקורו בהנחיה שקיבל מגורמי החקירה הרלוונטיים להימנע מלומר באותו הראיון דברים העלולים לשבש את חקירת התאונה, ובלשונו של בכר: ""בהנחיה של קצין חקירות שחקר אותי בשט"
HUGGINGFACE-12c9680d74b2,ראיון,ראיון,9549,0,A," הבחין כי רכב המאזדה נכנס לצומת בעת שברמזור בכיוון נסיעתו דלק אור אדום (עמ' 28 לפרוטוקול הדיון מיום 19.6.2007; ת/55). בחקירתו הנגדית, עומת בכר עם העובדה שבמהלך ראיון טלויזיה שערך עמו עודד בן עמי (להלן: הראיון הטלוויזיוני ), הוא נשאל במפורש אם הבחין בכך שרכב המאזדה נכנס לצומת בעת שדלק ברמזור אור אדום והשיב על כך בשלילה (נ/2-"
HUGGINGFACE-12c9680d74b2,ראיון,הראיון,9591,0,A,"ר בכיוון נסיעתו דלק אור אדום (עמ' 28 לפרוטוקול הדיון מיום 19.6.2007; ת/55). בחקירתו הנגדית, עומת בכר עם העובדה שבמהלך ראיון טלויזיה שערך עמו עודד בן עמי (להלן: הראיון הטלוויזיוני ), הוא נשאל במפורש אם הבחין בכך שרכב המאזדה נכנס לצומת בעת שדלק ברמזור אור אדום והשיב על כך בשלילה (נ/2-נ/3). אף על פי כן, לא מצא בית המשפט כי יש ב"
HUGGINGFACE-12c9680d74b2,ראיון,בראיון,9990,0,A,"באור אדום – גרסה אותה מסר לראשונה כבר בזירת התאונה סמוך לאחר התרחשותה ואשר עליה, כאמור, שב וחזר גם בעדותו בבית המשפט. בית המשפט הוסיף וציין כי אף שדבריו של בכר בראיון הטלוויזיוני מעוררים תחושת אי-נוחות, ניתן על ידו הסבר מספק לסתירה שבדבריו בציינו כי הונחה על ידי הגורמים הרלוונטיים במשטרה שלא לומר בראיון דבר העלול לשבש את החק"
HUGGINGFACE-12c9680d74b2,ראיון,בראיון,10128,0,A,"ן כי אף שדבריו של בכר בראיון הטלוויזיוני מעוררים תחושת אי-נוחות, ניתן על ידו הסבר מספק לסתירה שבדבריו בציינו כי הונחה על ידי הגורמים הרלוונטיים במשטרה שלא לומר בראיון דבר העלול לשבש את החקירה ולפיכך החליט להימנע ממסירת הפרט הנוגע לצבע האור שדלק ברמזור (עמ' 60-61 לפרוטוקול הדיון מיום 16.9.2007). בנסיבות אלו, מצא בית המשפט כי "
HUGGINGFACE-12c9680d74b2,ראיון,בראיון,10307,0,A,"בש את החקירה ולפיכך החליט להימנע ממסירת הפרט הנוגע לצבע האור שדלק ברמזור (עמ' 60-61 לפרוטוקול הדיון מיום 16.9.2007). בנסיבות אלו, מצא בית המשפט כי דבריו של בכר בראיון הטלוויזיוני נבעו מרצונו של העד ""לעשות רושם"" ומפרשנותו השגויה להנחיית המשטרה, אך אין בהם כדי להעיד כי הגרסה שמסר בהודעתו במשטרה ובעדותו בבית המשפט אינה אמת. עוד"
HUGGINGFACE-12c9680d74b2,ראיון,בראיון,18163,0,A,"אים לעניין האור שדלק ברמזור בכיוון נסיעתו. אשר לעדותו של בכר, נטען כי הוכח בבית משפט קמא דבר קיומה של סתירה מהותית בין הגרסה שמסר במשטרה ובבית המשפט לבין גרסתו בראיון הטלוויזיוני, אשר נערך חמש עשרה שעות בלבד לאחר התרחשות התאונה, ולפיה לא הבחין במופע אור אדום ברמזור בכיוון נסיעתו של המערער. יתרה מכך, אף בהתעלם מסתירה זו סבור "
HUGGINGFACE-12c9680d74b2,ראיון,בראיון,28458,0,A,"רוק בכיוון נסיעתו של המערער נדלק האור הירוק בכיוון נסיעת רכב היונדאי. המשיבה מוסיפה ומציינת כי בית המשפט לא התעלם מן הסתירה שבין גרסתו של בכר בעדותו לגרסה שמסר בראיון הטלוויזיוני, אך סבר שאין לייחס לה חשיבות בקבלו את הסברו של בכר בעניין זה כי לאחר שהוזהר על ידי גורמי המשטרה לפני הראיון, חשש לחשוף את הפרט בדבר האור שדלק בכיוו"
HUGGINGFACE-12c9680d74b2,ראיון,הראיון,28578,0,A,"ירה שבין גרסתו של בכר בעדותו לגרסה שמסר בראיון הטלוויזיוני, אך סבר שאין לייחס לה חשיבות בקבלו את הסברו של בכר בעניין זה כי לאחר שהוזהר על ידי גורמי המשטרה לפני הראיון, חשש לחשוף את הפרט בדבר האור שדלק בכיוון נסיעת רכב המאזדה פן ישבש את החקירה. המשיבה מציינת עוד כי עדותו של בכר בבית המשפט עלתה בקנה אחד עם הגרסה המפורטת שמסר ל"
HUGGINGFACE-12c9680d74b2,ראיון,בראיון,28870,0,A,ה בקנה אחד עם הגרסה המפורטת שמסר לשוטרים בזירת האירוע סמוך לאחר התאונה ואף מטעם זה סבורה המשיבה כי בדין מצא בית המשפט לאמץ את הגרסה שמסר בכר בעדותו למרות דבריו בראיון הטלוויזיוני. 14. אשר לעדותו של אזברגה סבורה המשיבה כי אין ממש בניסיונו של המערער לפגום באמינותו של עד זה ולהציגו כמי שמסר גירסה שקרית על מנת לכסות על היותו אחר
HUGGINGFACE-12c9680d74b2,ראיון,בראיון,37189,1,A,"זדה ניתן לראות את הרמזור היטב וברור (עמ' 67 לפרוטוקול הדיון מיום 26.6.2007; ת/27). 20. אין בידי לקבל בהקשר זה את טענת המערער לפיה הסתירה שעלתה בין גרסתו של בכר בראיון הטלוויזיוני לגרסתו בעדותו שומטת את הקרקע תחת העדות כולה. ראוי לזכור כי על פי סעיף 57 לפקודת הראיות [נוסח חדש], התשל""א – 1971 : ""ס תירות בעדותם של עדים אין בהן,"
HUGGINGFACE-12c9680d74b2,ראיון,בראיון,37868,1,A,"1.9.2010)). בענייננו, ציין בכר בחקירתו הנגדית בבית המשפט כי הפער בין הגרסה שמסר בעדותו בבית המשפט ובהודעתו במשטרה בענין האור האדום שדלק ברמזור לבין הדברים שאמר בראיון הטלוויזיוני, מקורו בהנחיה שקיבל מגורמי החקירה הרלוונטיים להימנע מלומר באותו הראיון דברים העלולים לשבש את חקירת התאונה, ובלשונו של בכר: ""בהנחיה של קצין חקירות ש"
HUGGINGFACE-12c9680d74b2,ראיון,הראיון,37951,1,A,"ותו בבית המשפט ובהודעתו במשטרה בענין האור האדום שדלק ברמזור לבין הדברים שאמר בראיון הטלוויזיוני, מקורו בהנחיה שקיבל מגורמי החקירה הרלוונטיים להימנע מלומר באותו הראיון דברים העלולים לשבש את חקירת התאונה, ובלשונו של בכר: ""בהנחיה של קצין חקירות שחקר אותי בשטח קבלתי הוראה חד משמעית לא לשבש את החקירה בגלל זה בשידור אצל עודד בן עמ"
HUGGINGFACE-ba8c1575b41d,עיתונות,בעיתונות,6140,0,A,"תם של העדים, באשר יש להניח כי האירוע היה שיחת היום במסדרונות הארגון, ולכן ""הדעת נותנת"" ו""מטבע הבריות"" כי העדים הזינו האחד את חברו. לכך יש להוסיף גם את הפרסומים בעיתונות אודות האירוע. לכן, גרס המערער, שאין ליתן אמון בהודעותיהם של העדים, אשר מן הסתם ערבו בין עובדות לבין משאלות לב בשל אהבתם למנוח והזעזוע מהמקרה הקשה. לגרסתו של המ"
HUGGINGFACE-ba8c1575b41d,פרסום,הפרסומים,6131,0,A,"ות באמינותם של העדים, באשר יש להניח כי האירוע היה שיחת היום במסדרונות הארגון, ולכן ""הדעת נותנת"" ו""מטבע הבריות"" כי העדים הזינו האחד את חברו. לכך יש להוסיף גם את הפרסומים בעיתונות אודות האירוע. לכן, גרס המערער, שאין ליתן אמון בהודעותיהם של העדים, אשר מן הסתם ערבו בין עובדות לבין משאלות לב בשל אהבתם למנוח והזעזוע מהמקרה הקשה. לגר"
HUGGINGFACE-90ccd18272f2,תקשורת,התקשורת,38192,1,B," לא היה די מידע על מנת לנסות ולאתר רכב זה, וככל שהתקדמה החקירה נצטברו ראיות מוצקות השוללות כיוון חקירה זה. בערעורו מציע המערער כי רשויות החקירה יכלו לפנות לכלי התקשורת בנושא. כאמור, לא די בכך שנאשם יעלה אפשרויות חקירה היפותטיות על מנת שתבוסס טענה למחדל חקירתי. כיוון חקירה כזה המוצע תלוי בתוצאות אותן סבורה הרשות שיניב ובשאלה ה"
HUGGINGFACE-00ab1bad61ad,חדשות,מהדורת החדשות,49642,1,B,"לק בין הצדדים כי לפי הגרסה שמסר, אסי לא ידע על כך שהמערער יצא מן הרכב עם סכין, לא ראה את הדקירה ונודע לו על משמעותה הקטלנית אך ביום המחרת, ככל הנראה לאחר צפיה במהדורת החדשות. נו. עם זאת עולה מחומר הראיות, כי אסי הבחין באותו לילה באחד מאנשי חבורת ראשון לציון באזור הג'יפ, גם אם רק מאוחר יותר התברר לו כי מדובר במנוח: ""ראיתי את החולצה,"
HUGGINGFACE-f14f18e6df5c,עיתונות,עיתונות,22673,1,B,"תו. אין מקום להתערב בקביעה עובדתית זו של בית משפט קמא. המערער טען כי לא הוכח שפרטים אלה נשמרו בסוד, וכי לא נשללה האפשרות שהגיעו לידיעתו ממקורות חיצוניים כדוגמת עיתונות או שמועה. ברם, המערער לא ביסס טענה זו, וגם לא הסביר לגרסתו איזה פרט הגיע לידיעתו ובאיזה אופן. הוסף לכך את שלילת גרסתו האחרת לפיה שמע פרטים אלה בעת שנחקר במשטרה"
HUGGINGFACE-97c44c68ae21,תקשורת,בתקשורת,106987,1,A,"טרם נכנסה שופטת המעצרים לדיון. בא כוח המערער מדגיש כי מדובר היה במפגש הראשון והיחיד שנמשך מספר דקות בלבד. מדובר במפגש מזדמן, כשאולם הדיונים היה גדוש, סוער ומלא בתקשורת ובצלמים, אנשי משטרה, חוקרים, בני משפחה ועוד. בא כוח המערער טוען כי אין במפגש זה בתנאים האמורים כדי לקיים את זכות ההיוועצות. סבורני כי יש ממש בטענה זו המעוגנת ה"
HUGGINGFACE-97c44c68ae21,חדשות,בחדשות,149021,1,B,"ועבי שאל את החשוד על מה אתה יושב ואז החשוד התחיל לצחוק ואמר לו תשאל את יוסף, יוסף יגיד לך יותר טוב שלא תדע. אמרתי לו תספר לו תספר לו חופשי ואז ראטב אמר לא שמעת בחדשות לא קראת בעיתון על השוטר שנדקר ואז הוא התחיל לספר לזועבי על הדקירה של השוטר הוא אמר לו תשמע באנו אני ועוד איזה מישהו בשם סאבר אסיר בחופשה לתקן את האוטו, פתאום ב"
HUGGINGFACE-97c44c68ae21,רדיו,ברדיו,26381,0,C,"ים לגישתו בפסילת ההודאות שנמסרו על ידי המערער במהלך חקירתו המשטרתית. 31. פרסום שמו ותמונתו של המערער : הסנגור טען כי פרסום שמו של המערער כחשוד בדקירתו של שלומי ברדיו ביום 7.1.2007 בשעת ערב, קודם למעצרו, ופרסום תמונתו ושמו בעיתון למחרת, פגעו בהגנתו ויצרו כלפיו אווירה עוינת בציבור ובקרב בני משפחתו. לטענת הסנגור אמנם קלנדרוב ב"
HUGGINGFACE-97c44c68ae21,פרסום,ופרסום,26424,0,C,"ער במהלך חקירתו המשטרתית. 31. פרסום שמו ותמונתו של המערער : הסנגור טען כי פרסום שמו של המערער כחשוד בדקירתו של שלומי ברדיו ביום 7.1.2007 בשעת ערב, קודם למעצרו, ופרסום תמונתו ושמו בעיתון למחרת, פגעו בהגנתו ויצרו כלפיו אווירה עוינת בציבור ובקרב בני משפחתו. לטענת הסנגור אמנם קלנדרוב ביקש וקיבל ביום 8.1.2007 צו איסור פרסום לתמונ"
HUGGINGFACE-97c44c68ae21,פרסום,הפרסום,26736,0,C,ור פרסום לתמונתו של המערער אך לא ביקש למנוע את פרסום שמו. המאשימה לא הכחישה את עצם הפרסום אך טענה כי לצוות החקירה לא הייתה יד בדבר וכי מייד כשנודע לקלנדרוב דבר הפרסום הוא פנה לבית המשפט וביקש לאסור את הפרסום. בית המשפט דחה את טענותיו של הסנגור בנימוק שלשם הרע שהוצא למערער ולאווירה הציבורית לא הייתה יכולה להיות כל השפעה על הח
HUGGINGFACE-97c44c68ae21,פרסום,הפרסום,26777,0,C,וע את פרסום שמו. המאשימה לא הכחישה את עצם הפרסום אך טענה כי לצוות החקירה לא הייתה יד בדבר וכי מייד כשנודע לקלנדרוב דבר הפרסום הוא פנה לבית המשפט וביקש לאסור את הפרסום. בית המשפט דחה את טענותיו של הסנגור בנימוק שלשם הרע שהוצא למערער ולאווירה הציבורית לא הייתה יכולה להיות כל השפעה על החקירה ועל הדרך ההוגנת הנחוצה לשם גביית ההו
HUGGINGFACE-1f567446e73b,פרסום,פורסם,2824,0,A," הודנא זמני הכרוך לעיתים בפיצוי הקרבן או משפחתו, וזאת עד לבירור האשם בבית המשפט ) ואכן הוא נחתם, ובמסגרתו קיבלה משפחת המנוח פיצויים מבני משפחת דיבה. דבר העטווה פורסם אף בעיתון אל-קודס ביום 11.5.2009, ושם צוין כי ""נודעו מבין הרוצחים: מואייד עימאד עבד אלחפיז דיבה, והשלושה האחרים שמותיהם מבין אלה: חאפז דיבה ומחמד דיבה ואחמד די"
HUGGINGFACE-1f567446e73b,פרסום,הפרסום,16149,0,A,"ה, גם בחקירתו הנגדית בבית המשפט הוא מסר תשובה דומה לתשובתו במשטרה והוסיף כי כל אֵחָיו שילמו ואף בני משפחה נוספים חויבו לשלם. עוד נשאל המערער מדוע לא עשה דבר עם הפרסום מיום 11.5.2009 בעיתון אל-קודס שבו הוא מוצג כרוצח. בדומה לתשובות הקודמות הנוגעות לעטווה, חזר גם כאן המערער על כך שלא הוא אשר מחליט בעניינים אלו, וכי ההחלטה על ה"
HUGGINGFACE-1f567446e73b,פרסום,הפרסום,16742,0,A,"ם שמותיהם של הרוצחים לכאורה, הוא הבהיר כי מי שמציע את השמות הם משפחת המנוח המיוצגים על ידי אחד מאנשי האיסלאח והם שבדרך כלל, אם כי אין הדבר מחייב זאת, מנסחים את הפרסום. עוד הסביר כי לפי ""המשפט העשאירי"", על דרך הכלל תשלום סכום הפיצוי שנקבע בעטווה מוטל בשיעור של שליש על המבצע ואחיו ושני שלישים על יתר בני המשפחה (החמולה). יוצא א"
HUGGINGFACE-1f567446e73b,פרסום,שפורסם,19388,0,A,"צמת לשני מישורים עיקריים: ביסוס אירוע החסימה וביסוס המניע העקיף למעשיו הנטענים של המערער. 30. בית המשפט הוסיף וקבע כי אף על פי ששמו של המערער הופיע בשטר העטווה שפורסם לאחר אירוע הרצח, ואף על פי שהוא לא סיפק הסבר המתקבל על הדעת לכך שלא התנגד לפרסום, יש לייחס לשטר העטווה ""משקל נמוך ביותר, ולו נוכח התפיסה בדבר האחריות השבטית או"
HUGGINGFACE-1f567446e73b,פרסום,לפרסום,19469,0,A," המערער. 30. בית המשפט הוסיף וקבע כי אף על פי ששמו של המערער הופיע בשטר העטווה שפורסם לאחר אירוע הרצח, ואף על פי שהוא לא סיפק הסבר המתקבל על הדעת לכך שלא התנגד לפרסום, יש לייחס לשטר העטווה ""משקל נמוך ביותר, ולו נוכח התפיסה בדבר האחריות השבטית או המשפחתית העומדת בבסיסו"" (פסקה 16 להכרעת הדין). בנוסף, הגרסה שמסר המערער, הן בבית"
HUGGINGFACE-85c9bfe33955,חדשות,בחדשות,3349,0,B,"יו, מספר הרכב שלו ומספר הטלפון שלו. כן סיפרה כי בליל האירוע חזר המערער אל דירתם המשותפת כשהוא שתוי ואמר לה ""אני עשיתי את זה רצחתי את המאהב האהוב שלך ומחר תשמעי בחדשות שהוא מת"". נטלה סיפרה עוד כי המערער תיאר בפניה כיצד נכנס לדירת המנוח דרך החלון, דקר אותו ובעט בו וכי איבד בליל האירוע את משקפי המגן שלו. חקירתה של נטלה במשטרה ה"
HUGGINGFACE-8250571b69a0,תקשורת,התקשורת,24805,1,B,"התאם לסעיף 10א לפקודת הראיות [נוסח חדש], התשמ""א-1981 וקבע שויטמן מסר פרטים מוכמנים שיכולים להיות ידועים לו רק מפי המערער ואין מדובר בפרטים שיכול היה לשמוע מכלי התקשורת. ב. שקרי המערער: המערער עצמו הודה, כי הגרסאות השונות שמסר במהלך חקירתו במשטרה היו שקריות ושינה את גרסתו לחלוטין בבית המשפט (עמ' 46 להכרעת הדין). כידוע, שקרי הנ"
HUGGINGFACE-0e798a715c64,תקשורת,בתקשורת,82600,1,B,"באיזה מקום מסתור עם איזה חברה.. והוא אמר שהוא יגמור את הפרוצדורה של הסידורים עם החברה, וזה ידחה בכמה ימים והוא יחזור אלי כשהוא ירצה להסגיר את עצמו בסופו של דבר בתקשורת שהוא נעצר "" (פרוטוקול הדיון מיום 2.3.2009, בעמ' 1309). אשר על כן, משלא נמצא טעם של ממש להתערבות בקביעותיו של בית משפט קמא לעניין זה, עומדת על כנה הקביעה כי התנ"
HUGGINGFACE-4f81de02ef51,תקשורת,בתקשורת,82592,1,B,"באיזה מקום מסתור עם איזה חברה.. והוא אמר שהוא יגמור את הפרוצדורה של הסידורים עם החברה, וזה ידחה בכמה ימים והוא יחזור אלי כשהוא ירצה להסגיר את עצמו בסופו של דבר בתקשורת שהוא נעצר "" (פרוטוקול הדיון מיום 2.3.2009, בעמ' 1309). אשר על כן, משלא נמצא טעם של ממש להתערבות בקביעותיו של בית משפט קמא לעניין זה, עומדת על כנה הקביעה כי התנ"
HUGGINGFACE-922189ffb887,תקשורת,התקשורת,8111,1,A," בין טוב לרע, וכי זיהה אצלו התפרצות רגשית שעה שתיאר כיצד דקר את המנוחה; אולם הדגיש, כי למרות זאת הוא מיעט מאוד להפגין רגש. בהתייחס לתגובותיו של המערער בפני כלי התקשורת שראיינו אותו בדיוני המעצר בבית המשפט, טען ד""ר מלב כי ניתן לזהות היעדר רגש ו""פגיעה עצומה בשיפוט"", המאפיינים אדם החולה בסכיזופרניה. לעומת זאת, לעניין טענת המערער"
HUGGINGFACE-922189ffb887,עיתונות,עיתונאים,2128,0,A,"1.7.2008 ליום 13.8.2008; על מסמכים רפואיים נוספים החל משנת 2000; ועל מסמכים משפטיים וחומרי חקירה, כולל תשאולים וקטעי טלוויזיה בהם תועד המערער משיב בקצרה לשאלות עיתונאים בבית המשפט. ד""ר ראוכברגר סקר את ההיסטוריה הרפואית של המערער, ובתוך כך את העובדה כי המערער אושפז בכפייה פעמיים בשנים 2000 ו-2001, ואובחן כסובל מסכיזופרניה. בשלה"
HUGGINGFACE-922189ffb887,חדשות,שידורי חדשות,6127,1,A,"הדעת, מעדותו של ד""ר מלב נלמד כי חוות דעתו מבוססת גם על שתי פגישות שערך עם המערער בדצמבר 2008, ועל קריאה וצפייה בחלק מחומרי החקירה: תמלילי חקירות, קלטות חקירה, ושידורי חדשות אודות המערער. ד""ר מלב הסיק מאשפוזיו של המערער בראשית שנות ה-2000, כי לאלימות ""חלק בולט בפסיכופתולוגיה שגילה החולה"". כמו כן, התייחס למסקנות ועדה פסיכיאטרית של ה"
HUGGINGFACE-922189ffb887,טלוויזיה,טלוויזיה,2085,0,A,"נפש ""שער מנשה"", בימים שלאחר הרצח, בין יום 31.7.2008 ליום 13.8.2008; על מסמכים רפואיים נוספים החל משנת 2000; ועל מסמכים משפטיים וחומרי חקירה, כולל תשאולים וקטעי טלוויזיה בהם תועד המערער משיב בקצרה לשאלות עיתונאים בבית המשפט. ד""ר ראוכברגר סקר את ההיסטוריה הרפואית של המערער, ובתוך כך את העובדה כי המערער אושפז בכפייה פעמיים בשנים "
HUGGINGFACE-922189ffb887,טלוויזיה,טלוויזיה,33321,1,A, תקינות תפקוד הנאשם מהיבטים רבים בהתנהגותו ונסיבותיו: הפירוט והעיגון במציאות מהם נהנית גרסתו; יכולתו להסביר מעשיו באופן ענייני והגיוני לחוקריו במשטרה ואף לכתבי טלוויזיה; ההתאמה בין התנהגות הנאשם לתכני חשיבתו; ההתאמה בין התנהגותו לסיטואציות בהן נמצא במהלך ההסתכלות; תפקודו הקוגניטיבי התקין; התקשורת הפתוחה והעניינית שניהל עם בודק
HUGGINGFACE-c55ace11c5e8,רדיו,ברדיו,2592,1,B,". ההודאה הוגשה בהסכמה, אף שצוין כי יועלו טענות לגבי משקלה. לא הונחה תשתית לכך שהמערער, בשל מחלתו, בדה דברים מליבו. אחיו של המערער אשר העיד כעד הגנה העיד כי שמע ברדיו על כך שנאיף עזמי פוצץ את עצמו. ועוד: המערער ציין במשטרה כי המתלוננת, בניסיונה להגן על עצמה, פגעה בעינו והוא נפצע מתחת לעין, ואכן גובה ההודאה ציין כי הבחין בפצע"
HUGGINGFACE-080535609159,תקשורת,לתקשורת,28155,0,C,"ופית וכנגד הרשעתו של המערער בהפקרה על יסוד קביעתו של בית המשפט המחוזי כי הוא היה מודע ""בזמן אמת"" לכך שדרס אדם. עיקרי גזר הדין 36. בית המשפט המחוזי הדגיש כי אין לתקשורת או למה שפורסם בציבור בנוגע לפרשה דנן כל השפעה על גזירת הדין על ידו. בית המשפט המחוזי ציין כי מדובר בצעיר נורמטיבי אך זאת רק לכאורה, שכן חוסר האחריות וקלות הדעת"
HUGGINGFACE-080535609159,ראיון,ראיון,6657,0,A,"כי היה מעורב בדריסת המנוח. בעקבות זאת, הוא יצר קשר עם באת כוחו, עורכת הדין אולמן, שבעצה אחת עמו ועם משפחתו תיאמה את הסגרתו לידי המשטרה. עובר להסגרתו נתן המערער ראיון לחדשות ערוץ 2, כשבאת כוחו לצידו. אמרותיו המפלילות של המערער וגרסתו המתפתחת בשלביה המוקדמים כאמור, בטרם הועלתה הגרסה העובדתית החלופית על ידי ההגנה בבית המשפט המ"
HUGGINGFACE-080535609159,ראיון,בראיון,6864,0,A,"המפלילות של המערער וגרסתו המתפתחת בשלביה המוקדמים כאמור, בטרם הועלתה הגרסה העובדתית החלופית על ידי ההגנה בבית המשפט המחוזי, נשמעו דברים שונים מפי המערער עצמו – בראיון שנתן לחדשות ערוץ 2 בטרם הסגיר את עצמו ובחקירותיו במשטרה – ובכלל זה אף אמרות שבית המשפט המחוזי ראה בהן אמרות מפלילות. 13. בין אמרותיו המפלילות של המערער הפנה בי"
HUGGINGFACE-080535609159,ראיון,ראיון,7062,0,A,"ת עצמו ובחקירותיו במשטרה – ובכלל זה אף אמרות שבית המשפט המחוזי ראה בהן אמרות מפלילות. 13. בין אמרותיו המפלילות של המערער הפנה בית המשפט המחוזי לתמלול הגולמי של ראיון שנתן המערער לחדשות ערוץ 2, בטרם הסגיר את עצמו לידי המשטרה. בין היתר, מסר המערער בראיון כי הוא ""מפחד להסתכל על המשפחה של המנוח בעיניים"". בית המשפט המחוזי הפנה ל"
HUGGINGFACE-080535609159,ראיון,בראיון,7148,0,A,"13. בין אמרותיו המפלילות של המערער הפנה בית המשפט המחוזי לתמלול הגולמי של ראיון שנתן המערער לחדשות ערוץ 2, בטרם הסגיר את עצמו לידי המשטרה. בין היתר, מסר המערער בראיון כי הוא ""מפחד להסתכל על המשפחה של המנוח בעיניים"". בית המשפט המחוזי הפנה לאמרתו המפלילה הנוספת של המערער באותו ראיון לפיה: ""אין מה לעשות, התאונה שלי היתה שם והוא"
HUGGINGFACE-080535609159,ראיון,ראיון,7264,0,A,"ר את עצמו לידי המשטרה. בין היתר, מסר המערער בראיון כי הוא ""מפחד להסתכל על המשפחה של המנוח בעיניים"". בית המשפט המחוזי הפנה לאמרתו המפלילה הנוספת של המערער באותו ראיון לפיה: ""אין מה לעשות, התאונה שלי היתה שם והוא היה באזור כנראה, זה מה שהיה, אז אני הולך לשלם על זה"". בראיון האמור מסר המערער כי סטה לכיוון מעקה הבטיחות אך לא הזכ"
HUGGINGFACE-080535609159,ראיון,בראיון,7369,0,A,"משפט המחוזי הפנה לאמרתו המפלילה הנוספת של המערער באותו ראיון לפיה: ""אין מה לעשות, התאונה שלי היתה שם והוא היה באזור כנראה, זה מה שהיה, אז אני הולך לשלם על זה"". בראיון האמור מסר המערער כי סטה לכיוון מעקה הבטיחות אך לא הזכיר רכב אחר שהיה בקרבתו, וממילא לא ציין כי הבחין בסטייה של הרכב האלמוני לכיוון השול הימני בו רכב המנוח או כ"
HUGGINGFACE-080535609159,ראיון,בראיון,7642,0,A,"ה של הרכב האלמוני לכיוון השול הימני בו רכב המנוח או כי אותו רכב אלמוני פגע במנוח. בית המשפט המחוזי הדגיש כי במהלך עדותו של המערער הוא שאל אותו מדוע הוא לא סיפר בראיון על רכב אחר שהיה מעורב בדריסת המנוח, אך המערער לא ידע ליתן תשובה של ממש. 14. בנוסף לכך, בהכרעת הדין פירט בית המשפט המחוזי תריסר אמרות מפלילות שמסר המערער בחקירת"
HUGGINGFACE-080535609159,ראיון,בראיון,23160,0,A,"הם יסודיים: האחד , תרחיש התאונה שנבנה על ידי וייסמן, בשונה מן התרחיש שנקבע על ידי וייס ויתר המומחים שהעידו מטעם המאשימה, לא התבסס על דברי המערער עצמו כפי שמסרם בראיון שנתן לחדשות ערוץ 2 בטרם הסגיר את עצמו; בחקירותיו במשטרה; ובעדותו בבית המשפט. בהקשר זה הדגיש בית המשפט המחוזי כי מעולם לא נמסר מפיו של המערער עצמו כי הרכב האלמו"
HUGGINGFACE-080535609159,ראיון,הראיון,27739,0,A,צעות הסתרת שמשת הרכב הקדמית המנופצת והשקועה. בית המשפט המחוזי מצא כי מודעותו של המערער להריגת המנוח ולהפקרתו נלמדת גם מאמרותיו המפלילות כפי שנמסרו על ידו במהלך הראיון שנתן לחדשות ערוץ 2 ובמהלך חקירותיו במשטרה. מכל הנימוקים דלעיל הרשיע בית המשפט המחוזי את המערער בעבירות מושא כתב האישום תוך שדחה את הגרסה העובדתית החלופית והמאו
HUGGINGFACE-080535609159,ראיון,ראיון,33188,0,A,"האחורי של אופני המנוח כי אז היה צריך להימצא צבע אדום גם בחלקו הקדמי של הפגוש. 43. המערער מדגיש כי העובדה שלא מסר אודות מעורבותו של רכב נוסף בדריסת המנוח במסגרת ראיון שנתן לחדשות ערוץ 2 והעובדה כי לא מסר בחקירותיו שאותו רכב סטה לכיוון השול הימני ודרס את המנוח, אינן יכולות להשליך על הערכת מהימנות הגרסה העובדתית החלופית שהועלת"
HUGGINGFACE-080535609159,ראיון,בראיון,38716,0,A," עת היה המערער מיוצג על ידי באת כוחו, עו""ד אולמן. המשיבה מפנה לכך שגרסת ההגנה החלופית לא נטענה מפי המערער עצמו אלא מדובר ב""תרחיש מעבדה"". כמו כן טוענת המשיבה כי בראיון שהעניק המערער לחדשות ערוץ 2 שנועד להציג את ""הצד שלו"" לגבי האירוע, לא הזכיר המערער מעורבותו של רכב אחר בתאונה כלל ועיקר. נוסף על כך, מפנה המשיבה לקביעתו של בית "
HUGGINGFACE-080535609159,ראיון,בראיון,40268,0,A,"ודה כי סטה לשול הימני של הדרך עובר לתאונה, כאשר אין חולק כי המנוח רכב על אופניו בשול זה בשעה בה אירעה הדריסה; בנוסף לכך מפנה המשיבה לאמרותיו המפלילות של המערער בראיון שנתן לחדשות ערוץ 2 כמו גם במהלך חקירתו במשטרה. זאת ועוד, מפנה המשיבה לראיות נסיבתיות שעניינן התנהגותו המפלילה של המערער בסמוך לאחר דריסת המנוח. לא זאת אף זאת, "
HUGGINGFACE-080535609159,ראיון,ראיון,44597,1,A,"אתי כי קמה עילה להתערבותו של בית משפט זה בהכרעת דינו המרשיעה של בית המשפט המחוזי. הרשעה על יסוד ראיות נסיבתיות 56. מלבד אמרותיו המפלילות של המערער שנמסרו במהלך ראיון שמסר לחדשות ערוץ 2 לפני שהסגיר את עצמו ובמהלך חקירותיו במשטרה – אמרות שעל אף שהן מבטאות תחושת אשמה, כאב, חרטה ונכונות לשאת בעונש מאסר ממושך, אין בהן הודאה ישיר"
HUGGINGFACE-080535609159,ראיון,ראיון,50391,1,A,"ית של רכבו של המערער בגלגל הקדמי הימני של אופני המנוח. 62. אם לא די בשלל הראיות הנ""ל, מצטרפות אליהן ראיות נסיבתיות נוספות כגון אמרותיו המפלילות של המערער במהלך ראיון שמסר לחדשות ערוץ 2 טרם הסגרתו ובמהלך חקירותיו במשטרה, אמרות עליהן אעמוד להלן ואדון בנפקותן הראייתית. בנוסף לכך, לא ניתן להתעלם מהתנהגותו המפלילה של המערער בסמו"
HUGGINGFACE-080535609159,ראיון,ראיון,63045,1,A,"אה את הרכב האלמוני סוטה לשול הימני ופוגע במנוח. טענתו של המערער בדבר מעורבותו של הרכב האלמוני בתאונה הינה גרסה מתפתחת ומאוחרת, שלא בה זכרה ב""הזדמנות הראשונה"" – ראיון שמסר המערער לחדשות ערוץ 2 בו ביקש להביא את ""הצד שלו"" להתרחשות התאונה. 78. אכן, קיימות גישות שונות באשר למחויבותו של בית המשפט לבחון גרסה עובדתית חלופית המועלית"
HUGGINGFACE-080535609159,ראיון,הראיון,71576,1,A,"""ח שערכה השוטרת ליטל כהן עת הגיעה למקום מגוריו כדי לגרור את הרכב לתחנת המשטרה. אמרות מפלילות 88. כאמור, בית המשפט המחוזי מצא בהתבטאויות מסוימות של המערער במהלך הראיון שמסר לחדשות ערוץ 2 טרם הסגיר את עצמו ובחקירותיו במשטרה אמרות המפלילות אותו, כיוון שעלתה מהן הכאה על חטא, תחושת אשמה בצד נטילת אחריות על מה שאירע ונכונות לשאת ב"
HUGGINGFACE-080535609159,ראיון,בראיון,71756,1,A,"רוץ 2 טרם הסגיר את עצמו ובחקירותיו במשטרה אמרות המפלילות אותו, כיוון שעלתה מהן הכאה על חטא, תחושת אשמה בצד נטילת אחריות על מה שאירע ונכונות לשאת בעונש כבד. כך, בראיון שמסר לחדשות ערוץ 2 אמר המערער ""אני הולך לשלם על זה"" וכי הוא ""פוחד להביט בעיניה של משפחת המנוח"". דוגמאות נוספות לאמרות שמסר המערער בחקירתו במשטרה: ""אני רוצה רעל"
HUGGINGFACE-080535609159,ראיון,בראיון,73027,1,A,"וחרת, ואי מתן אמון במערער 90. כאמור, הגרסה העובדתית החלופית שהועלתה על ידי ההגנה נדחתה בהכרעת הדין גם משום שהמערער לא הזכיר בהזדמנות הראשונה שהתאפשרה לו – קרי, בראיון שמסר לחדשות ערוץ 2 – את דבר מעורבותו של רכב אחר בתאונה. התנהלות זו של המערער תמוהה ביותר שכן התכלית המרכזית שעמדה בבסיס היוזמה לערוך את הראיון שתיאמה באת כוחו,"
HUGGINGFACE-080535609159,ראיון,הראיון,73170,1,A,"תאפשרה לו – קרי, בראיון שמסר לחדשות ערוץ 2 – את דבר מעורבותו של רכב אחר בתאונה. התנהלות זו של המערער תמוהה ביותר שכן התכלית המרכזית שעמדה בבסיס היוזמה לערוך את הראיון שתיאמה באת כוחו, הייתה ""להביא את הזוית"" של המערער להתרחשות התאונה טרם הסגרתו לידי המשטרה. זאת ועוד, כאשר הזכיר המערער בחקירותיו במשטרה נוכחותו של רכב נוסף בזיר"
HUGGINGFACE-080535609159,ראיון,בראיון,81289,1,A,צועי רלבנטי ככל שהדברים נוגעים לשחף וקצמן שאין להם רקע בחקר תאונות דרכים. 99. מארג הראיות הנסיבתיות נתמך גם בראשית הודיה של המערער לאור מספר אמרות מפלילות שמסר בראיון שהעניק לחדשות ערוץ 2 טרם הסגיר עצמו לידי המשטרה ויותר מאוחר במהלך חקירתו במשטרה. לכך מתווספת גם התנהגותו המפלילה של המערער בסמוך לאחר שדרס את המנוח ואין ממש בה
HUGGINGFACE-080535609159,פרסום,שפורסם,28170,0,C,"תו של המערער בהפקרה על יסוד קביעתו של בית המשפט המחוזי כי הוא היה מודע ""בזמן אמת"" לכך שדרס אדם. עיקרי גזר הדין 36. בית המשפט המחוזי הדגיש כי אין לתקשורת או למה שפורסם בציבור בנוגע לפרשה דנן כל השפעה על גזירת הדין על ידו. בית המשפט המחוזי ציין כי מדובר בצעיר נורמטיבי אך זאת רק לכאורה, שכן חוסר האחריות וקלות הדעת שלו זועקים לא"
HUGGINGFACE-2881a0e73a1c,תקשורת,התקשורת,9887,1,B,"בר בשני תיאורים של הכנת אותו מטען – זה אשר התפוצץ בסמוך לשער האריות בבוקר יום האירוע. גם טענת המערערים כי לא מדובר בפרטים מוכמנים, שכן פרטי האירוע התפרסמו בכלי התקשורת והיו נושא לשיחה בקרב המגזר הערבי בירושלים – דינה להדחות. אין זה הגיוני כי אדם בלתי מעורב, אפילו נחשף והתעניין בפרטי פיגוע שהתרחש בסמוך למקום מגוריו, יזכרהו באו"
HUGGINGFACE-2881a0e73a1c,תקשורת,התקשורת,10119,1,B,"הגיוני כי אדם בלתי מעורב, אפילו נחשף והתעניין בפרטי פיגוע שהתרחש בסמוך למקום מגוריו, יזכרהו באופן כה מדוקדק לאחר שנים. בנוסף לכך, בלתי סביר להניח כי דיווחי כלי התקשורת או שיחות התושבים היו כל כך מפורטים עד שניתן היה ללמוד מהם על המבנה המדויק של המטען ומקום הטמנתו. 13. גם בטענת המערערים כי יש לראות בהם ""רק"" כמסייעים, ולא כמבצע"
HUGGINGFACE-d81503c9404e,תקשורת,התקשורת,33952,1,B,"ה – וקבע כי הסבריה של המתלוננת באשר לאלה מקובלים וראויים. עוד נדרש בית המשפט המחוזי לעובדה, כי המתלוננת זומנה לחקירה כשכבר ידעה שהמערער – שתמונתו פורסמה באמצעי התקשורת – הוא החשוד באינוסהּ. נו. בית המשפט ציין (עמ' 180), כי עדותה של י' – שבמסגרתה אישרה את הגעתו של המערער לבנין בו התגוררה המתלוננת, את עלייתו לאחת הדירות וירידתו"
HUGGINGFACE-d81503c9404e,תקשורת,התקשורת,34699,1,B," נקבע כי תוכננה להתאים לעדותה של י', וזאת בהתבסס על ההנחה כי יהא עליו ליתן הסבר להימצאותו בזירת האירוע (פסקה 389); וזיהויו של המערער על ידי המתלוננת, הן באמצעי התקשורת והן בחקירתו. נז. גם בהקשר האישום הרביעי נדחו טענותיו של המערער באשר למחדלי חקירה; נקבע, כי ""חומר הראיות על משקלו ומוצקותו, ובפרט קיומה של עדות מתלוננת מוצקה וא"
HUGGINGFACE-d81503c9404e,תקשורת,בתקשורת,87755,1,B,"רציחתה של דנה נמסרו לו על ידי י' ועל המשטרה. נאמר, כי אף לשיטתו של המערער ""הוא לא יכול היה לדעת מדברי י' שהפרטים שהיא מוסרת לו קשורים למקרה הרצח של דנה, שפורסם בתקשורת, והתרחש כשנתיים לפני המועד בו טוען הנאשם שי' סיפרה לו עליו"". בית המשפט המחוזי דחה גם את טענתו של המערער, כי הפרטים על רציחתה של דנה נודעו לו מאמצעי התקשורת, בצ"
HUGGINGFACE-d81503c9404e,תקשורת,התקשורת,87911,1,B,"רסם בתקשורת, והתרחש כשנתיים לפני המועד בו טוען הנאשם שי' סיפרה לו עליו"". בית המשפט המחוזי דחה גם את טענתו של המערער, כי הפרטים על רציחתה של דנה נודעו לו מאמצעי התקשורת, בציינו כי ""עד להגעתה של י' לחקירה במשטרה, לא היה ידוע למשטרה דבר אודות גורלה של דנה, שהוגדרה כנעדרת, וממילא הפרטים האמורים לא פורסמו לציבור"". קמח. נוסף על הפר"
HUGGINGFACE-d81503c9404e,תקשורת,בתקשורת,115563,1,B,"ה סמוך למקרה אונס"" (פסקה 370). עוד ציין בית המשפט המחוזי – בזיקה לטענת המערער בדבר הכרות מוקדמת בין י' למתלוננת – כי מחקירתה של המתלוננת עלה, שעד לפרסום האירוע בתקשורת לא ידעה על קשר בין י' לבין המערער או אירוע האונס. בית המשפט המחוזי דחה (פסקה 371) את הניסיון להציג את המתלוננת כ""סדרתית"", באמרו כי עבודתה כנערת ליווי חשפה אותה"
HUGGINGFACE-d81503c9404e,תקשורת,התקשורת,120615,1,B,"להבדיל מן החטיפה – לבן זוגה כיוון שהתביישה והיתה בטוחה ""שזה משהו שלא יתגלה אף פעם"" (עמ' 16 שורה 19-עמ' 17 שורה 2), וכי גם לאחר שדוּוח על מעצרו של המערער באמצעי התקשורת, לא סיפרה על מעשה האינוס לבן זוגה (עמ' 35). בחקירתה הנגדית נשאלה המתלוננת מדוע לא סיפרה על אירוע האינוס לאנשים הקרובים אליה, השיבה כי ""הבחורה שאני פגשתי אני לא"
HUGGINGFACE-d81503c9404e,תקשורת,התקשורת,124664,1,B," לאחר הזיהוי הראשוני בטלויזיה, אינו נושא משקל רב (ראו גם עדותו של החוקר מחמוד סבאח, לפיה לא ערך מסדר זיהוי ""כמו שצריך"" מכיוון שהמתלוננת אישרה בעדותה שראתה בכלי התקשורת את תמונותיו של המערער – עמ' 127 לפרוטוקול מיום 17.2.10 שורות 13-11), וכך גם זיהויו של המערער על ידי המתלוננת במהלך העימות שנערך ביניהם (לעניין משקלו של זיהוי ב"
HUGGINGFACE-d81503c9404e,חדשות,שידור חדשות,123812,1,B,"384), כממצא עובדתי, כי ""לא ידוע לגבי הליך הזיהוי שנערך בשנת 2005 האם התמונות שהוצגו בפני המתלוננת כללו את תמונתו של הנאשם"". המתלוננת העידה, כי זיהתה את המערער בשידור חדשות בטלויזיה, עת שהתה בתורכיה, ביום 26.5.09 (עמ' 16 שורות 15-6). בהמשך העידה המתלוננת, כי בחקירתה מיום 26.7.09 זיהתה את המערער בתמונה שהוצגה לה (עמ' 18 שורות 16-15"
HUGGINGFACE-d81503c9404e,חדשות,בחדשות,124385,1,B,"יהויו של המערער בטלויזיה הוא בעל משקל נמוך (המשיבה, בסיכומיה בבית המשפט המחוזי (סעיף 78), טענה כי מדובר במשקל ""זעום""); כך בכלל, וכך בפרט שעה שהמתלוננת העידה כי בחדשות אמרו שהמערער ""ביצע מקרה אונס של תושבת טבריה"". סבורני, כי גם זיהוי תמונתו של המערער על ידי המתלוננת במהלך חקירתה, לאחר הזיהוי הראשוני בטלויזיה, אינו נושא משקל ר"
HUGGINGFACE-d81503c9404e,פרסום,פורסמה,33938,1,B," מיד לאחר המקרה – וקבע כי הסבריה של המתלוננת באשר לאלה מקובלים וראויים. עוד נדרש בית המשפט המחוזי לעובדה, כי המתלוננת זומנה לחקירה כשכבר ידעה שהמערער – שתמונתו פורסמה באמצעי התקשורת – הוא החשוד באינוסהּ. נו. בית המשפט ציין (עמ' 180), כי עדותה של י' – שבמסגרתה אישרה את הגעתו של המערער לבנין בו התגוררה המתלוננת, את עלייתו לאחת"
HUGGINGFACE-d81503c9404e,פרסום,שפורסם,87748,1,B,"טים על רציחתה של דנה נמסרו לו על ידי י' ועל המשטרה. נאמר, כי אף לשיטתו של המערער ""הוא לא יכול היה לדעת מדברי י' שהפרטים שהיא מוסרת לו קשורים למקרה הרצח של דנה, שפורסם בתקשורת, והתרחש כשנתיים לפני המועד בו טוען הנאשם שי' סיפרה לו עליו"". בית המשפט המחוזי דחה גם את טענתו של המערער, כי הפרטים על רציחתה של דנה נודעו לו מאמצעי התק"
HUGGINGFACE-d81503c9404e,פרסום,לפרסום,115549,1,B,"ה במשטרה שניתנה סמוך למקרה אונס"" (פסקה 370). עוד ציין בית המשפט המחוזי – בזיקה לטענת המערער בדבר הכרות מוקדמת בין י' למתלוננת – כי מחקירתה של המתלוננת עלה, שעד לפרסום האירוע בתקשורת לא ידעה על קשר בין י' לבין המערער או אירוע האונס. בית המשפט המחוזי דחה (פסקה 371) את הניסיון להציג את המתלוננת כ""סדרתית"", באמרו כי עבודתה כנערת "
HUGGINGFACE-0944e472bb9c,עיתונות,העיתונות,4463,1,A," ביום 6.7.11 הגיש בא-כוחו של המערער בקשה לפסילת ראיות שהוגשו על ידי המשיבה במסגרת הדיון בטיעונים לעונש. בהחלטה מיום 11.7.11 הורה בית המשפט המחוזי להתעלם מכתבות העיתונות ומן הכתבה המצולמת שהוגשו על ידי המשיבה. עם זאת, התיר בית המשפט למשיבה לצרף את כתב האישום והכרעת הדין בתיק האחר בו הורשע המערער, וכן קבע כי אמרת המערער בקלטת שה"
HUGGINGFACE-0944e472bb9c,כתבות,מכתבות,4456,1,A,".11. ו. ביום 6.7.11 הגיש בא-כוחו של המערער בקשה לפסילת ראיות שהוגשו על ידי המשיבה במסגרת הדיון בטיעונים לעונש. בהחלטה מיום 11.7.11 הורה בית המשפט המחוזי להתעלם מכתבות העיתונות ומן הכתבה המצולמת שהוגשו על ידי המשיבה. עם זאת, התיר בית המשפט למשיבה לצרף את כתב האישום והכרעת הדין בתיק האחר בו הורשע המערער, וכן קבע כי אמרת המערער"
HUGGINGFACE-67e3ba002d76,חדשות,בחדשות,1717,0,B,"שיגור הטילים, ל-10 דקות, וכולם עזבו את המקום והתמקמו במסגד סמוך. במסגד, שמע המערער קול שיגור של הטילים, ולאחר מכן עזבו הוא והאחרים את האזור. בהמשך, ולאחר שדווח בחדשות כי בוצע ירי לעבר ישראל, נטלו החטיבות אחריות לשיגור הטילים. 4. לפי האישום השלישי, במהלך שנת 2004 נפגש המערער עם פעיל חמאס, וביחד יצאו לפגישה עם פעיל נוסף של גדו"
HUGGINGFACE-7ebefe19a0e7,כתבות,מכתבות,66836,1,B,"וטוקול); דומני כי לכך תרומה למהימנותו של טפליצקי. עג. טענתו העיקרית של המערער היא, כי טפליצקי כלל לא נטל חלק בביצוע המעשים נשוא האישום הראשון, אלא למד על המקרה מכתבות שקרא באינטרנט כ""אחד האדם... ללא מחקר מיוחד בעניין"" (פס' 124). אין להלום טענה זו; גרסתו של טפליצקי נתמכת בידיעת פרטים מוכמנים, שלא יכול היה ללמוד עליהם אלמלא נכ"
HUGGINGFACE-7ebefe19a0e7,פרסום,בפרסום,14731,1,B,"יהה. כן צוין, כי טפליצקי אישר בעדותו את המעקב אחר סיני; כך הבחין בוקר אחד בסיני מסיע את בנו באיחור לבית הספר, וכך אכן קרה. נאמר, שניתן להניח, כי פרט זה לא נכלל בפרסום באינטרנט, ולכך משקל (פס' 124); הגרסה לפיה לא היתה לו כוונה לרצוח את כהן; הטענה כי גרסתו של טפליצקי ביחס לאישום השלישי הופרכה על-ידי ארבעת עדי הראיה למקרה. צוין"
HUGGINGFACE-7ebefe19a0e7,פרסום,פורסם,71328,1,B,"יד כי קיפל את לוחית הזיהוי של האופנוע, לבין סימון סיני, שגרסה כי זו כוסתה בפס שחור, מחזקת את עדותו של טפליצקי, זאת שכן עצם הסתרתה של לוחית הזיהוי של האופנוע לא פורסם באינטרנט; השניים הסכימו איפוא בגרסתם לפרט שלא היה ידוע למי שלא נכח באירוע, וזאת, חרף אי ההתאמה באשר לאופן ההסתרה; שנית , אמנם טפליצקי מסר בחקירתו כי היה מצויד "
HUGGINGFACE-6c9df8f5ef7b,תקשורת,התקשורתי,16334,0,C,"-ע""פ 200/10 מיום 17.1.2010). במסגרת ההחלטה בערעור, מתח בית משפט זה ביקורת על התנהלותו של עו""ד עטרי וציין כי ""דומה כי הסנגור מבקש להביא את בית המשפט לעיין בחומר התקשורתי [הכתבות שהגשתן התבקשה – מ""נ] הבלתי קביל ולהקים באופן מלאכותי עילת פסלות כדי להביא להחלפת המותב הדן במשפטו של מרשו; להליך פסול כזה אין לתת יד"" (פסקה 7). ההליך ה"
HUGGINGFACE-6c9df8f5ef7b,עיתונות,עיתונאי,15808,0,C,"ודיות תידון בהרחבה בהמשך הדברים. 18. טענת הפסלות אינה רלוונטית במישרין לערעור שלפנינו. יצוין בקצרה כי במסגרת בקשת הפסלות טען עו""ד עטרי כי בית המשפט נחשף לסיקור עיתונאי חד צדדי בעניינו של המערער, ואף ביקש להגיש כתבות המוכיחות טענה זו לידי בית המשפט. עוד נטען כנגד פרק הזמן הקצר שניתן למערער ולסנגורו ללמוד את חומר החקירה וכנגד ה"
HUGGINGFACE-6c9df8f5ef7b,סיקור,לסיקור,15801,0,C,"ון הייחודיות תידון בהרחבה בהמשך הדברים. 18. טענת הפסלות אינה רלוונטית במישרין לערעור שלפנינו. יצוין בקצרה כי במסגרת בקשת הפסלות טען עו""ד עטרי כי בית המשפט נחשף לסיקור עיתונאי חד צדדי בעניינו של המערער, ואף ביקש להגיש כתבות המוכיחות טענה זו לידי בית המשפט. עוד נטען כנגד פרק הזמן הקצר שניתן למערער ולסנגורו ללמוד את חומר החקירה"
HUGGINGFACE-6c9df8f5ef7b,כתבות,כתבות,15858,0,C,"ינה רלוונטית במישרין לערעור שלפנינו. יצוין בקצרה כי במסגרת בקשת הפסלות טען עו""ד עטרי כי בית המשפט נחשף לסיקור עיתונאי חד צדדי בעניינו של המערער, ואף ביקש להגיש כתבות המוכיחות טענה זו לידי בית המשפט. עוד נטען כנגד פרק הזמן הקצר שניתן למערער ולסנגורו ללמוד את חומר החקירה וכנגד החלטת בית המשפט שלא לאפשר העלאת טענות מקדמיות בטר"
HUGGINGFACE-6c9df8f5ef7b,כתבות,הכתבות,16344,0,C,"0 מיום 17.1.2010). במסגרת ההחלטה בערעור, מתח בית משפט זה ביקורת על התנהלותו של עו""ד עטרי וציין כי ""דומה כי הסנגור מבקש להביא את בית המשפט לעיין בחומר התקשורתי [הכתבות שהגשתן התבקשה – מ""נ] הבלתי קביל ולהקים באופן מלאכותי עילת פסלות כדי להביא להחלפת המותב הדן במשפטו של מרשו; להליך פסול כזה אין לתת יד"" (פסקה 7). ההליך העיקרי הת"
HUGGINGFACE-48ee065b90c6,עיתונות,ועיתונים,28299,0,B,"לרי חנוכייב ואופיר שריקי, לפיהם מאור הוא הרוצח. יצוין, כי שני המודיעים הכחישו בעדותם את המידעים המפלילים, ואחד מהם אמר במפורש כי המידע שמסר היה מבוסס על רכילות ועיתונים; אמרה של עודד חנוכייב, אשר ישב עם מאור במעצר, לפיה מאור שאל עצור אחר "" איך ההרגשה שיש לך שתי נשמות על הגב? "" . בנוסף, נסקרו עדויותיהם של חוקרי המשטרה, אשר נחקר"
HUGGINGFACE-a07c03fe1347,תקשורת,מהתקשורת,5399,0,B,"מכשירים שחובר למערער והחקירה הופסקה כדי לוודא שמצב בריאותו תקין. לאחר שהמערער התלונן כי ""קשה לו"" הרגיעו אותו החוקרים והזדהו בפניו כשוטרים, כשביקש לוודא כי אינם מהתקשורת. בשלב מאוחר יותר סימן המערער בתנועות ידיו לחוקרים – שתמללו אותן למילים – כיצד חנק את המנוחה ודקר את בטנה והודה כי השתמש בסכין. בית המשפט המחוזי הדגיש כי בשלב ז"
HUGGINGFACE-9f519071dbd0,עיתונות,בעיתונות,29436,0,B,"ינו לפני כ-4 וחצי שנים, ואין בכוחן לרפא את העובדה כי לא נטענה טענה בבית המשפט המחוזי לגבי ירי אפשרי לסמטה מתוך מתחם אבו עסב. אשר לצירופם של הסכם ההארכה והמודעה בעיתונות בדבר הסכם הסולחה, נטען כי אין מקום להגשתם בשלב זה, וכי בכל מקרה לא ברור על-ידי מי נכתבו מסמכים אלו ובאלו נסיבות, על מה הם מתבססים, ואם אכן הם משקפים לקיחת אחרי"
HUGGINGFACE-9f519071dbd0,פרסום,ופרסום,24293,0,B,"ור הגיש המערער גם בקשה להוספת ראיות. הראיות שנתבקשה הוספתן הינם סדרת צילומים של הסמטה וסביבותיה שנערכו על-ידי בא כוח המערער, וכן העתקים ותרגומים של הסכם ההארכה ופרסום בעיתון בדבר הסכם סולחה בין משפחת המנוח למשפחת אבו עסב מיום 25.2.2012. לטענת המערער בחינת הצילומים עשויה לתקן את הרושם המוטעה שקיבל בית המשפט המחוזי באשר לתמונת"
HUGGINGFACE-9f519071dbd0,פרסום,פרסום,31711,1,B,"פלוני נ' מדינת ישראל (10.7.2014), פסקה 8) . 49. אשר לשיקול הראשון, יש להבחין בעניין דנן בין הצילומים שהגשתם התבקשה והסכם ההארכה מיום 10.12.2010, לבין המודעה על פרסום הסכם הסולחה. באשר לשניים הראשונים, לא היתה כל מניעה מצד המערער להגישם לפני הערכאה הדיונית. יש לציין כי המערער נמנע מלהעלות טענה על כשל בייצוג כלפי בא-כוחו הקוד"
HUGGINGFACE-9f519071dbd0,פרסום,פרסום,32237,1,B,"ראשון , פסקה 27). לפיכך יש לצאת מנקודת מוצא לפיה היה על המערער להגיש את הראיות האמורות לפני הערכאה הדיונית, ואין מקום להידרש אליהן בשלב זה. בכל הנוגע למודעה על פרסום הסכם הסולחה, הרי שזו מדברת על הסכם מיום 25.2.2012, ואילו הבקשה לראיות נוספות הוגשה רק ביום 10.9.2012, כשבעה חודשים לאחר מכן, בשעה שערעור המבקש היה תלוי ועומד ו"
HUGGINGFACE-4d421cfbd599,תקשורת,התקשורת,3821,0,B,"ם חלק. איתור וזיהוי החשודים באירוע בוצעו בשני אופנים: האחד, הכנת ""אוגדן תמונות"" של חשודים והצגתו לשוטרים שנכחו באירוע; והשני, שימוש בתמונות שצולמו על ידי אמצעי התקשורת במהלך ההתרחשות. הראשון לנקוב בשמו של המערער כמי שנכח באירוע היה בן-שמעון, בהודעה שמסר ביום 7.8.2005; ולאחר מכן, ביום 17.8.2005, זיהה הלה את המערער בתמונת עיתונ"
HUGGINGFACE-4d421cfbd599,תקשורת,תקשורת,31546,1,B,"כור, איתור וזיהוי החשודים במקרה דנן בוצע בשני אופנים: האחד, הכנת ""אוגדן תמונות"" של חשודים והצגתו לשוטרים שנכחו באירוע; והשני, שימוש בתמונות שצולמו על ידי אמצעי תקשורת במהלך ההתרחשות. בית משפט זה נדרש לא אחת לשאלת מהימנות הזיהוי של נאשם באמצעות עיון באלבום תמונות. נקבע כי הגם שיש בשיטת זיהוי זו קשיים שונים ששומה על בית המשפט "
HUGGINGFACE-4d421cfbd599,עיתונות,עיתונות,3983,0,B,"קשורת במהלך ההתרחשות. הראשון לנקוב בשמו של המערער כמי שנכח באירוע היה בן-שמעון, בהודעה שמסר ביום 7.8.2005; ולאחר מכן, ביום 17.8.2005, זיהה הלה את המערער בתמונת עיתונות שצולמה באירוע. פוקס ואברהם זיהו את המערער אף הם, במסגרת מסדר זיהוי תמונות מיום 11.8.2005 וגיבו את הזיהוי בהודעות שמסרו באותו יום. עוד אישר פוקס את דבר הזיהוי ב"
HUGGINGFACE-6d7d1fa9dd53,תקשורת,בתקשורת,19173,0,C,לא ראיתי פגם בשיקולים ששקל בית המשפט. 26. המערער טוען למחדלי חקירה נוספים שפגמו בהגנתו: העובדה שלא הוצא צו איסור פרסום מיידי על הפרשה (כך שהמערער ובנאיים הוצגו בתקשורת כחשודים בביצוע הרצח באופן שעדי הראייה היו עשויים להיחשף לכך); העובדה שלא נערך לו מסדר זיהוי על ידי עדי הראייה; והעובדה שלא נבדקו איכוני הטלפון הסלולרי שלו. כשל
HUGGINGFACE-6d7d1fa9dd53,פרסום,פרסום,19126,0,C,"בהגנת הנאשם"" (פסקה 96 לפסק הדין). גם במקרה זה, לא ראיתי פגם בשיקולים ששקל בית המשפט. 26. המערער טוען למחדלי חקירה נוספים שפגמו בהגנתו: העובדה שלא הוצא צו איסור פרסום מיידי על הפרשה (כך שהמערער ובנאיים הוצגו בתקשורת כחשודים בביצוע הרצח באופן שעדי הראייה היו עשויים להיחשף לכך); העובדה שלא נערך לו מסדר זיהוי על ידי עדי הראייה;"
HUGGINGFACE-0b09591fce80,תקשורת,בתקשורת,33760,0,C,"א סיפר איננה מְסַפֵקת, כשלעצמה, בסיס מוצק להרשעתו. לבסוף, טען המערער, כי הוא ראוי לזכות ב"" הגנה מן הצדק "", נוכח מחדלי החקירה האמורים; הסיקור העויין כלפי המערער בתקשורת; וקיומה של "" דעה קדומה "" בקרב עדי התביעה. נטען עוד, כי גורמים אלה מבטאים פגיעה חריפה בתחושת הצדק וההגינות, אשר איננה ניתנת לריפוי באמצעים מתונים יותר, ועל כן ע"
HUGGINGFACE-0b09591fce80,תקשורת,לתקשורת,53641,0,A,"שר ביניהם. 103. עו""ד אריאלי טען, כי אין ליתן אמון בגרסתו הנוכחית של המערער, לאחר שהמערער כיזב פעם אחר פעם, תוך הפגנת רגשות מעושים ונקיטת מניפולציות, כגון פנייה לתקשורת בבקשת עזרה למצוא את רוז, בטענה כי היא עודנה בין החיים. לטענתו של עו""ד אריאלי, גרסתו הנוכחית של המערער היא דלה ביותר, וחסרים בה פרטים חשובים רבים; גרסה זו איננה"
HUGGINGFACE-0b09591fce80,תקשורת,התקשורתי,80680,1,C,"2013); ע""פ 3578/11 סטרוק נ' מדינת ישראל ‏, בפסקאות 111-110 (13.8.2012)). להסרת ספק יצויין, כי בית משפט קמא נתן את דעתו, במהלך העדויות, לאפשרות ההשפעה של הסיקור התקשורתי של הפרשה על העדים, ועניין זה נבחן באופן פרטני, בעוד שטענותיו של המערער בהקשר זה נטענו בעלמא וללא פירוט, כך שאין מקום להידרש אליהן. קו הגנה חדש בשלב הערעור 143."
HUGGINGFACE-0b09591fce80,סיקור,הסיקור,33734,0,C,"ג את רוז, ומסכת השקרים שהוא סיפר איננה מְסַפֵקת, כשלעצמה, בסיס מוצק להרשעתו. לבסוף, טען המערער, כי הוא ראוי לזכות ב"" הגנה מן הצדק "", נוכח מחדלי החקירה האמורים; הסיקור העויין כלפי המערער בתקשורת; וקיומה של "" דעה קדומה "" בקרב עדי התביעה. נטען עוד, כי גורמים אלה מבטאים פגיעה חריפה בתחושת הצדק וההגינות, אשר איננה ניתנת לריפוי בא"
HUGGINGFACE-0b09591fce80,סיקור,הסיקור,80673,1,C," (10.4.2013); ע""פ 3578/11 סטרוק נ' מדינת ישראל ‏, בפסקאות 111-110 (13.8.2012)). להסרת ספק יצויין, כי בית משפט קמא נתן את דעתו, במהלך העדויות, לאפשרות ההשפעה של הסיקור התקשורתי של הפרשה על העדים, ועניין זה נבחן באופן פרטני, בעוד שטענותיו של המערער בהקשר זה נטענו בעלמא וללא פירוט, כך שאין מקום להידרש אליהן. קו הגנה חדש בשלב הע"
HUGGINGFACE-dd1c796c5216,תקשורת,התקשורת,5349,0,A,"בהכרעת דינו של בית משפט קמא. במשך כחודשיים ימים, במהלכם נחקר המערער מספר פעמים במשטרה, הוא דבק "" באדיקות יתרה "" בגרסתו הראשונה לקרות התאונה, אותה אף השמיע בכלי התקשורת. על-פי גרסה זו, אוטובוס של חברת "" אגד "" בצבע ירוק נסע מאחוריו, "" באותה נסיעה גורלית של יום 10.9.07 "", ותוך כדי נסיעה ביקש נהג האוטובוס לעוקפו, וזאת "" בנהיגה בר"
HUGGINGFACE-dd1c796c5216,חדשות,בחדשות,56529,0,B,"ותה של ב', אליה התייחס בית משפט קמא בזהירות רבה, אך לבסוף החליט ליתן אמון בעיקרי גרסתה. התבטאותו של המערער, ערב קרות האירוע, כי למחרת צפויה הפתעה, וכי היא תשמע בחדשות הודעה שתזעזע את העולם, הינה אמירה מפלילה, מאין כמותה. בית משפט קמא דחה את הסברו של המערער לגבי ""ההפתעה"" שעליה דיבר, וזאת בין היתר, על יסוד עדותו של אחיה של ב',"
HUGGINGFACE-ed124bb1c04e,תקשורת,התקשורת,25148,1,B,"כלשהי באירוע. המשטרה מצידה עשתה כמיטב יכולתה כדי לאתר את המונית ואת הנהג, לרבות בדיקת מצלמת האבטחה שהייתה מותקנת בצומת הסמוך לבית המנוח, ואף פרסמה קריאה באמצעי התקשורת כי הנהג האלמוני מתבקש להתייצב במשטרה. 16. מצבו של עידן : כטיעון חלופי, נטען על ידי המערער כי גם אם עידן והמנוח הגיעו במונית, המנוח עצר את המונית ליד ביתו, אך ע"
HUGGINGFACE-ed124bb1c04e,פרסום,פרסמה,25129,1,B,"ה להיות מעורב בדרך כלשהי באירוע. המשטרה מצידה עשתה כמיטב יכולתה כדי לאתר את המונית ואת הנהג, לרבות בדיקת מצלמת האבטחה שהייתה מותקנת בצומת הסמוך לבית המנוח, ואף פרסמה קריאה באמצעי התקשורת כי הנהג האלמוני מתבקש להתייצב במשטרה. 16. מצבו של עידן : כטיעון חלופי, נטען על ידי המערער כי גם אם עידן והמנוח הגיעו במונית, המנוח עצר את "
HUGGINGFACE-f95607aa864f,תקשורת,לתקשורת,28280,1,A,"סקה 25 להכרעת הדין של בית המשפט המחוזי). למעשה, תומכת במסקנה זו גם חקירתו במשטרה של חן הראל, חברו של המערער. לאחר חקירתו הראשונה ושחרורו ממעצר, התראיין חן הראל לתקשורת, וסיפר (בניגוד לגרסה שמסר בחקירה המשטרתית הראשונה) כי המערער נפל לאחר הנגיחה. בהמשך לכך, הוא נחקר בעניין זה פעם נוספת ואז ציין כי המערער לא נפל, וכי הסיפור על "
HUGGINGFACE-f95607aa864f,ראיון,התראיין,28264,1,A," 99 לפרוטוקול ופסקה 25 להכרעת הדין של בית המשפט המחוזי). למעשה, תומכת במסקנה זו גם חקירתו במשטרה של חן הראל, חברו של המערער. לאחר חקירתו הראשונה ושחרורו ממעצר, התראיין חן הראל לתקשורת, וסיפר (בניגוד לגרסה שמסר בחקירה המשטרתית הראשונה) כי המערער נפל לאחר הנגיחה. בהמשך לכך, הוא נחקר בעניין זה פעם נוספת ואז ציין כי המערער לא נפל"
HUGGINGFACE-58b3ad2e50eb,תקשורת,תקשורת,29206,1,B,"ר טוען כי אמירה זו אינה בהכרח מפלילה או למצער קיים ספק סביר שהיא כזו. לשיטתו, לא הוכח מעל ספק סביר כי אמירתו להייב נעשתה לפני פרסום שמות המנוחים בחדשות, ברשתות תקשורת אלטרנטיביות או באמצעות שמועה מפה לאוזן שהגיעה למערער. 40. יודגש, כי כלל הראיה המסבכת, העוסק ב""פרטים מוכמנים"" שידיעתם קושרת את הנאשם למעשה העבירה, הוא אמצעי ראי"
HUGGINGFACE-58b3ad2e50eb,חדשות,בחדשות,28085,1,B,"ותו איתי (או עובד איתי, לא ברור), התקשרתי אליו אמרתי לו תבוא עם הרכב שלך, הרכב שלי לא עובד. בדרך התחלנו לדבר ואמרתי לו שהיה חיכוך ביני ובין אחד מהם, דובר על זה בחדשות. אמרתי לו...(לא ברור), אמר לי: אל תגיד לי שאתה עשית את זה. עניתי חס וחלילה, מה אתה מקשקש!! אמרתי לו אתה באת ולקחת אותי מהבית והלכנו לעבודה... הנה תחנת הדלק ראת"
HUGGINGFACE-58b3ad2e50eb,חדשות,בחדשות,29191,1,B,"ת לחובתו. המערער טוען כי אמירה זו אינה בהכרח מפלילה או למצער קיים ספק סביר שהיא כזו. לשיטתו, לא הוכח מעל ספק סביר כי אמירתו להייב נעשתה לפני פרסום שמות המנוחים בחדשות, ברשתות תקשורת אלטרנטיביות או באמצעות שמועה מפה לאוזן שהגיעה למערער. 40. יודגש, כי כלל הראיה המסבכת, העוסק ב""פרטים מוכמנים"" שידיעתם קושרת את הנאשם למעשה העבירה"
HUGGINGFACE-58b3ad2e50eb,חדשות,שידור החדשות,30153,1,B,"ער לפני המדובב וכמו כן שוכנעתי כי לא דבק רבב במשקל שהעניק בית המשפט לאמירה זו. מדברי המערער בחקירתו הראשית עולה כי אמר את הדברים להייב טרם פורסמו שמות הנרצחים בשידור החדשות ברדיו: ""ש: טוב, מתי נודע לך מי נרצחו בצומת עיבלין? ת: אני מ- (כך במקור, י.ד.), אני שמעתי ברדיו אבל לא ידעתי מי. ש: לא היו שמות? ת: לא [...]"" (עמוד 194 לפרוטוקו"
HUGGINGFACE-58b3ad2e50eb,רדיו,ברדיו,28706,1,B," המערער את האליבי שלו טרם נגלו לפניו ראיות התביעה. לא זו אף זו, חשיבותה העיקרית של אמירה זו הינה בכך שעולה מדברי המערער, כי מששמע לראשונה יחד עם הייב את הדיווח ברדיו שברכב על הרצח, ידע לומר שהיה מסוכסך עם אחד הנרצחים, טרם פורסמו שמות הנרצחים . בית המשפט הסיק מכך כי לולא היה המערער מעורב ברצח הוא לא יכול היה לדעת מי היו הנרצ"
HUGGINGFACE-58b3ad2e50eb,רדיו,ברדיו,30166,1,B,"ב וכמו כן שוכנעתי כי לא דבק רבב במשקל שהעניק בית המשפט לאמירה זו. מדברי המערער בחקירתו הראשית עולה כי אמר את הדברים להייב טרם פורסמו שמות הנרצחים בשידור החדשות ברדיו: ""ש: טוב, מתי נודע לך מי נרצחו בצומת עיבלין? ת: אני מ- (כך במקור, י.ד.), אני שמעתי ברדיו אבל לא ידעתי מי. ש: לא היו שמות? ת: לא [...]"" (עמוד 194 לפרוטוקול). מס"
HUGGINGFACE-58b3ad2e50eb,רדיו,ברדיו,30255,1,B,"אשית עולה כי אמר את הדברים להייב טרם פורסמו שמות הנרצחים בשידור החדשות ברדיו: ""ש: טוב, מתי נודע לך מי נרצחו בצומת עיבלין? ת: אני מ- (כך במקור, י.ד.), אני שמעתי ברדיו אבל לא ידעתי מי. ש: לא היו שמות? ת: לא [...]"" (עמוד 194 לפרוטוקול). מסקנה זו עולה בקנה אחד גם עם עדותו של הייב. מרצף הדברים בקטע המובא להלן, עולה כי מדובר היה "
HUGGINGFACE-58b3ad2e50eb,רדיו,ברדיו,30602,1,B,"ף הייב את המערער בבוקר יום הרצח: ""ש: באותו יום שאנו מדברים עליו, זוכר מה קרה מיוחד בכפר אעבלין? ת: בירידה שאני ירדתי מהעבודה, איפה קריית בנימין ביגור, שמעתי שם ברדיו רצח כפול באעבלין. ש: זה היה בבוקר בפעם הראשונה שנסעת? ת: כן שאספתי אותו, שירדתי לעבודה (ההדגשה שלי, י.ד.)."" (עמוד 47 לפרוטוקול). 42. אלמלא היה המערער מעורב ברצ"
HUGGINGFACE-58b3ad2e50eb,פרסום,פורסמו,28768,1,B,", חשיבותה העיקרית של אמירה זו הינה בכך שעולה מדברי המערער, כי מששמע לראשונה יחד עם הייב את הדיווח ברדיו שברכב על הרצח, ידע לומר שהיה מסוכסך עם אחד הנרצחים, טרם פורסמו שמות הנרצחים . בית המשפט הסיק מכך כי לולא היה המערער מעורב ברצח הוא לא יכול היה לדעת מי היו הנרצחים זמן קצר כל-כך לאחר הרצח, ולפיכך לא יכול היה לומר שהיה מסוכס"
HUGGINGFACE-58b3ad2e50eb,פרסום,פרסום,29172,1,B,"מסבכת ומפלילה הנזקפת לחובתו. המערער טוען כי אמירה זו אינה בהכרח מפלילה או למצער קיים ספק סביר שהיא כזו. לשיטתו, לא הוכח מעל ספק סביר כי אמירתו להייב נעשתה לפני פרסום שמות המנוחים בחדשות, ברשתות תקשורת אלטרנטיביות או באמצעות שמועה מפה לאוזן שהגיעה למערער. 40. יודגש, כי כלל הראיה המסבכת, העוסק ב""פרטים מוכמנים"" שידיעתם קושרת א"
HUGGINGFACE-58b3ad2e50eb,פרסום,פורסמו,30132,1,B,"מירתו המתועדת של המערער לפני המדובב וכמו כן שוכנעתי כי לא דבק רבב במשקל שהעניק בית המשפט לאמירה זו. מדברי המערער בחקירתו הראשית עולה כי אמר את הדברים להייב טרם פורסמו שמות הנרצחים בשידור החדשות ברדיו: ""ש: טוב, מתי נודע לך מי נרצחו בצומת עיבלין? ת: אני מ- (כך במקור, י.ד.), אני שמעתי ברדיו אבל לא ידעתי מי. ש: לא היו שמות? ת: ל"
HUGGINGFACE-0f542538203a,תקשורת,לתקשורת,44750,0,B,"עיון וההכנה לשלב הניסיון; לא ניתן לקבוע במידת הוודאות הדרושה כי המערער עמד מאחורי הרעיונות הללו, וקיימת אפשרות כי רמזי עצמו חשש מהעמקת הבדיקה בשל פנייתה של ע.ש לתקשורת; אין ראיה לחיזוק הטענה של רמזי כי המערער ביקש לרצוח את גרושתו, בעוד שלגרסת עד המדינה רמזי הוא שהיה הרוח החיה מאחורי רעיון זה (פסקאות 215-214 להכרעת הדין). כאמו"
HUGGINGFACE-0f542538203a,תקשורת,לתקשורת,132750,1,B,"מידת הוודאות הדרושה שהנאשם הוא שעמד מאחורי הרעיונות הללו, מכיוון שבמצב הדברים כפי שתואר על ידי רמזי, קיימת אפשרות לפיה הלה חשש מהעמקת הבדיקה בשל פנייתה של ע.ש. לתקשורת"" (פס' 214–215 לפסק דינה של השופטת דותן ) (הדגשה הוספה –י""ע). לטעמי, הנמקה זו של בית משפט קמא, המקובלת עלי, כוחה יפה גם לאישומים 6-4 עליהם עמדנו לעיל. עיננו הרו"
HUGGINGFACE-0f542538203a,עיתונות,העיתונאי,133451,1,A,"ידיעתו של עד המדינה אודות הכתבה האמורה להתפרסם, מעידה על כך שהמערער עמד מאחורי הקשר. בחודש מרץ 2011 רמזי כבר חזר לעבוד במשרד, וייתכן כי המערער סיפר לו על פניית העיתונאי, או שרמזי שמע על כך בשיחות מסדרון במשרד, באשר יש להניח כי המערער זעם אודות הכתבה האמורה להתפרסם. המערער אף שלח פקס אל העיתונאי, פקס שנשלח על ידי מזכירתו, כך שי"
HUGGINGFACE-0f542538203a,עיתונות,העיתונאי,133578,1,A,"ייתכן כי המערער סיפר לו על פניית העיתונאי, או שרמזי שמע על כך בשיחות מסדרון במשרד, באשר יש להניח כי המערער זעם אודות הכתבה האמורה להתפרסם. המערער אף שלח פקס אל העיתונאי, פקס שנשלח על ידי מזכירתו, כך שייתכן כי רמזי אף ראה את הפקס. לסיכום, הגם שבית משפט קמא טעה בעבירה שייחס למערער, אין בכך כדי לשנות את התוצאה לפיה לא עלה בידי המ"
HUGGINGFACE-0f542538203a,טלוויזיה,הטלוויזיה,114066,1,B,"רידה יותר. האם דפוס פעולה של המערער, בבחינת קודם כועס ואחר-כך מבקש לפגוע, או דפוס התנהגות של התפרצות זעם שאין לה המשך? בעת שהותו במעצר, לאחר שכהן הופיע בתוכנית הטלוויזיה של אמנון כהן, ביקש המערער מג.א. שיפגע בו. ג.א. ביקש ממנו את הכתובת של כהן, ולדבריו, המערער אמר שידבר עם הבן שלו ויביא לו את הכתובת. לאפיזודה זו לא היה המשך, המ"
HUGGINGFACE-0f542538203a,פרסום,הפרסום,43455,0,A,"מערער 30. לגבי אישום 7, הניסיון לפגוע בע.ש, עד המדינה סיפר כי לאחר שידור תוכנית הטלויזיה ""עובדה"" בעניינו של כהן, ולאחר שהתברר כי ע.ש, גרושתו של המערער, יזמה את הפרסום, הגיעו אליו עבדי ורמזי והציעו לפגוע בה מאחר שהיא עומדת ליזום כתבה נוספת בעיתון ידיעות אחרונות. ואכן, כתב ידיעות אחרונות ליאור אל-חי פנה אל המערער על מנת לקבל א"
HUGGINGFACE-0f542538203a,פרסום,פורסמה,43902,0,A,"7 תמלול האזנת סתר). המשטרה ראתה בפנייה של הכתב אל-חי אל המערער פרט מוכמן, מאחר שעובדה זו לא הייתה אמורה להיות ידועה לעד המדינה בעת חקירתו במשטרה, שהרי הכתבה לא פורסמה. מכאן הסיק בית המשפט, כי בהעדר קשר ישיר בין המערער לבין עד המדינה יש להניח כי הפרטים על הכתבה הצפויה נודעו לעד המדינה מרמזי, אך אין להסיק מכך על כוונתו של המער"
HUGGINGFACE-e2771655dbdd,תקשורת,התקשורת,18708,0,B," הסבריו המגומגמים והמופרכים [של המערער, י.ד ]"". בית המשפט מיין את הפרטים השונים לשלוש קטגוריות בהתאם למשקלם. משקל מכריע יוחס לפרטים שלא היו בידיעת החוקרים וכלי התקשורת בעת שנמסרו. בקטגוריה זו כלל בית המשפט את ידיעת המערער בדבר חוסר היכולת לנעול את דלת התא השני מבחוץ, בשעה שטרם נודע לחוקרים כי המנעול שבור ועל כן אינו מאפשר נעי"
HUGGINGFACE-e2771655dbdd,תקשורת,התקשורת,19141,0,B," מעבידו החדש – ראובן ג'נאח (להלן: ג'נאח ) – בערב הרצח, שלאחריה אמר המערער לרעייתו כי ""ילדה נפלה מאסלה בשירותים"", אף שטרם נחשף לפרטים על אודות הרצח מג'נאח ומכלי התקשורת. משקל גבוה ניתן לפרטים שהיו בידיעת המערער אך היו ידועים גם לחוקרים או לכלי התקשורת. בקטגוריה זו נכללו ידיעת המערער כי המנוחה נרצחה בתא השירותים השני מבין ארבעת"
HUGGINGFACE-e2771655dbdd,תקשורת,התקשורת,19224,0,B,"י ""ילדה נפלה מאסלה בשירותים"", אף שטרם נחשף לפרטים על אודות הרצח מג'נאח ומכלי התקשורת. משקל גבוה ניתן לפרטים שהיו בידיעת המערער אך היו ידועים גם לחוקרים או לכלי התקשורת. בקטגוריה זו נכללו ידיעת המערער כי המנוחה נרצחה בתא השירותים השני מבין ארבעת התאים שהיו בחדר השירותים; העובדה שציין בפני החוקרים כי ביום הרצח ראה מספר טיפות דם"
HUGGINGFACE-e2771655dbdd,תקשורת,התקשורת,77542,1,A,"ראיות נגדו ויישם את עצותיו בפועל. כמו כן, מהשיחות עולה כי עורך הדין סיפק לו את הקשר הנחוץ עם העולם החיצון ועם משפחתו ואף יידע אותו בדבר התמיכה לה הוא זוכה בכלי התקשורת, מה שהוביל לכך שהמערער שב מעודד מהפגישות עמו כעולה מהשיחות עם ארתור [ראו: ת/401, מ""ט 165/05 (19), עמ' 35-30 מיום 17.12.2006]. בנסיבות אלה, אין מקום לקבוע כי הי"
HUGGINGFACE-e2771655dbdd,תקשורת,התקשורת,127320,1,A,"ש עם עורך דינו למשך כ-20 דקות ונותר בתאו רוב היום. בחזרתו מהפגישה עם עורך הדין באותו היום, דיווח המערער לארתור על עיקרי הפגישה, ציין את התמיכה לה הוא זוכה מכלי התקשורת, לדברי הסנגור, והביע נימה של אופטימיות ביחס למצבו. 108. בחקירה בבוקרו של יום 18.12.2006 [ת/443] עומת המערער עם שני ממצאים חדשים: הודעתה של רעייתו, לפיה לאחר שש"
HUGGINGFACE-e2771655dbdd,תקשורת,תקשורתי,208542,1,B,"ד בזמן השיחה עם המערער – אשר התקיימה, על פי פלטי השיחות, בשעה 21:23 – הוא כלל לא ידע היכן נמצאה המנוחה. ג'נאח טען כי עובר לשיחה הוא לא צפה בחדשות ולא שמע סיקור תקשורתי של המקרה [עמ' 303 לפרוטוקול], אך הוא שמע פרטים על המקרה ""מאנשים, מטלפונים, מחברים"" [ שם ], ובעיקר ממידע שמסרה לו אשתו. על פי גרסתו, המידע אשר הגיע לאוזניו ממקו"
HUGGINGFACE-e2771655dbdd,תקשורת,התקשורת,259726,1,B,"עובדה שהמערער לא ציין זאת בתיאור הנעל מפחיתה מעוצמו של פרט זה. לגבי חזותה החיצונית של המנוחה; צוין כי המערער תיאר את גובהה ושיערה, אך מאחר שנחשף לתמונותיה בכלי התקשורת (לרבות צילום וידאו), אין להעניק משקל גבוה למידע בנושא זה. לגבי שיערה של המנוחה, ציין בית המשפט כי המערער מסר ששיערה היה מגולגל לאחור ללא גומיה ואכן גומייתה נמצ"
HUGGINGFACE-e2771655dbdd,תקשורת,בתקשורת,262154,1,B,"י למדי. לצד האמור, היה מצופה שיתאר את המעיל השחור שלבשה, שהוא אכן פריט דומיננטי בהופעתה. אשר לחזותה של המנוחה, הרי שאין לייחס לכך כל משקל, מרגע שנחשף לתמונותיה בתקשורת. עם זאת, אעיר לגבי השיער, כי המערער מסר בעקביות שהיה אסוף לצמה לאחור, בעוד שהמנוחה נמצאה כששיערה פזור. ואולם, מקובלת עלי ההשערה שהעלה בית המשפט כי שיערה התפזר "
HUGGINGFACE-e2771655dbdd,תקשורת,התקשורתי,390627,1,A,"יא לשופט פתרון קל וחלק יתר על המידה. בסופו של יום, לאחר שבחנתי את מכלול חומר הראיות ושבתי ובחנתי אותו, ולאחר שנטרלתי את ""רעשי הרקע"" שאפפו את התיק, לרבות הסיקור התקשורתי המסיבי, אם לא חסר התקדים בהיקפו, לו זכתה פרשה זו, הגעתי למסקנה כי יש לזכות את המערער. אני סבור כי למרות קיומה של תשתית מפלילה ביותר, נותר ספק סביר באשמתו. ואול"
HUGGINGFACE-e2771655dbdd,תקשורת,בתקשורת,517845,1,B,"ר – אני נכון להניח כי התיאור של מכנסי הג'ינס, נעלי הספורט וכיוצא בזה משותף להרבה בנות בבית הספר, ואני נכון שלא לזקוף אותו לחובת המערער, שאף נחשף לתמונות המנוחה בתקשורת. אלא שהמערער מצא לתאר גם את השיער של המנוחה, תוך שהוא מתאר אותו כצמה מגולגלת בלי גומי. בהינתן העובדה שהרוצח עקב אחרי המנוחה מאחור והתמקד מטבע הדברים בצוואר ומע"
HUGGINGFACE-e2771655dbdd,סיקור,סיקור,208536,1,B,"אר כיצד בזמן השיחה עם המערער – אשר התקיימה, על פי פלטי השיחות, בשעה 21:23 – הוא כלל לא ידע היכן נמצאה המנוחה. ג'נאח טען כי עובר לשיחה הוא לא צפה בחדשות ולא שמע סיקור תקשורתי של המקרה [עמ' 303 לפרוטוקול], אך הוא שמע פרטים על המקרה ""מאנשים, מטלפונים, מחברים"" [ שם ], ובעיקר ממידע שמסרה לו אשתו. על פי גרסתו, המידע אשר הגיע לאוז"
HUGGINGFACE-e2771655dbdd,סיקור,הסיקור,390620,1,A,"מציעה היא לשופט פתרון קל וחלק יתר על המידה. בסופו של יום, לאחר שבחנתי את מכלול חומר הראיות ושבתי ובחנתי אותו, ולאחר שנטרלתי את ""רעשי הרקע"" שאפפו את התיק, לרבות הסיקור התקשורתי המסיבי, אם לא חסר התקדים בהיקפו, לו זכתה פרשה זו, הגעתי למסקנה כי יש לזכות את המערער. אני סבור כי למרות קיומה של תשתית מפלילה ביותר, נותר ספק סביר באש"
HUGGINGFACE-e2771655dbdd,חדשות,בחדשות,208521,1,B,"הוסיף ג'נאח ותיאר כיצד בזמן השיחה עם המערער – אשר התקיימה, על פי פלטי השיחות, בשעה 21:23 – הוא כלל לא ידע היכן נמצאה המנוחה. ג'נאח טען כי עובר לשיחה הוא לא צפה בחדשות ולא שמע סיקור תקשורתי של המקרה [עמ' 303 לפרוטוקול], אך הוא שמע פרטים על המקרה ""מאנשים, מטלפונים, מחברים"" [ שם ], ובעיקר ממידע שמסרה לו אשתו. על פי גרסתו, המידע"
HUGGINGFACE-e2771655dbdd,חדשות,בחדשות,211196,1,B,"קרה משהו בשירותי בית הספר, אף על פי שג'נאח לא אמר זאת. עוד טוענת ההגנה כי יתכן שג'נאח שכח כשנחקר, כי הזכיר בשיחה את מיקום הרצח בשירותים. נטען כי מידע זה התפרסם בחדשות לפני שהתרחשה השיחה; יש להניח כי שמועות בדבר הרצח התפשטו במהרה בישוב קטן כקצרין; וכן נטען כי המידע היה זמין במיוחד לג'נאח, שכן הוא מכיר באופן אישי מספר אנשים שנ"
HUGGINGFACE-e2771655dbdd,טלוויזיה,טלוויזיוני,28484,0,A,"ות בסוגיה זו. הבקשה הוגשה לאחר שד""ר פורמן ציינה במהלך עדותה כי ד""ר קוגל מסכים עם עמדתה (נתון שנטען גם על ידי הסנגורים), ובעקבות זאת הציגה המשיבה קטע מתוך ראיון טלוויזיוני עם ד""ר קוגל, שבו הביע עמדה הפוכה לכאורה, על פיה לא ניתן לקבוע את סוג הלהב שבאמצעותו בוצע החתך. בית המשפט קבע כי ההגנה יכולה היתה להגיש את חוות דעתו של ד""ר קוגל"
HUGGINGFACE-e2771655dbdd,טלוויזיה,טלוויזיוני,274891,1,A,"ה על ידי ההגנה כבר בחוות דעתו של פלג. 252. יצוין כי ד""ר פורמן טענה בעדותה כי ד""ר קוגל דווקא מסכים עם עמדתה בנוגע ללהב הסכין, אך המשיבה הציגה בתגובה קטע מריאיון טלוויזיוני עם ד""ר קוגל שבו הביע עמדה הפוכה לכאורה, על פיה לא ניתן לקבוע את סוג הלהב שבאמצעותו בוצע החתך. בעקבות זאת ביקשה ההגנה לזמן את ד""ר קוגל לעדות, אך בקשתה נדחתה על "
HUGGINGFACE-e2771655dbdd,טלוויזיה,בטלוויזיה,419383,1,B,"ו בתנועותיו החריגות של זדורוב מושך את עינה של הפסיכולוגית של בית הספר, שאינה מכירה אותו וחושבת בטעות כי הוא הגנן של בית הספר. לימים, כשהפסיכולוגית תראה את הגנן בטלוויזיה היא תבין שלא בגנן מדובר. זדורוב חוזר למקלט לאחר ששתה קפה וממשיך לעבוד במקלט עד השעה 17:30. כעת הוא מסיים את יום עבודתו ומותיר מאחור במקלט את תיקו עם הבגדים וכל"
HUGGINGFACE-e2771655dbdd,טלוויזיה,בטלוויזיה,535008,1,B,"ידה כי בסמוך לשעה 14:15 הבחינה בגנן בפינת הקפה, ושמה לב כי הוא מתנהג בדרך שעוררה את תשומת ליבה, כשהוא מתנועע ב""תנועתיות נסערת"". לאחר שהגנן נעצר, והיא ראתה אותו בטלוויזיה, הבינה נשרי כי לא מדובר בגנן. אציין כי תמונתו של הגנן הוגשה לבית משפט קמא (ת/4), שהתרשם מדמיונו הניכר למערער. ברי כי הפסיכולוגית טעתה בזיהוי, באשר עדותה מתיישב"
HUGGINGFACE-e2771655dbdd,ראיון,ראיון,28478,0,A,"גל לעדות בסוגיה זו. הבקשה הוגשה לאחר שד""ר פורמן ציינה במהלך עדותה כי ד""ר קוגל מסכים עם עמדתה (נתון שנטען גם על ידי הסנגורים), ובעקבות זאת הציגה המשיבה קטע מתוך ראיון טלוויזיוני עם ד""ר קוגל, שבו הביע עמדה הפוכה לכאורה, על פיה לא ניתן לקבוע את סוג הלהב שבאמצעותו בוצע החתך. בית המשפט קבע כי ההגנה יכולה היתה להגיש את חוות דעתו "
HUGGINGFACE-e2771655dbdd,ראיון,מריאיון,274883,1,A,"נן הועלתה על ידי ההגנה כבר בחוות דעתו של פלג. 252. יצוין כי ד""ר פורמן טענה בעדותה כי ד""ר קוגל דווקא מסכים עם עמדתה בנוגע ללהב הסכין, אך המשיבה הציגה בתגובה קטע מריאיון טלוויזיוני עם ד""ר קוגל שבו הביע עמדה הפוכה לכאורה, על פיה לא ניתן לקבוע את סוג הלהב שבאמצעותו בוצע החתך. בעקבות זאת ביקשה ההגנה לזמן את ד""ר קוגל לעדות, אך בקשת"
HUGGINGFACE-7cc695a67f0b,רדיו,ברדיו,5304,0,B,"הילדים שקראו ""ח'אלי, ח'אלי"". חוסיין העיד כי שמע את זעקת הילדים המכנים את הדוקר ""ח'אלי"". יב. מנגד, טען המערער כי היה ביום הרצח בבית המשפחה בשועפט ונודע לו על כך ברדיו ואחר כך מפי אנשים, ובעצת אחיו הבכור עזב לבית לחם. בית המשפט דחה גרסה זו. יג. בית המשפט קיבל את טענת ההגנה, כי היה על המשטרה לערוך מסדר זיהוי באמצעות תמונות בימ"
HUGGINGFACE-3e45cc20405b,תקשורת,לתקשורת,26264,1,A,"חר האירוע, ובה מסרה את גרסתה לאשר התרחש. בחקירות שלאחר מכן סֵרבה טלי לשתף פעולה עם חוקרי המשטרה בטענה כי אינה יכולה לסמוך עליהם, שכן הם מדליפים דברים מן החקירה לתקשורת. את גרסתה המלאה, המקיפה והמפורטת למסכת האירועים מסרה למעשה רק בעדותה בבית המשפט. לעיל הובאו הפרטים שמסרה טלי בעדותה לגבי השלב שבין הגעת בּן לביתם בקיבוץ זיקים "
HUGGINGFACE-9b55c869007c,פרסום,שפורסמה,16467,1,B,"ה בפרקליטות מחוז ירושלים, כבדרך אגב, בזמן שנסעה באוטובוס עירוני בירושלים, שיחה אקראית שניהלה ל' עם שני בחורים צעירים שפגשה באוטובוס. בשיחה, שהתפתחה בעקבות כתבה שפורסמה בעיתון באותו יום ואשר עסקה באירוע הדקירה, חשפה ל' בפני הצעירים את זהותה ומעורבותה בפרשה, וציינה כי הגרסה שמסרה במשטרה הייתה שקרית. מהמסמך שבו תיעדה המתמחה את ה"
HUGGINGFACE-f1d8acf054f4,תקשורת,לתקשורת,5155,0,B,"ה המערער טען, לראשונה, כי בוצעו בו מעשים מיניים פעמיים על-ידי המנוח . לטענת המערער, הוא נמנע מלספר על מעשים אלה באמרותיו הראשונות מתוך בושה ומחשש שהדברים יגיעו לתקשורת. המערער הוסיף כי לא סיפר על המעשים המיניים לאף אדם אחר, לרבות משפחתו וחברו אבי , גם זאת מתוך ביישנות. המערער טען כי בעקבות מעשי הסדום חלה אצלו החמרה במחלת האפי"
HUGGINGFACE-78cdfe544a3c,תקשורת,בתקשורת,53020,1,B," ותוך מיומנויות טכניות ומנטאליות מרשימות כ'ארגון מחתרת של איש אחד', משכיל לעשות שימוש בחומרי חבלה ללא כל 'תאונת עבודה' ואף עומד בשלבים מסוימים (על פי מה שפורסם בתקשורת) בחקירות ביטחוניות בהיותו חשוד במעשים שיוחסו לו. קצת קשה (בלשון המעטה) לאתר, ללמוד להטמיע וליישם בשיטה אוטו-דידקטית מידע מורכב ששימש את הנאשם, ובה בעת להיות מו"
HUGGINGFACE-78cdfe544a3c,פרסום,שפורסם,53013,1,B,"ורך זמן ותוך מיומנויות טכניות ומנטאליות מרשימות כ'ארגון מחתרת של איש אחד', משכיל לעשות שימוש בחומרי חבלה ללא כל 'תאונת עבודה' ואף עומד בשלבים מסוימים (על פי מה שפורסם בתקשורת) בחקירות ביטחוניות בהיותו חשוד במעשים שיוחסו לו. קצת קשה (בלשון המעטה) לאתר, ללמוד להטמיע וליישם בשיטה אוטו-דידקטית מידע מורכב ששימש את הנאשם, ובה בעת "
HUGGINGFACE-ee34bcf5c171,פרסום,פרסום,12948,0,B," משקל רב להודאותיו השונות. אשר להודאה בפני מאור – נטען כי מקורה במצבו הנפשי העגום אותה עת של המערער, אשר סבל ממחשבות כפייתיות בעניין מוות ורצח; כי היא באה לאחר פרסום באתר Ynet ; וכי היא אינה תואמת לפרטים מרכזיים בהתרחשות העובדתית (כך, המערער סיפר למאור כי רצח את ולדימיר עת שזה שוחח בתא טלפון ציבורי, אך הדבר אינו מתיישב עם ע"
HUGGINGFACE-ee34bcf5c171,פרסום,פורסמו,45334,1,B,"-119). טענתו בערעור שלפיה מדובר בפרט מידע שהוא ""כמעט טריוויאלי"" – אינה מקובלת עליי. 41. המערער ביקש ליישב סתירות אלו בבית המשפט על ידי הפנייה לאתרים נוספים שהם פורסמו ידיעות על אודות הרצח (נ/1) – וזאת אף שכאמור, בחקירותיו במשטרה הכחיש כי קרא ידיעות נוספות על הרצח באתרים אחרים. אלא שכפי שקבע בית המשפט המחוזי, פרסומים אלה אינם"
HUGGINGFACE-ee34bcf5c171,פרסום,פרסומים,45484,1,B,"וספים שהם פורסמו ידיעות על אודות הרצח (נ/1) – וזאת אף שכאמור, בחקירותיו במשטרה הכחיש כי קרא ידיעות נוספות על הרצח באתרים אחרים. אלא שכפי שקבע בית המשפט המחוזי, פרסומים אלה אינם כוללים את הפרטים המוכמנים שמסר – כגון מיקום הרצח, נפילת המנוח על ברכיו והעובדה שהנרצח נדקר דקירה אחת בצווארו (הכרעת הדין, עמ' 49-48). ניסיונותיו של המ"
HUGGINGFACE-5ae5697dc786,תקשורת,בתקשורת,65592,1,B," "". זאת ועוד, המערער "" שאל האם משפחת המנוחה יכולה לתבוע פיצוי כספי "", ובהמשך, החל לבכות, ואמר כי הוא מפחד "" ממאסר עולם...שלא יראה את משפחתו...מפחד מכל מה שיהיה בתקשורת "". בבית המשפט העיד בנצי, בנוגע לחקירה זו (ת/103), כך: ""אני לא זיהיתי שהוא עייף, ההיפך, הוא היה ערני...מניפולטיבי אפילו הוא ניסה לדלות ממני מידע...היה לו יותר ק"
HUGGINGFACE-048c1166eeaa,תקשורת,התקשורת,9060,0,B," השיב עזריה כי הוא גילה את המזוודה, שעה שחיפש בקבוקים ריקים במכולה, והוא החליט להביאה למשטרה, לאחר שהתעורר חשדו כי היא עשויה להיות קשורה לשוד, עליו דווח באמצעי התקשורת. אין מחלוקת בין הצדדים, כי המזוודה שנמצאה במכולה היא המזוודה אשר נשדדה מהמנוח. עוד אין חולק, כי בארנק שהיה בתוך המזוודה נמצאו כרטיסי ביקור על שם המנוח; כי בדופ"
HUGGINGFACE-ea3daca3af38,תקשורת,התקשורת,11399,0,B,"מוכמנים': העובדה כי הירי בוצע מחוץ למכונית; העובדה כי היה יורה אחד; ועובדת היות הרצח מוזמן. לעניין זה, דחה בית המשפט המחוזי את הטענה כי הפרטים הללו פורסמו בכלי התקשורת ולפיכך כל אדם יכול היה לדעתם, בקבעו כי לו היתה עדותה של לירז מבוססת על מידע שפורסם בכלי התקשורת, ""מן הסתם היתה מציינת את שעת הרצח ואת העובדה ששניים נרצחו"" , וכ"
HUGGINGFACE-ea3daca3af38,תקשורת,התקשורת,11495,0,B,"ין זה, דחה בית המשפט המחוזי את הטענה כי הפרטים הללו פורסמו בכלי התקשורת ולפיכך כל אדם יכול היה לדעתם, בקבעו כי לו היתה עדותה של לירז מבוססת על מידע שפורסם בכלי התקשורת, ""מן הסתם היתה מציינת את שעת הרצח ואת העובדה ששניים נרצחו"" , וכי בין הפרטים שמסרה לירז היו כאלה שלא פורסמו בתקשורת, ובהם הפרטים שתאמו את הממצאים הבליסטיים, היו"
HUGGINGFACE-ea3daca3af38,תקשורת,בתקשורת,11610,0,B,"יתה עדותה של לירז מבוססת על מידע שפורסם בכלי התקשורת, ""מן הסתם היתה מציינת את שעת הרצח ואת העובדה ששניים נרצחו"" , וכי בין הפרטים שמסרה לירז היו כאלה שלא פורסמו בתקשורת, ובהם הפרטים שתאמו את הממצאים הבליסטיים, היות הרצח מוזמן, קבלת התשלום עבור הרצח ועובדת ביקורם של אחיו של אבו רוס אצל המערער כדי לנסות לדלות ממנו פרטים. 24. בית"
HUGGINGFACE-ea3daca3af38,תקשורת,מהתקשורת,26159,0,B,"שות והשיחות שקיים עם אבו רוס בסמוך לרצח, ובשל זהירותו המופלגת של אבו רוס, שלא היה נותן לאדם שהוא לא סומך עליו להתקרב אליו עם נשק. עם זאת, הודה עטיה כי הושפע גם מהתקשורת ומכך ששמע על מעצרו של המערער. יום הרצח 43. עבדאללה אבו גליון (להלן: ""עבדאללה"" ), חברו של אבו רוס, העיד כי ביום הרצח הגיע לביתו של אבו רוס בשעות אחר הצהריים המו"
HUGGINGFACE-ea3daca3af38,תקשורת,בתקשורת,65008,0,B," בדברים כדי לערער את אמינות גרסתה של לירז. 105. עוד טוענת המדינה, כי בניגוד לטענת המערער, ""לא הוכח שניתן היה להסיק ירי מבחוץ פנימה רק מתמונות הזירה כפי שפורסמו בתקשורת, ואין במוצגים תמונה לאישוש טענה זו"" . לפיכך, יש לראות בעדות מומחה המז""פ ראיה המחזקת את עדותה של לירז בדבר ביצוע הירי מחוץ למכונית לעבר היושבים בתוכה. נוסף על כ"
HUGGINGFACE-ea3daca3af38,תקשורת,מהתקשורת,65228,0,B,"ת בעדות מומחה המז""פ ראיה המחזקת את עדותה של לירז בדבר ביצוע הירי מחוץ למכונית לעבר היושבים בתוכה. נוסף על כך, טוענת המדינה כי לו היתה לירז מעידה על פרטים שידעה מהתקשורת, היא היתה מספרת כי המערער ירה באדם נוסף, ולא רק באבו רוס. עוד טוענת המדינה כי הממצאים הבליסטיים, ולפיהם כל שבעת התרמילים שנמצאו בזירה נורו מכלי נשק אחד, בשילוב"
HUGGINGFACE-ea3daca3af38,תקשורת,התקשורת,91813,1,B,"מכך כי תמיד כך הדבר, ויש לבחון כל מקרה לגופו. יש ממש אף בקביעה כי העובדה שסיפורה של לירז התייחס, למן ההתחלה, לרצח אבו רוס בלבד, אף שידעה מן הסתם מהפרסומים בכלי התקשורת כי גם עטווה נרצח, מחזקת את אמינות גרסתה. לוּ ביקשה לירז לטפול על המערער אשמת שווא, לא היתה סיבה נראית לעין כי תספר בפירוט כה רב עובדות הנוגעות לרצח אבו רוס, וא"
HUGGINGFACE-ea3daca3af38,תקשורת,בתקשורת,104750,1,B,"וצע מחוץ למכונית אל עבר היושבים בה, כפי שהעידה לירז. לעניין זה, מקובלת עלי טענת המדינה כי ""לא הוכח שניתן היה להסיק ירי מבחוץ פנימה רק מתמונות הזירה כפי שפורסמו בתקשורת, ואין במוצגים תמונה לאישוש טענה זו"" . המערער טען כי בשיחתה של לירז עם החוקרים מיום 25.9.2007 ( נ/3 ) לא היתה לירז בטוחה אם הירי בוצע מחוץ למכונית או בתוכה. מעי"
HUGGINGFACE-ea3daca3af38,תקשורת,התקשורת,109006,1,B,"1. אשר לעובדת ביצוע הירי מחוץ למכונית אל עבר היושבים בתוכה, כאמור לעיל, דומני כי לא הוכח כי היה ביכולתה של לירז להסיק פרט זה על סמך תמונות הזירה שפורסמו באמצעי התקשורת. עוד אני סבור, כי אין בהיסוס הקל שהפגינה לירז בעת חקירתה במשטרה כשחזר החוקר על שאלתו לאחר שכבר השיבה כדי ללמד כי למעשה פרט זה לא היה בידיעתה. תשובתה המיידית של"
HUGGINGFACE-ea3daca3af38,עיתונות,בעיתונים,47580,0,B,"-כוח המערער כי לאור הבלבול בו התאפיינו דבריה במשטרה, לא ניתן כלל לטעון שלירז ידעה פרט זה. זאת ועוד, העובדה כי תמונת גופתו של אבו-רוס השרועה מחוץ למכונית פורסמה בעיתונים המקומיים, ולירז אף העידה כי ראתה את התמונה בעיתון, מלמדת כי אין מדובר בפרט מוכמן. בא-כוח המערער טוען כי אף עובדת היות הרצח 'מוזמן' אינה בבחינת פרט מוכמן, הן מש"
HUGGINGFACE-ea3daca3af38,פרסום,פורסמו,11387,0,B,"כללה 'פרטים מוכמנים': העובדה כי הירי בוצע מחוץ למכונית; העובדה כי היה יורה אחד; ועובדת היות הרצח מוזמן. לעניין זה, דחה בית המשפט המחוזי את הטענה כי הפרטים הללו פורסמו בכלי התקשורת ולפיכך כל אדם יכול היה לדעתם, בקבעו כי לו היתה עדותה של לירז מבוססת על מידע שפורסם בכלי התקשורת, ""מן הסתם היתה מציינת את שעת הרצח ואת העובדה ששניי"
HUGGINGFACE-ea3daca3af38,פרסום,שפורסם,11483,0,B," מוזמן. לעניין זה, דחה בית המשפט המחוזי את הטענה כי הפרטים הללו פורסמו בכלי התקשורת ולפיכך כל אדם יכול היה לדעתם, בקבעו כי לו היתה עדותה של לירז מבוססת על מידע שפורסם בכלי התקשורת, ""מן הסתם היתה מציינת את שעת הרצח ואת העובדה ששניים נרצחו"" , וכי בין הפרטים שמסרה לירז היו כאלה שלא פורסמו בתקשורת, ובהם הפרטים שתאמו את הממצאים ה"
HUGGINGFACE-ea3daca3af38,פרסום,פורסמו,11603,0,B,"כי לו היתה עדותה של לירז מבוססת על מידע שפורסם בכלי התקשורת, ""מן הסתם היתה מציינת את שעת הרצח ואת העובדה ששניים נרצחו"" , וכי בין הפרטים שמסרה לירז היו כאלה שלא פורסמו בתקשורת, ובהם הפרטים שתאמו את הממצאים הבליסטיים, היות הרצח מוזמן, קבלת התשלום עבור הרצח ועובדת ביקורם של אחיו של אבו רוס אצל המערער כדי לנסות לדלות ממנו פרטים."
HUGGINGFACE-ea3daca3af38,פרסום,פורסמה,47573,0,B,"אמור בא-כוח המערער כי לאור הבלבול בו התאפיינו דבריה במשטרה, לא ניתן כלל לטעון שלירז ידעה פרט זה. זאת ועוד, העובדה כי תמונת גופתו של אבו-רוס השרועה מחוץ למכונית פורסמה בעיתונים המקומיים, ולירז אף העידה כי ראתה את התמונה בעיתון, מלמדת כי אין מדובר בפרט מוכמן. בא-כוח המערער טוען כי אף עובדת היות הרצח 'מוזמן' אינה בבחינת פרט מוכ"
HUGGINGFACE-ea3daca3af38,פרסום,שפורסמו,65000,0,B,"יכך, אין בדברים כדי לערער את אמינות גרסתה של לירז. 105. עוד טוענת המדינה, כי בניגוד לטענת המערער, ""לא הוכח שניתן היה להסיק ירי מבחוץ פנימה רק מתמונות הזירה כפי שפורסמו בתקשורת, ואין במוצגים תמונה לאישוש טענה זו"" . לפיכך, יש לראות בעדות מומחה המז""פ ראיה המחזקת את עדותה של לירז בדבר ביצוע הירי מחוץ למכונית לעבר היושבים בתוכה. נ"
HUGGINGFACE-ea3daca3af38,פרסום,מהפרסומים,91798,1,B,"אולם אין להסיק מכך כי תמיד כך הדבר, ויש לבחון כל מקרה לגופו. יש ממש אף בקביעה כי העובדה שסיפורה של לירז התייחס, למן ההתחלה, לרצח אבו רוס בלבד, אף שידעה מן הסתם מהפרסומים בכלי התקשורת כי גם עטווה נרצח, מחזקת את אמינות גרסתה. לוּ ביקשה לירז לטפול על המערער אשמת שווא, לא היתה סיבה נראית לעין כי תספר בפירוט כה רב עובדות הנוגעות לרצ"
HUGGINGFACE-ea3daca3af38,פרסום,שפורסמו,104742,1,B,"י הירי בוצע מחוץ למכונית אל עבר היושבים בה, כפי שהעידה לירז. לעניין זה, מקובלת עלי טענת המדינה כי ""לא הוכח שניתן היה להסיק ירי מבחוץ פנימה רק מתמונות הזירה כפי שפורסמו בתקשורת, ואין במוצגים תמונה לאישוש טענה זו"" . המערער טען כי בשיחתה של לירז עם החוקרים מיום 25.9.2007 ( נ/3 ) לא היתה לירז בטוחה אם הירי בוצע מחוץ למכונית או בת"
HUGGINGFACE-ea3daca3af38,פרסום,שפורסמו,108991,1,B,"ו של המערער. 171. אשר לעובדת ביצוע הירי מחוץ למכונית אל עבר היושבים בתוכה, כאמור לעיל, דומני כי לא הוכח כי היה ביכולתה של לירז להסיק פרט זה על סמך תמונות הזירה שפורסמו באמצעי התקשורת. עוד אני סבור, כי אין בהיסוס הקל שהפגינה לירז בעת חקירתה במשטרה כשחזר החוקר על שאלתו לאחר שכבר השיבה כדי ללמד כי למעשה פרט זה לא היה בידיעתה. תש"
HUGGINGFACE-3b8b41fde77c,תקשורת,התקשורת,22574,0,B,"נות לגבי פרטים שאותם סיווג בית המשפט המחוזי כמוכמנים, בעוד שהם לא נושאים בהכרח את המשמעות שהסיק מהם בית המשפט. לא זו בלבד, אלא שהמדובב נחשף לפרטי אירוע הרצח מן התקשורת, ומכאן שספק אם אפשר ליתן אמון בעדותו. כמו כן, מן העדויות עולה שהמדובב נחשף לפרטי האירוע מפרוטוקול הדיון במעצרו של המערער שהאחרון הראה לו, ואף לא מסר עובדה זו ל"
HUGGINGFACE-3b8b41fde77c,תקשורת,לתקשורת,23459,0,B,"ערער לא היה מקום ליתן משקל לעדות המדובב, שעה שמדובר בהודאה שאינה מתועדת, כשיש פגמים בהקלטת השיחות בין המערער למדובב, וכן בשל זיהום עדותו של המדובב בעקבות חשיפה לתקשורת ולפרוטוקול הדיון, בשל הגמול הכספי שהובטח לו, ובשל הרקע העברייני שלו. עמדת המשיבה 39. לעמדת המשיבה, יש לדחות את הערעור. לדברי המשיבה, המערער כמעט ואינו חולק על "
HUGGINGFACE-3b8b41fde77c,תקשורת,בתקשורת,38849,1,B,"ה לאחר זמן בע""פ 4029/08 פלוני נ' מדינת ישראל , פסקאות 48-53 (10.7.2012) (להלן: עניין פלוני )); ההודאה אינה מתועדת; וכמו כן, נחשף המדובב, ולו חלקית, לאירוע הרצח בתקשורת ואף עיין בפרוטוקול הארכת המעצר של חאלד מבלי ליידע את הממונים עליו בדבר זה. 60. אכן, ""לא ניתן להתעלם מכך שבהסתייעות במדובבים כרוך חשש טבעי מפני קבלת הודאות שווא"
HUGGINGFACE-eea99af84a58,חדשות,בחדשות,6513,0,B,"ורוקה. גרסתו זו שונתה בחקירותיו הבאות, לאחר שהוטח בפניו כי אולגה מסרה שביקרהּ בערד ביום 17.8.2010 יחד עם איגור וכי יום למחרת התקשר אליה בשעת בוקר, אמר לה לצפות בחדשות כשדווח על אירוע הרצח הכפול וביקש שלא תדבר על כך, ולאחר שנערך לו עימות עם עד המדינה במהלכו אף הוצגה לו שיחה שהוקלטה (וידיאו ואודיו) בינו לבין עד המדינה (ת/77, ש"
HUGGINGFACE-eea99af84a58,חדשות,בחדשות,23172,1,B,"שה בקולו כי משהו קרה. דימה אמר לה כי הוא לא ישן כל הלילה וכי הוא מרגיש לא טוב, וביקש מאולגה לפתוח חדשות בערוץ 9 (בשפה הרוסית). לדבריה כשפתחה את הטלוויזיה הוזכר בחדשות רצח כפול בבאר שבע. אולגה שאלה את דימה ""זה מה שאני חושבת?"" והוא אמר לה שלא תדבר על כך בטלפון. ד. עדות זרובבל אלמדלסי 39. זרובבל אלמדלסי (להלן: זרובבל ) הוא תושב"
HUGGINGFACE-eea99af84a58,טלוויזיה,הטלוויזיה,23156,1,B,"ה דימה והיא הרגישה בקולו כי משהו קרה. דימה אמר לה כי הוא לא ישן כל הלילה וכי הוא מרגיש לא טוב, וביקש מאולגה לפתוח חדשות בערוץ 9 (בשפה הרוסית). לדבריה כשפתחה את הטלוויזיה הוזכר בחדשות רצח כפול בבאר שבע. אולגה שאלה את דימה ""זה מה שאני חושבת?"" והוא אמר לה שלא תדבר על כך בטלפון. ד. עדות זרובבל אלמדלסי 39. זרובבל אלמדלסי (להלן: זרוב"
HUGGINGFACE-33f5f3354124,תקשורת,התקשורת,9113,0,B,"/83א, עמודים 36-35; ת/84, עמוד 12; הכרעת הדין, עמוד 41). 13. בית המשפט המחוזי דחה את טענת בא-כוחו של המערער, לפיה הוא למד אודות פרטי האירוע מכתבות שפורסמו בכלי התקשורת, ולכן אין מדובר בפרטים מוכמנים. זאת, משום שטענות אלה נטענו באופן כוללני, ללא כל ביסוס, ולגופו של עניין קבע בית המשפט כי לא השתכנע שפרסומים אלה, ככל שהיו, כללו "
HUGGINGFACE-33f5f3354124,תקשורת,התקשורת,32104,1,B,"מנוח, ומיקום כלי הרצח במגירה שבמטבח ביתו; כל אלה מקובלות עלי, ולא מצאתי מקום להתערב בהחלטת בית המשפט לדחות את טענת הסנגור, לפיה למד המערער אודות פרטים אלה מכלי התקשורת (ע""פ 481/12 פלוני נ' מדינת ישראל , פסקאות 21-20 (30.12.2014); הכרעת הדין, עמוד 42-40). חוות דעת גנטית והערכה סטטיסטית 43. ראיית דנ""א הוכרה כראיה מדעית קבילה במ"
HUGGINGFACE-33f5f3354124,כתבות,מכתבות,9093,0,B,"ולאחר מכן השליכוֹ (ת/83א, עמודים 36-35; ת/84, עמוד 12; הכרעת הדין, עמוד 41). 13. בית המשפט המחוזי דחה את טענת בא-כוחו של המערער, לפיה הוא למד אודות פרטי האירוע מכתבות שפורסמו בכלי התקשורת, ולכן אין מדובר בפרטים מוכמנים. זאת, משום שטענות אלה נטענו באופן כוללני, ללא כל ביסוס, ולגופו של עניין קבע בית המשפט כי לא השתכנע שפרסומים"
HUGGINGFACE-33f5f3354124,פרסום,שפורסמו,9100,0,B,"כן השליכוֹ (ת/83א, עמודים 36-35; ת/84, עמוד 12; הכרעת הדין, עמוד 41). 13. בית המשפט המחוזי דחה את טענת בא-כוחו של המערער, לפיה הוא למד אודות פרטי האירוע מכתבות שפורסמו בכלי התקשורת, ולכן אין מדובר בפרטים מוכמנים. זאת, משום שטענות אלה נטענו באופן כוללני, ללא כל ביסוס, ולגופו של עניין קבע בית המשפט כי לא השתכנע שפרסומים אלה, ככ"
HUGGINGFACE-33f5f3354124,פרסום,שפרסומים,9251,0,B,"ע מכתבות שפורסמו בכלי התקשורת, ולכן אין מדובר בפרטים מוכמנים. זאת, משום שטענות אלה נטענו באופן כוללני, ללא כל ביסוס, ולגופו של עניין קבע בית המשפט כי לא השתכנע שפרסומים אלה, ככל שהיו, כללו פרטים מוכמנים אלה, ובפרט – פרטים אודות סוג הסכין שבאמצעותה בוצע הרצח, מיקום הסכין, מיקום הדקירות בחזהו של המנוח ומספר הדקירות, פרטים שונים "
HUGGINGFACE-b91dede8e54f,תקשורת,התקשורת,12892,0,B," שגה בקובעו כי עדותה של א.מ. מהימנה. המערער מדגיש כי גרסתה לוקה בחוסר היגיון בסיסי: מחד גיסא, מסרה בהודעתה במשטרה שידעה על כך שהמערער חשוד ברצח המנוח דרך אמצעי התקשורת והרשתות החברתיות, עובר לפגישה עימו בגן הציבורי; ומאידך גיסא, מסרה לאחר מכן, באותה ההודעה, כי נודע לה שהמערער הרג אדם וכי המשטרה מצויה בעקבותיו מפיו , ורק במועד"
HUGGINGFACE-3f9ed636e1d8,תקשורת,בתקשורת,118654,1,B," מלמסור גרסה בפניהם, עדותו בבית המשפט תיחשב לעדות כבושה. 66. ומכאן לשיחות שקיים המערער 1 עם המדובב (עת/58), בתא המעצר. מוכן אני להניח, כי אותם פרטים אשר פורסמו בתקשורת, עובר למעצרו של המערער 1, היו ידועים לו. המדובר, בין היתר, בפרסומים הנוגעים לחשדה של המשטרה, כי קיים קשר בין כיבוי האורות בכנסייה לבין הכוונה לפגוע במנוח; פרסו"
HUGGINGFACE-3f9ed636e1d8,תקשורת,בתקשורת,119005,1,B,"ל המנוח היה מחופש לסנטה קלאוס, ועשה שימוש בסכין קצבים; וכן, פרסומים לפיהם נמצאו כפפות בסמוך לזירת הרצח, עם כתמי דם. יחד עם זאת, הוכח כי גודלו של הסכין לא פורסם בתקשורת, להבדיל מסוגו (סכין קצבים). אין חולק, כי המערער 1 הדגים למדובב באמצעו ידיו את אורכו של הסכין, ולא הסתפק בתיאורו של הסכין כסכין קצבים (ת/113 ו, בעמ' 14). המדובב"
HUGGINGFACE-3f9ed636e1d8,פרסום,פורסמו,68725,0,B,"עבר לספק סביר את אשמתו בסיוע לרצח המנוח, ויתר על כך, היא מצביעה על חפותו. המערער 1 טען עוד, כי הפרטים שמסר למדובב אינם בגדר פרטים מוכמנים, אלא מדובר בפרטים אשר פורסמו ברבים, עובר למעצרו. עוד נטען, כי אף אם ייקבע כי המערער 1 ידע על אודות קיומה של כוונה לפגוע במנוח ולא מנע זאת, הרי שהוא לא ביצע כל פעולה אקטיבית לשם כך, ועל כן "
HUGGINGFACE-3f9ed636e1d8,פרסום,פורסמו,118647,1,B,"ם יימנע מלמסור גרסה בפניהם, עדותו בבית המשפט תיחשב לעדות כבושה. 66. ומכאן לשיחות שקיים המערער 1 עם המדובב (עת/58), בתא המעצר. מוכן אני להניח, כי אותם פרטים אשר פורסמו בתקשורת, עובר למעצרו של המערער 1, היו ידועים לו. המדובר, בין היתר, בפרסומים הנוגעים לחשדה של המשטרה, כי קיים קשר בין כיבוי האורות בכנסייה לבין הכוונה לפגוע במנ"
HUGGINGFACE-3f9ed636e1d8,פרסום,בפרסומים,118721,1,B,"לשיחות שקיים המערער 1 עם המדובב (עת/58), בתא המעצר. מוכן אני להניח, כי אותם פרטים אשר פורסמו בתקשורת, עובר למעצרו של המערער 1, היו ידועים לו. המדובר, בין היתר, בפרסומים הנוגעים לחשדה של המשטרה, כי קיים קשר בין כיבוי האורות בכנסייה לבין הכוונה לפגוע במנוח; פרסומים בקשר לעובדה שדוקרו של המנוח היה מחופש לסנטה קלאוס, ועשה שימוש בס"
HUGGINGFACE-3f9ed636e1d8,פרסום,פרסומים,118817,1,B,"שורת, עובר למעצרו של המערער 1, היו ידועים לו. המדובר, בין היתר, בפרסומים הנוגעים לחשדה של המשטרה, כי קיים קשר בין כיבוי האורות בכנסייה לבין הכוונה לפגוע במנוח; פרסומים בקשר לעובדה שדוקרו של המנוח היה מחופש לסנטה קלאוס, ועשה שימוש בסכין קצבים; וכן, פרסומים לפיהם נמצאו כפפות בסמוך לזירת הרצח, עם כתמי דם. יחד עם זאת, הוכח כי גוד"
HUGGINGFACE-3f9ed636e1d8,פרסום,פרסומים,118905,1,B,"ל המשטרה, כי קיים קשר בין כיבוי האורות בכנסייה לבין הכוונה לפגוע במנוח; פרסומים בקשר לעובדה שדוקרו של המנוח היה מחופש לסנטה קלאוס, ועשה שימוש בסכין קצבים; וכן, פרסומים לפיהם נמצאו כפפות בסמוך לזירת הרצח, עם כתמי דם. יחד עם זאת, הוכח כי גודלו של הסכין לא פורסם בתקשורת, להבדיל מסוגו (סכין קצבים). אין חולק, כי המערער 1 הדגים למד"
HUGGINGFACE-3f9ed636e1d8,פרסום,פורסם,118999,1,B,"וקרו של המנוח היה מחופש לסנטה קלאוס, ועשה שימוש בסכין קצבים; וכן, פרסומים לפיהם נמצאו כפפות בסמוך לזירת הרצח, עם כתמי דם. יחד עם זאת, הוכח כי גודלו של הסכין לא פורסם בתקשורת, להבדיל מסוגו (סכין קצבים). אין חולק, כי המערער 1 הדגים למדובב באמצעו ידיו את אורכו של הסכין, ולא הסתפק בתיאורו של הסכין כסכין קצבים (ת/113 ו, בעמ' 14)"
HUGGINGFACE-255a6bf72806,תקשורת,התקשורת,3823,0,A,"ר כי הסגרתו מנוגדת לסייג ""תקנת הציבור"" הקבוע בסעיף 2ב(א)(8), שכן לשיטתו, אם יוסגר תפגע זכותו להליך הוגן וחייו יהיו נתונים בסכנה. המערער מסתמך על פרסומים באמצעי התקשורת בצרפת, ולפיהם המעשה המיוחס לו מהווה ""טרור יהודי ישראלי"", כלשונו, בשל היות המנוח מוסלמי. המערער סבור כי השיח התקשורתי והציבורי העוין המלווה את הפרשה ישפיע על חב"
HUGGINGFACE-255a6bf72806,תקשורת,התקשורתי,3939,0,C,"תונים בסכנה. המערער מסתמך על פרסומים באמצעי התקשורת בצרפת, ולפיהם המעשה המיוחס לו מהווה ""טרור יהודי ישראלי"", כלשונו, בשל היות המנוח מוסלמי. המערער סבור כי השיח התקשורתי והציבורי העוין המלווה את הפרשה ישפיע על חבר המושבעים שידון בעניינו אם יבחר באפשרות של ניהול ההליך מחדש, שכן חבריו נמנים על תושבי הרובע בו התרחשו האירועים מושא "
HUGGINGFACE-255a6bf72806,תקשורת,והתקשורתי,14644,1,C,"ח את הפגיעה הנטענת בזכותו להליך הוגן. אין בידי לקבל את טענת המערער בדבר הפגיעה הצפויה להיגרם לו בשל כך שחבר המושבעים במשפטו החוזר יהיה נתון להשפעת השיח הציבורי והתקשורתי העוין, כפי שנטען על ידו. טענה זו, אשר מטילה צל כבד על מערכת המשפט בצרפת, דורשת הוכחה חד משמעית, ואין די בהשערות המערער כדי לבססה כדבעי. חזקה על רשויות המשפט בצ"
HUGGINGFACE-255a6bf72806,תקשורת,תקשורתי,14869,1,C,"ערכת המשפט בצרפת, דורשת הוכחה חד משמעית, ואין די בהשערות המערער כדי לבססה כדבעי. חזקה על רשויות המשפט בצרפת שתדענה לשפוט משפט צדק, אף אם ההליך המשפטי מלווה בהד תקשורתי, כנטען על ידי המערער. חזקה זו ביחס לצרפת, כמו גם ביחס ליתר המדינות שהצטרפו לאמנה האירופית בענייני הסגרה, היא העומדת בבסיס חתימתה של מדינת ישראל על האמנה, ובבסי"
HUGGINGFACE-255a6bf72806,עיתונות,מהעיתונות,5343,0,C," במשפט החוזר שיתקיים בעניינו ולהגנה על ביטחונו עד לניהול המשפט, אם יבחר לקיימו, ובתקופת מאסרו, אם יוותר על זכות זו. 16. יצוין כי המערער הגיש בקשה להגשת פרסומים מהעיתונות כראיות נוספות בשלב הערעור המצביעות, לגישתו, על הסכנה הנשקפת לו בצרפת. בקשה זו נדחתה בדיון שנערך לפנינו. 17. מנגד, המשיב – היועץ המשפטי לממשלה – טוען כי דין הער"
HUGGINGFACE-255a6bf72806,פרסום,פרסומים,3808,0,C,"וסף, טוען המערער כי הסגרתו מנוגדת לסייג ""תקנת הציבור"" הקבוע בסעיף 2ב(א)(8), שכן לשיטתו, אם יוסגר תפגע זכותו להליך הוגן וחייו יהיו נתונים בסכנה. המערער מסתמך על פרסומים באמצעי התקשורת בצרפת, ולפיהם המעשה המיוחס לו מהווה ""טרור יהודי ישראלי"", כלשונו, בשל היות המנוח מוסלמי. המערער סבור כי השיח התקשורתי והציבורי העוין המלווה את הפ"
HUGGINGFACE-255a6bf72806,פרסום,פרסומים,5335,0,C,"ליך הוגן במשפט החוזר שיתקיים בעניינו ולהגנה על ביטחונו עד לניהול המשפט, אם יבחר לקיימו, ובתקופת מאסרו, אם יוותר על זכות זו. 16. יצוין כי המערער הגיש בקשה להגשת פרסומים מהעיתונות כראיות נוספות בשלב הערעור המצביעות, לגישתו, על הסכנה הנשקפת לו בצרפת. בקשה זו נדחתה בדיון שנערך לפנינו. 17. מנגד, המשיב – היועץ המשפטי לממשלה – טוען "
HUGGINGFACE-3598b0c47e9d,תקשורת,התקשורת,17025,1,B,ו הקרובה על תכניות הנקם שלו על מנת שלא ימנעו בעדו מלבצע את המעשה; השיג אקדח; בירר את המיקום של אמיר; נהג למקום הרצח; נמלט מהמקום; החביא את האקדח; עקב אחר אמצעי התקשורת על מנת לברר התקדמות החקירה; והכחיש את מעשיו כאשר נתפס (אך ראו גם דבריי להלן בפסקה 24). חברי הפאנל העריכו כי הפרעת הפוסט-טראומה ממנה סבל המערער לא הייתה בעוצמה 
HUGGINGFACE-1924b8bf45bc,תקשורת,והתקשורת,103323,0,B,"אקדח והשליך את חלקיו, נראים בעיני ההגנה "" כמופרכים וכבלתי הגיוניים "". נטען בנוסף, כי לא נכללו בהודייתו של המערער פרטים מוכמנים כלשהם, שלא הגיעו לידיעתו מהסביבה והתקשורת, ומפיו של המדובב עצמו. פגם נוסף בהודייתו של המערער, מוצאת ההגנה בכך שהייתה למדובב מוטיבציה רבה "" להגיע לתוצאה "" עוד באותו ערב, כדי לזכות בהקלה מפליגה במשפטו, ש"
HUGGINGFACE-1924b8bf45bc,חדשות,בחדשות,27868,0,B,"זה... הומו (חשד להיותו מדובב) מערער: לא, אולי אני לא יודע, אני לא יודע במדויק (לא ברור) גבר: מה? מערער: תקשיב... בטלוויזיה בעברית אתה רואה? גבר: כן מערער: תראה בחדשות, יאסר ג'רושי גבר: מי? מערער: יאסר ג'רושי... בחדשות... תראה, צריכים להראות אותו בטלוויזיה, אתמול היה המשפט שלו, מה אומרים שם?"". בית משפט קמא ציין, כי אזהרתו של "
HUGGINGFACE-1924b8bf45bc,חדשות,בחדשות,27919,0,B,"א יודע, אני לא יודע במדויק (לא ברור) גבר: מה? מערער: תקשיב... בטלוויזיה בעברית אתה רואה? גבר: כן מערער: תראה בחדשות, יאסר ג'רושי גבר: מי? מערער: יאסר ג'רושי... בחדשות... תראה, צריכים להראות אותו בטלוויזיה, אתמול היה המשפט שלו, מה אומרים שם?"". בית משפט קמא ציין, כי אזהרתו של החבר "" ברורה וחדה "", ואף המערער "" הביע ספק כלפי המד"
HUGGINGFACE-1924b8bf45bc,טלוויזיה,בטלוויזיה,27821,0,B," או מי זה שם? מערער: מוסלמי גבר: אני חושב שהוא זה... הומו (חשד להיותו מדובב) מערער: לא, אולי אני לא יודע, אני לא יודע במדויק (לא ברור) גבר: מה? מערער: תקשיב... בטלוויזיה בעברית אתה רואה? גבר: כן מערער: תראה בחדשות, יאסר ג'רושי גבר: מי? מערער: יאסר ג'רושי... בחדשות... תראה, צריכים להראות אותו בטלוויזיה, אתמול היה המשפט שלו, מה א"
HUGGINGFACE-1924b8bf45bc,טלוויזיה,בטלוויזיה,27954,0,B,") גבר: מה? מערער: תקשיב... בטלוויזיה בעברית אתה רואה? גבר: כן מערער: תראה בחדשות, יאסר ג'רושי גבר: מי? מערער: יאסר ג'רושי... בחדשות... תראה, צריכים להראות אותו בטלוויזיה, אתמול היה המשפט שלו, מה אומרים שם?"". בית משפט קמא ציין, כי אזהרתו של החבר "" ברורה וחדה "", ואף המערער "" הביע ספק כלפי המדובב "". בית משפט קמא הבהיר, בהקשר זה, כ"
HUGGINGFACE-619eee149049,תקשורת,בתקשורת,9229,0,B,"אירוע, וכתבה כך: ""הגענו למסקנה שהנבדק בעת ביצוע המעשים לא היה במצב חולני אלא פעל על פי בחירתו החופשית ותכנים אידיאולוגיים, תיכנן את הביצוע מראש במטרה דרך פרסום בתקשורת לעודד את עם ישראל לבצע מעשי נקם"" (ת/41, עמ' 5). בהתייחס לחוות הדעת מטעם ההגנה ציינה ד""ר שסטקוב כי אין סתירה עקרונית בין חוות הדעת שכן גם מומחה ההגנה ציין כי לא"
HUGGINGFACE-619eee149049,פרסום,פרסום,9223,0,B,"מועד האירוע, וכתבה כך: ""הגענו למסקנה שהנבדק בעת ביצוע המעשים לא היה במצב חולני אלא פעל על פי בחירתו החופשית ותכנים אידיאולוגיים, תיכנן את הביצוע מראש במטרה דרך פרסום בתקשורת לעודד את עם ישראל לבצע מעשי נקם"" (ת/41, עמ' 5). בהתייחס לחוות הדעת מטעם ההגנה ציינה ד""ר שסטקוב כי אין סתירה עקרונית בין חוות הדעת שכן גם מומחה ההגנה צי"
HUGGINGFACE-56a286b30f55,תקשורת,בתקשורת,8071,1,A,"ובמשפחתה, שכן כפי שצוין במסגרת גזר הדין, כחלק משיקולי התביעה: ""הסדר הטיעון... מבטא רצון... למנוע במידת האפשר עגמת נפש וסבל ממשפחתה של המנוחה שסבלה מפרסום שלילי בתקשורת"" (שם, פסקה 4). 11. ואולם, כלל ידוע הוא כי ערכאת הערעור תמעט להתערב בגזר הדין שקבעה הערכאה הדיונית, ותעשה כן רק מקום בו נפלה בגזר הדין טעות מהותית בדין או כאשר "
HUGGINGFACE-56a286b30f55,פרסום,מפרסום,8058,1,A,"בכבוד המנוחה ובמשפחתה, שכן כפי שצוין במסגרת גזר הדין, כחלק משיקולי התביעה: ""הסדר הטיעון... מבטא רצון... למנוע במידת האפשר עגמת נפש וסבל ממשפחתה של המנוחה שסבלה מפרסום שלילי בתקשורת"" (שם, פסקה 4). 11. ואולם, כלל ידוע הוא כי ערכאת הערעור תמעט להתערב בגזר הדין שקבעה הערכאה הדיונית, ותעשה כן רק מקום בו נפלה בגזר הדין טעות מהותית"
HUGGINGFACE-7f8440ce6bf0,תקשורת,בתקשורת,8094,0,B,"ען בא כוח המערער כי המערער לא ידע פרטים מוכמנים לגבי האירוע, בניגוד לקביעתו של בית המשפט קמא. אשר לכריכת חוט הברזל על צווארו של המנוח נטען, כי פרט זה פורסם מיד בתקשורת ובאינטרנט בשפה הערבית. אשר לכלי שבו בוצעה הדקירה, נטען כי קיימת סתירה בין גרסת ההודאה לפיה כלי הרצח ששימש את המערער היה ברזל זווית (המכונה בהודאה ""פרופיל"" או """
HUGGINGFACE-7f8440ce6bf0,תקשורת,בתקשורת,23236,1,B,"תות הגרסה ועל הגיונה. (ה) בא כוח המערער טען כי בניגוד לקבוע בהכרעת הדין, המערער לא מסר בהודאתו פרטים מוכמנים. כך, לטענתו, ליפוף החוט סביב צווארו של המנוח פורסם בתקשורת הערבית ועל כן אין זה פרט מוכמן. עוד נטען כי בהודאתו לא ידע המערער לתאר פרטים הנוגעים להתרחשות וביניהם כלי ההמתה, מיקום הדקירות, תנוחת גופת המנוח, ואופן גרירת ה"
HUGGINGFACE-7f8440ce6bf0,פרסום,פורסם,8084,0,B,"ק""ג. עוד טען בא כוח המערער כי המערער לא ידע פרטים מוכמנים לגבי האירוע, בניגוד לקביעתו של בית המשפט קמא. אשר לכריכת חוט הברזל על צווארו של המנוח נטען, כי פרט זה פורסם מיד בתקשורת ובאינטרנט בשפה הערבית. אשר לכלי שבו בוצעה הדקירה, נטען כי קיימת סתירה בין גרסת ההודאה לפיה כלי הרצח ששימש את המערער היה ברזל זווית (המכונה בהודאה """
HUGGINGFACE-7f8440ce6bf0,פרסום,פורסם,23230,1,B,"על אמיתות הגרסה ועל הגיונה. (ה) בא כוח המערער טען כי בניגוד לקבוע בהכרעת הדין, המערער לא מסר בהודאתו פרטים מוכמנים. כך, לטענתו, ליפוף החוט סביב צווארו של המנוח פורסם בתקשורת הערבית ועל כן אין זה פרט מוכמן. עוד נטען כי בהודאתו לא ידע המערער לתאר פרטים הנוגעים להתרחשות וביניהם כלי ההמתה, מיקום הדקירות, תנוחת גופת המנוח, ואופן"
HUGGINGFACE-7f8440ce6bf0,פרסום,פרסומים,26332,1,B,"חיים; וליפוף חוט הברזל סביב צוואר המנוח על מנת לוודא את מותו. אשר לנקודה אחרונה זו, כפי שהטעימה המשיבה, אף אם נניח לטובת המערער כי ידע על השימוש בחוט הברזל בשל פרסומים באינטרנט, השחזור המדויק של אופן ליפוף החוט, מהווה בעצמו פרט מוכמן המלמד על אמיתות הגרסה. 20. הנה כי כן, לא מצאתי פגם במסקנתו של בית המשפט קמא כי הודאת המערער ב"
HUGGINGFACE-047748cb2db9,תקשורת,בתקשורת,7972,0,B,"בשחזור; חוות הדעת הבליסטית אשר מלמדת על התאמה בין הנשק בו השתמש היורה בבאר יעקב לבין הנשק שבאמצעותו נרצח המנוח; פרטים מוכמנים שמסר המערער בהודאותיו ושלא פורסמו בתקשורת ולא היו לנחלת הכלל: כגון שכיבת המנוח על בטנו לאחר הירי והימצאות הכלב באזור הזירה; איכוני טלפון סלולריים, מחקרי תקשורת ועדויות מהם עולה כי הרצח אירע בזמן שהמערע"
HUGGINGFACE-047748cb2db9,תקשורת,תקשורת,8091,0,B,"וכמנים שמסר המערער בהודאותיו ושלא פורסמו בתקשורת ולא היו לנחלת הכלל: כגון שכיבת המנוח על בטנו לאחר הירי והימצאות הכלב באזור הזירה; איכוני טלפון סלולריים, מחקרי תקשורת ועדויות מהם עולה כי הרצח אירע בזמן שהמערער שהה באזור; וכן ראיות שמצביעות על קיום הסכסוך בין שתי חברות השמירה, אשר תואר על ידי המערער כמניע לרצח. ראיות כאמור קי"
HUGGINGFACE-047748cb2db9,פרסום,פורסמו,7965,0,B,"המערער בשחזור; חוות הדעת הבליסטית אשר מלמדת על התאמה בין הנשק בו השתמש היורה בבאר יעקב לבין הנשק שבאמצעותו נרצח המנוח; פרטים מוכמנים שמסר המערער בהודאותיו ושלא פורסמו בתקשורת ולא היו לנחלת הכלל: כגון שכיבת המנוח על בטנו לאחר הירי והימצאות הכלב באזור הזירה; איכוני טלפון סלולריים, מחקרי תקשורת ועדויות מהם עולה כי הרצח אירע בזמ"
HUGGINGFACE-c3413672b5fd,חדשות,אתרי החדשות,24957,1,B," שלושה היו בזירה, אולם גם דימה איסקוב ידע על הרצח, אך הוא גילה זאת בדיעבד. עוד סיפר אנטולי, כי בעודם נוסעים יחד ברכב, סיפר יורי כי בכתבה שפורסמה באינטרנט באחד מאתרי החדשות של Ynet נכתב אודות האירוע עליו סיפר קודם לכן. בשלב זה מסר אנטולי ליורי את המכשיר הנייד שלו על מנת שיאתר את הכתבה באינטרנט, ולאחר שהסתכל בכתבה אמר יורי – "" הלך "
HUGGINGFACE-c3413672b5fd,רדיו,ברדיו,9099,0,B," כי היא נאלצה לעזוב את עבודתה משאינה יכולה להתמיד בעבודה כשכירה, ולכן היא עובדת כעצמאית ומתקשה לכלכל את עצמה. הבן תיאר את תחושותיו הקשות משנודע לו במקרה משמיעה ברדיו כי אביו נרצח, וסיפר כי אירוע הרצח הכניס את משפחתו לסחרור בתפקוד היומיומי, למתח וללחץ הפוגעים באיכות חייהם, ולתחושת אי ודאות לגבי השאלה מדוע האב נרצח. לאחר שעמד"
HUGGINGFACE-c3413672b5fd,פרסום,שפורסמה,24934,1,B," השיחה התבטא יורי כי רק שלושה היו בזירה, אולם גם דימה איסקוב ידע על הרצח, אך הוא גילה זאת בדיעבד. עוד סיפר אנטולי, כי בעודם נוסעים יחד ברכב, סיפר יורי כי בכתבה שפורסמה באינטרנט באחד מאתרי החדשות של Ynet נכתב אודות האירוע עליו סיפר קודם לכן. בשלב זה מסר אנטולי ליורי את המכשיר הנייד שלו על מנת שיאתר את הכתבה באינטרנט, ולאחר שהס"
