article_id,case_id,query_text,window_start,window_end,title,newspaper_source,published_date,source_collection,curation_status,curator_note
296a48b200b3f281c7354a87,HUGGINGFACE-00ab1bad61ad,פרנסואה אבוטבול רצח,2009-07-05,2012-02-26,"""<<ה>>רוצח הוך לכלא ואנחנו שמחים"": 4 שנים וחצי לאחר רצח הנער רענן לוי הורשע במעשה פרנסואה אבוטבול",ידיעות אחרונות,2009-07-06,Beit Ariela Index of Daily Newspapers - מפתח בית אריאלה לעיתונות יומית,included,
5d0c1c3dde7e451ad3dc81df,HUGGINGFACE-00ab1bad61ad,פרנסואה אבוטבול רצח,2009-07-05,2012-02-26,למאסר עולם: בית המשפט המחוזי הכריע: פרנסואה אבוטבול דקר למוות את הנער רענן לוי,מעריב,2009-07-06,Beit Ariela Index of Daily Newspapers - מפתח בית אריאלה לעיתונות יומית,included,
e335527e20d485e48300ef5c,HUGGINGFACE-00ab1bad61ad,פרנסואה אבוטבול רצח,2009-07-05,2012-02-26,כשפרנסואה יוצא לשופינג: פיצוח פרשת הרצח של הנער רענן לוי בידי פושעים מנתניה בני משפחת אבוטבול ואסי בן דוד,ידיעות אחרונות המוסף לשבת,2009-07-10,Beit Ariela Index of Daily Newspapers - מפתח בית אריאלה לעיתונות יומית,included,
53be7bb0fd1a7800d3965c63,HUGGINGFACE-00ab1bad61ad,פרנסואה אבוטבול רצח,2009-07-05,2012-02-26,חיסול ידוע מראש: העבריין פרנסואה אבוטבול חוסל - 9 שנים אחרי אביו,ידיעות אחרונות,2011-08-01,Beit Ariela Index of Daily Newspapers - מפתח בית אריאלה לעיתונות יומית,included,
ad3e566f1bee2c3735b0a2f1,HUGGINGFACE-029159f13383,אלי פחימה רצח,2014-07-22,2017-01-09,שני מאסרי עולם לאלי פחימה שרצח וביתר גופות בת זוגו ובתה,הארץ שישי,2014-11-14,Beit Ariela Index of Daily Newspapers - מפתח בית אריאלה לעיתונות יומית,included,
6c28ea94039c07a64e28026b,HUGGINGFACE-029159f13383,אלי פחימה רצח,2014-07-22,2017-01-09,שני מאסר עולם למבתר הגופות אלי פחימה: רצח את בת זוגתו ובתה,מעריב סופהשבוע,2014-11-14,Beit Ariela Index of Daily Newspapers - מפתח בית אריאלה לעיתונות יומית,included,
25db6a5df73fbcaca8bec94a,HUGGINGFACE-080535609159,טל מור הריגה,2011-10-23,2013-06-30,12 שנות מאסר לטל מור על הריגה והפקרת שניאור חשין,הארץ,2011-10-24,Beit Ariela Index of Daily Newspapers - מפתח בית אריאלה לעיתונות יומית,included,
5f517ae23da58a2547cde43d,HUGGINGFACE-09259c10df28,מרדכי משה רצח,2008-05-14,2016-02-13,(הכותרת הוסתרה: הכתבה אינה עוסקת בתיק),מעריב השבוע המגזין,2014-07-02,Beit Ariela Index of Daily Newspapers - מפתח בית אריאלה לעיתונות יומית,excluded_wrong_case,הוחרג בבדיקה ידנית: הכתבה אינה עוסקת בתיק (אדם אחר בעל אותו שם או עניין אחר)
1a6fca9574979723489ff530,HUGGINGFACE-09259c10df28,מרדכי משה רצח,2008-05-14,2016-02-13,קצינה לא תבחן את התנהלות המפקד שלה במצעד הגאווה,הארץ,2015-08-06,Beit Ariela Index of Daily Newspapers - מפתח בית אריאלה לעיתונות יומית,included,
dcb25daca9cfa3250182d296,HUGGINGFACE-0b09591fce80,רוני רון רצח,2011-06-13,2014-12-10,מאסר עולם לרוני רון ומארי פיזם על רצח הילדה רוז,הארץ,2011-06-14,Beit Ariela Index of Daily Newspapers - מפתח בית אריאלה לעיתונות יומית,included,
099f389ad3a2825baff17a12,HUGGINGFACE-0b09591fce80,רוני רון רצח,2011-06-13,2014-12-10,מאסר עולם: רוני רון ומארי פיזם לא הביעו חרטה; הנאשם ברצח הילדה רוז נסיה לשכנע את השופטים שלא התכוון להרגה,ידיעות אחרונות,2011-06-14,Beit Ariela Index of Daily Newspapers - מפתח בית אריאלה לעיתונות יומית,included,
c494a95b89ad849aa1f148e8,HUGGINGFACE-0b09591fce80,רוני רון רצח,2011-06-13,2014-12-10,נקמת ילדה קטנה,מעריב,2011-06-14,Beit Ariela Index of Daily Newspapers - מפתח בית אריאלה לעיתונות יומית,included,Manual review 2026-05-27: same Rose Pizem/Rוני רון murder case; sentencing-day coverage.
745f76dab7abed0ac778234c,HUGGINGFACE-0b09591fce80,רוני רון רצח,2011-06-13,2014-12-10,רוני רון מערער: לא רצחתי את רוז פיזם,הארץ,2012-12-17,Beit Ariela Index of Daily Newspapers - מפתח בית אריאלה לעיתונות יומית,included,
8354332acc9f60495ca6fd62,HUGGINGFACE-0b09591fce80,רוני רון רצח,2011-06-13,2014-12-10,"""איך היא כישפה אותי ככה?",ידיעות אחרונות 7 ימים,2013-01-04,Beit Ariela Index of Daily Newspapers - מפתח בית אריאלה לעיתונות יומית,included,
438fcddb60d04b180585eed4,HUGGINGFACE-0e798a715c64,שמעון לוי רצח,2010-04-27,2013-03-05,(הכותרת הוסתרה: הכתבה אינה עוסקת בתיק),מקור ראשון צדק,2012-11-30,Beit Ariela Index of Daily Newspapers - מפתח בית אריאלה לעיתונות יומית,excluded_wrong_case,הוחרג בבדיקה ידנית: הכתבה אינה עוסקת בתיק (אדם אחר בעל אותו שם או עניין אחר)
40f8173ddb87cbe8950f5d40,HUGGINGFACE-0f542538203a,גור פינקלשטיין רצח,2011-04-30,2015-11-15,"השטן שבפרקליט: מוח מסוכן: עו""ד גור פינקלשטיין מת""א חשוד כי הזמין מכנופיה יפואית נסיונות רצח ועוד נגד יריביו",ידיעות אחרונות,2011-05-18,Beit Ariela Index of Daily Newspapers - מפתח בית אריאלה לעיתונות יומית,included,
bc9fd8b6b66cad60683c148b,HUGGINGFACE-1f708c0636a5,בילאל שאכר רצח,2017-08-21,2019-12-09,תושב הגליל הורשע ברצח צעירה מאשדוד לפני 12 שנה,הארץ,2017-08-22,Beit Ariela Index of Daily Newspapers - מפתח בית אריאלה לעיתונות יומית,included,
cbcf56350da200f7c65a0bb2,HUGGINGFACE-1f708c0636a5,בילאל שאכר רצח,2017-08-21,2019-12-09,"""בית המשפט עשה צדק באיחור של 12 שנה""",מעריב השבוע,2017-08-22,Beit Ariela Index of Daily Newspapers - מפתח בית אריאלה לעיתונות יומית,included,
20d5bb5d1459c7089b6f0124,HUGGINGFACE-1f708c0636a5,בילאל שאכר רצח,2017-08-21,2019-12-09,"מאסר עולם לבילאל שאכר, שאנס ורצח את רינת רואס ב-2005",הארץ,2017-11-20,Beit Ariela Index of Daily Newspapers - מפתח בית אריאלה לעיתונות יומית,included,
9a4cdc86321168d31f29f734,HUGGINGFACE-1f708c0636a5,בילאל שאכר רצח,2017-08-21,2019-12-09,<<ה>>רוצח של רינת למאסר עולם ו-20 שנות מאסר,מעריב השבוע,2017-11-20,Beit Ariela Index of Daily Newspapers - מפתח בית אריאלה לעיתונות יומית,included,
a737b90b48057b8974690fd0,HUGGINGFACE-2ed9c0fd9780,שחר מזרחי הריגה,2009-09-03,2010-07-20,אחדות הניגודים,מראות המשטרה: בטאון משטרת ישראל,1905-07-02,"IHP – מפתח חיפה לכתבי עת אקדמיים ומחקריים, שפיטים, מקצועיים | מפתח חיפה לכתבי עת מקצועיים - IHP | IHP - Index to Hebrew Periodicals - מפתח חיפה למאמרים בעברית (A&I Content for Discovery)",excluded_after_window,
6848b3a5aec87133d700addd,HUGGINGFACE-33f5f3354124,אייל דמסה רצח,2012-07-15,2017-01-08,פותחים את התיק,מעריב השבוע המגזין,2015-05-27,Beit Ariela Index of Daily Newspapers - מפתח בית אריאלה לעיתונות יומית,included,
b0b01bbef3eab9bdd3f7dc1a,HUGGINGFACE-33fd5fb195a1,אולגה בוריסוב הריגה,2009-12-09,2011-04-02,12 שנות מאסר לרגינה קרוצ'קוב שהטביעה למוות את בנה בן ה-4: שבוע וחצי לאחר שהורשעה אולגה בוריסוב במעשה זהה כמעט של הטבעת בנה בים - קיבלה 8 שנות מאסר בלבד,הארץ,2009-12-21,Beit Ariela Index of Daily Newspapers - מפתח בית אריאלה לעיתונות יומית,included,
90f3c7065cf1afedac47f9e3,HUGGINGFACE-3761494018dd,מיכל אלוני רצח,2014-12-29,2017-06-12,"שני מאסרי עולם למיכל אלוני, שרצחה את שתי בנותיה",מעריב השבוע,2014-12-30,Beit Ariela Index of Daily Newspapers - מפתח בית אריאלה לעיתונות יומית,included,
d388d542f95b432c5c1d72b5,HUGGINGFACE-56a286b30f55,מוחמד ח'ארוף רצח,2018-02-25,2018-11-09,"מאסר עולם ועוד חמש שנים לרוצחה של מיכל חלימי ז""ל",מעריב השבוע,2018-02-26,Beit Ariela Index of Daily Newspapers - מפתח בית אריאלה לעיתונות יומית,included,
a2489f5e72665848136f0503,HUGGINGFACE-67884dea231c,אשר דאהן רצח,2014-01-21,2019-06-25,(הכותרת הוסתרה: הכתבה אינה עוסקת בתיק),,2016-01-01,Dissertations & Theses Europe Full Text: Social Sciences | ProQuest Dissertations and Theses Professional | ProQuest Dissertations & Theses Global Closed Collection | ProQuest Central Premium - Hybrid linking | ProQuest Dissertations & Theses Global: The Humanities and Social Sciences Collection | ProQuest One Academic (New) - Hybrid Linking | ProQuest One Academic Middle East (New) - Hybrid Linking | ProQuest Dissertations & Theses A&I | ProQuest Dissertations & Theses Global | ProQuest Dissertations and Theses A&I: The Humanities and Social Sciences Collection | ProQuest Central Premium | ProQuest | ProQuest One Academic Middle East (New) | ProQuest One Education | ProQuest One Academic Eastern Edition (DO NOT USE) | ProQuest One Academic (retired) | ProQuest One Academic UKI Edition,excluded_false_positive,הוחרג בבדיקה ידנית: הכתבה אינה עוסקת בתיק (אדם אחר בעל אותו שם או עניין אחר)
2ce4f9882b0ba6c1f58e67ee,HUGGINGFACE-78cdfe544a3c,יעקב טייטל רצח,2013-04-09,2016-06-27,"שני מאסרי עולם ו-30 שנות מאסר בפועל למחבל היהודי יעקב טייטל: טייטל הורשע ברצח שני פלסטינים, בנסיונות רצח ובנסיון לפגוע בפרופ' שטרנהל, השופטים דחו את טענתו לאי שפיות",הארץ,2013-04-10,Beit Ariela Index of Daily Newspapers - מפתח בית אריאלה לעיתונות יומית,included,
09799b37bbdf650f4874bbef,HUGGINGFACE-78cdfe544a3c,יעקב טייטל רצח,2013-04-09,2016-06-27,"לכלא, עד המות: שני מאסרי עולם ו-30 שנה נוספות ל""מחבל היהודי""",ידיעות אחרונות,2013-04-10,Beit Ariela Index of Daily Newspapers - מפתח בית אריאלה לעיתונות יומית,included,
3b14e84893cc3819ecd9409e,HUGGINGFACE-84fd038cd400,ראיד רושרוש רצח,2019-11-21,2020-07-17,"משפחת הקורבן, על הכוונת: 19 שנות מאסר לראיד רושרוש שהרג במהלומת אבן את תהילה נגר",ידיעות אחרונות,2019-11-22,Beit Ariela Index of Daily Newspapers - מפתח בית אריאלה לעיתונות יומית,included,
4209ede266bd80d7d59f37d0,HUGGINGFACE-84fd038cd400,ראיד רושרוש רצח,2019-11-21,2020-07-17,"הערעור על גזר הדין, והכאב שלא נגמר: מכה נוספת למשפחתה של תהילה נגר: הצעיר שהרג אותה מבקש להקל את עונשו",ידיעות אחרונות,2020-01-03,Beit Ariela Index of Daily Newspapers - מפתח בית אריאלה לעיתונות יומית,included,
b0b89418da6ef0e8218f3b57,HUGGINGFACE-85c9bfe33955,ולרי אדמוב רצח,2010-03-21,2012-10-15,"רצחתי את המאהב שלך: ולרי אדמוב מבאר שבע נדון למאסר עולם בגין רצח גנאדי איסקוב, שבו חשד כי היה מאהב של אשתו",מעריב המגזין,2010-03-22,Beit Ariela Index of Daily Newspapers - מפתח בית אריאלה לעיתונות יומית,included,
d7bad52a52d5931e04d7756b,HUGGINGFACE-961bbbd9e92b,דניאל מעוז רצח,2013-07-01,2016-07-04,שני מאסרי עולם לדניאל מעוז על רצח הוריו,הארץ,2013-07-02,Beit Ariela Index of Daily Newspapers - מפתח בית אריאלה לעיתונות יומית,included,
584838e4782bf22271117cc2,HUGGINGFACE-961bbbd9e92b,דניאל מעוז רצח,2013-07-01,2016-07-04,על פי תאום,ידיעות אחרונות 7 ימים,2013-07-05,Beit Ariela Index of Daily Newspapers - מפתח בית אריאלה לעיתונות יומית,included,
0b849cc23af91209909b5e94,HUGGINGFACE-98644a2130c5,אברהם קשת ניסיון לרצח,2017-06-25,2020-08-22,השפעתן של זירות המלחמה בסוריה ובאוקראינה על התעצמות האנטישמיות במערב,Journal for Interdisciplinary Middle Eastern Studies,1905-07-10,"Index to Hebrew Periodicals (Open Access) | IHP – מפתח חיפה לכתבי עת אקדמיים ומחקריים, שפיטים, מקצועיים | מפתח חיפה לכתבי עת אקדמיים ומחקריים - IHP | מפתח חיפה לכתבי עת אקדמיים ומחקריים, מקצועים ושפיטים - IHP FT | מפתח חיפה לכתבי עת שפיטים - IHP | IHP - Index to Hebrew Periodicals - מפתח חיפה למאמרים בעברית | Rambi - Index of Articles on Jewish Studies – רמבי (A&I Content for Discovery) | ProQuest Social Sciences Premium Collection | ProQuest Central (Corporate) | ProQuest Central (purchase pre-March 2016) | Social Science Database (Alumni Edition) | ProQuest Central (Alumni) (purchase pre-March 2016) | Research Library | ProQuest Central (Alumni) | ProQuest Central UK/Ireland | Social Science Premium Collection | ProQuest Central Essentials | ProQuest Central | ProQuest One Community College | Middle East & Africa Database | ProQuest Central Korea | ProQuest Central Student | Research Library Prep | Proquest Research Library | Social Science Database | Research Library (Corporate) | ProQuest Central Premium | ProQuest One Academic (New) | Publicly Available Content Database | ProQuest One Academic Middle East (New) | ProQuest Sociology & Social Sciences Collection | ProQuest One Academic Eastern Edition (DO NOT USE) | ProQuest One Academic (retired) | ProQuest One Academic UKI Edition | ProQuest Central China | ProQuest One Social Sciences | ProQuest Central Basic",excluded_after_window,
9ff63fd1aa3708a6bc5bce39,HUGGINGFACE-98644a2130c5,אברהם קשת ניסיון לרצח,2017-06-25,2020-08-22,<<ה>>אובססיה למוות הסתיימה בניסיון רצח,מעריב השבוע,2017-06-26,Beit Ariela Index of Daily Newspapers - מפתח בית אריאלה לעיתונות יומית,included,Manual review 2026-05-27: same אבי/אברהם קשת attempted-murder case; title/snippet identify the offense and court result.
05787281645805ef4798729d,HUGGINGFACE-9e33e0f30f3f,גניש בן הריגה,2017-05-15,2017-08-28,"15 שנות מאסר לבן גניש, שהרג את החייל יפתח גריידי",מעריב השבוע,2017-05-16,Beit Ariela Index of Daily Newspapers - מפתח בית אריאלה לעיתונות יומית,included,Manual review 2026-05-27: same Ben Ganish/יפתח גריידי homicide case; title and snippet identify sentence and facts.
dc7c500b4b18df073f771882,HUGGINGFACE-b52710b2c548,יצחק זוזיאשווילי רצח,2006-02-23,2010-12-01,מאסר עולם מצטבר לרוצחי השופט אזר: פסק דינם של יצחק זוזיאשוילי ורפי נחמני,הארץ,2006-02-24,Beit Ariela Index of Daily Newspapers - מפתח בית אריאלה לעיתונות יומית,included,Manual review 2026-05-27: same case; article names יצחק זוזיאשווילי and פסק דינם for the Judge Azar murder.
f873c135922986f3eb668647,HUGGINGFACE-b52710b2c548,יצחק זוזיאשווילי רצח,2006-02-23,2010-12-01,תיק סגור פתוח: שש שנים אחרי רצח השופט עדי אזר חוזרת הפרשה מהצד של המורשעים החשודים שאחד מהם טוען לחפותו,ידיעות אחרונות 7 ימים,2010-09-24,Beit Ariela Index of Daily Newspapers - מפתח בית אריאלה לעיתונות יומית,included,Manual review 2026-05-27: same Judge Azar murder case; article describes the convicted defendants and claim of innocence.
cd82538739a0181a710b96ef,HUGGINGFACE-c74a3791132c,אביאור אברהם רצח,2010-05-25,2013-03-13,"רוצח אביו, אסיר עולם",מעריב,2010-05-26,Beit Ariela Index of Daily Newspapers - מפתח בית אריאלה לעיתונות יומית,included,Manual review 2026-05-27: same case; newspaper-index row matched אביאור אברהם and title describes the father-murder life sentence.
d7a13fd2b2cf75de51e06545,HUGGINGFACE-d81503c9404e,עדוואן פרחאן רצח,2010-07-21,2013-10-01,102 שנים בכלא: פה אחד קבעו השופטים: רוצחה של דנה בנט יסיים את חייו בבית הסוהר,מעריב,2010-07-22,Beit Ariela Index of Daily Newspapers - מפתח בית אריאלה לעיתונות יומית,included,Manual review 2026-05-27: same עדוואן פרחאן/Dana Bennett murder case and sentence coverage.
4beaf548f23267993a5eec85,HUGGINGFACE-d81503c9404e,עדוואן פרחאן רצח,2010-07-21,2013-10-01,<<ה>>הורים תובעים מרוצח בתם 11 מיליון שקל: תיק דנה בנט,מעריב,2010-11-18,Beit Ariela Index of Daily Newspapers - מפתח בית אריאלה לעיתונות יומית,included,Manual review 2026-05-27: same Dana Bennett case; civil suit by victim's family against the murderer.
3b7731c93a3195a64a348161,HUGGINGFACE-e2771655dbdd,רומן זדורוב רצח,2010-09-13,2015-12-22,"רוצח או קורבן: ארבע שנים אחרי שנמצאה דקורה בשירותי בית הספר, חידת תאיר ראדה מגיעה לרגע האמת",מעריב,2010-09-13,Beit Ariela Index of Daily Newspapers - מפתח בית אריאלה לעיתונות יומית,included,Manual review 2026-05-27: same Tair Rada/Roman Zadorov case; pre-verdict case-salience coverage.
112f724e1f790867f9360ab3,HUGGINGFACE-e2771655dbdd,רומן זדורוב רצח,2010-09-13,2015-12-22,היום יכריעו השופטים אם זדורוב רצח את תאיר ראדה: 4 שנים אחרי מותה,הארץ,2010-09-14,Beit Ariela Index of Daily Newspapers - מפתח בית אריאלה לעיתונות יומית,included,
ac14f2c8f83db1eedccf0696,HUGGINGFACE-e2771655dbdd,רומן זדורוב רצח,2010-09-13,2015-12-22,יום הדין: פרשת רצח תאיר ראדה: הבוקר יכריעו השופטים אם רומן זדורוב אשם או זכאי,ידיעות אחרונות,2010-09-14,Beit Ariela Index of Daily Newspapers - מפתח בית אריאלה לעיתונות יומית,included,
4db507752b4e312709362f73,HUGGINGFACE-e2771655dbdd,רומן זדורוב רצח,2010-09-13,2015-12-22,"רומן זדורוב ערב ההכרעה במשפטו: ""אני בטוח שאצא זכאי""",מעריב,2010-09-14,Beit Ariela Index of Daily Newspapers - מפתח בית אריאלה לעיתונות יומית,included,
6167beb921370087d85fbe8e,HUGGINGFACE-e2771655dbdd,רומן זדורוב רצח,2010-09-13,2015-12-22,זדורוב הורשע ברצח תאיר ראדה: ידע שבעה פרטים מוכמנים מזירת הפשע,הארץ,2010-09-15,Beit Ariela Index of Daily Newspapers - מפתח בית אריאלה לעיתונות יומית,included,
5a9052af7d381603a92ff278,HUGGINGFACE-e2771655dbdd,רומן זדורוב רצח,2010-09-13,2015-12-22,"עכשיו הנשמה של תאיר תנוח, וגם אני אוכל סוף סוף לישון: אמה של תאיר , אילנה מדברת לאחר מתן פסק הדין המרשיע לזדורוב",ידיעות אחרונות,2010-09-15,Beit Ariela Index of Daily Newspapers - מפתח בית אריאלה לעיתונות יומית,included,Manual review 2026-05-27: same Tair Rada/Zadorov case; article concerns reaction after conviction.
31ad79b397998c641faf8285,HUGGINGFACE-e2771655dbdd,רומן זדורוב רצח,2010-09-13,2015-12-22,"פה אחד: רוצח: טביעות הנעליים על גופה, השקרים בחקירה ועוד - השופטים הרשיעו את רומן זדורוב ברצח הנערה תאיר ראדה",ידיעות אחרונות 24 שעות,2010-09-15,Beit Ariela Index of Daily Newspapers - מפתח בית אריאלה לעיתונות יומית,included,
2fdfcee6a25f8e4e7ede6883,HUGGINGFACE-e2771655dbdd,רומן זדורוב רצח,2010-09-13,2015-12-22,<<ה>>כלא של אולגה: חמש שנים נשואים אולגה ורומן. שלוש שנים וחצי מתוכן הוא מאחורי סורג ובריח,מעריב,2010-09-15,Beit Ariela Index of Daily Newspapers - מפתח בית אריאלה לעיתונות יומית,included,Manual review 2026-05-27: same Roman Zadorov case; article focuses on his imprisonment/family during the case.
44f7fe0102a60079340f3460,HUGGINGFACE-e2771655dbdd,רומן זדורוב רצח,2010-09-13,2015-12-22,מעבר לכל ספק: הכרעת דין ברורה במשפט הרצח של תאיר ראדה: רומן זדורוב אשם,מעריב,2010-09-15,Beit Ariela Index of Daily Newspapers - מפתח בית אריאלה לעיתונות יומית,included,
e9090e9d9565169e34ed9cf4,HUGGINGFACE-e2771655dbdd,רומן זדורוב רצח,2010-09-13,2015-12-22,לשחוט אותנו. כמו תרנגולות: בת 14 לנצח,מעריב מוספחג,2010-09-17,Beit Ariela Index of Daily Newspapers - מפתח בית אריאלה לעיתונות יומית,included,Manual review 2026-05-27: same Tair Rada murder case; victim/case-salience article inside appeal window.
8e0db8579c2af453a0b3b81e,HUGGINGFACE-e2771655dbdd,רומן זדורוב רצח,2010-09-13,2015-12-22,"רומן האמיתי: דיוקן של רומן זדורוב מההיסטוריה האלימה באוקראינה, אוסף הסכינים, גלישה באתרי רצח ופורנו והתיסכול שלו בעבודה עד רצח תאיר ראדה",ידיעות אחרונות 7 ימים,2010-10-29,Beit Ariela Index of Daily Newspapers - מפתח בית אריאלה לעיתונות יומית,included,
e256fe12d24aa008c33a1082,HUGGINGFACE-e2771655dbdd,רומן זדורוב רצח,2010-09-13,2015-12-22,"<<ה>>עליון הורה להחזיר את תיק רצח ראדה למחוזי, לדיון חדש בראיות",הארץ,2013-03-19,Beit Ariela Index of Daily Newspapers - מפתח בית אריאלה לעיתונות יומית,included,Manual review 2026-05-27: directly relevant; Supreme Court returned the Rada/Zadorov murder case for new evidence review.
36f36b2f950e82853cf00858,HUGGINGFACE-e2771655dbdd,רומן זדורוב רצח,2010-09-13,2015-12-22,"רצח תאיר ראדה: התיק נפתח מחדש: בעקבות ראיות חדשות: החלטה נדירה של ביהמ""ש העליון",ידיעות אחרונות 24 שעות,2013-03-19,Beit Ariela Index of Daily Newspapers - מפתח בית אריאלה לעיתונות יומית,included,
58e6e87f00d113529117a3a9,HUGGINGFACE-e2771655dbdd,רומן זדורוב רצח,2010-09-13,2015-12-22,"צדק עולה כסף, והרבה: משפט הרצח של תאיר ראדה ייפתח שוב",מעריב,2013-03-19,Beit Ariela Index of Daily Newspapers - מפתח בית אריאלה לעיתונות יומית,included,Manual review 2026-05-27: directly relevant; Rada/Zadorov murder trial reopening coverage.
e366e16172da054b14efeb35,HUGGINGFACE-e2771655dbdd,רומן זדורוב רצח,2010-09-13,2015-12-22,תאיר ראדה תיק פתוח,"סופהשבוע, המוסף",2013-04-26,Beit Ariela Index of Daily Newspapers - מפתח בית אריאלה לעיתונות יומית,included,
85fd46badc85188e09990d4f,HUGGINGFACE-e2771655dbdd,רומן זדורוב רצח,2010-09-13,2015-12-22,"בית המשפט דן בראיות חדשות במשפט רומן זדורוב: שבע שנים לאחר רצח תאיר ראדה, התיק נפתח מחדש, פרקליטיו של זדורוב יציגו ראיות שמטילות ספק באשמתו",הארץ שישי,2013-06-14,Beit Ariela Index of Daily Newspapers - מפתח בית אריאלה לעיתונות יומית,included,
996ff13390bb6ed674f0e892,HUGGINGFACE-e2771655dbdd,רומן זדורוב רצח,2010-09-13,2015-12-22,"בית המשפט יכריע היום במשפטו של רומן זדורוב , לאחר דיון בראיות חדשות",הארץ,2014-02-24,Beit Ariela Index of Daily Newspapers - מפתח בית אריאלה לעיתונות יומית,included,
e680555ca5ef99daed6eb265,HUGGINGFACE-e2771655dbdd,רומן זדורוב רצח,2010-09-13,2015-12-22,משפט רצח תאיר ראדה: היום ההכרעה בערעור רומן זדורוב,מעריב,2014-02-24,Beit Ariela Index of Daily Newspapers - מפתח בית אריאלה לעיתונות יומית,included,
1e6952e291c4a7bce94e7db5,HUGGINGFACE-e2771655dbdd,רומן זדורוב רצח,2010-09-13,2015-12-22,"למרות הראיות החדשות, זדורוב הורשע שנית ברצח תאיר ראדה: אחרי ששופטי העליון אישרו לו להופיע שוב בבית המשפט המחוזי, התוצאה נשארה זהה",הארץ,2014-02-25,Beit Ariela Index of Daily Newspapers - מפתח בית אריאלה לעיתונות יומית,included,
dcb4be54a752aa2a11497200,HUGGINGFACE-e2771655dbdd,רומן זדורוב רצח,2010-09-13,2015-12-22,תיק זדורוב: הראיות החדשות נדחו,ידיעות אחרונות,2014-02-25,Beit Ariela Index of Daily Newspapers - מפתח בית אריאלה לעיתונות יומית,included,
55576b751e8f706d2198c258,HUGGINGFACE-e2771655dbdd,רומן זדורוב רצח,2010-09-13,2015-12-22,סנגורי זדורוב: הופעלו לחצים על ראש המכון לרפואה משפטית: בקשה להגיש ראיות חדשות,הארץ שישי,2014-08-22,Beit Ariela Index of Daily Newspapers - מפתח בית אריאלה לעיתונות יומית,included,Manual review 2026-05-27: directly relevant; Zadorov defense/new evidence coverage.
91ece1d0d2c1b159792c8d86,HUGGINGFACE-e2771655dbdd,רומן זדורוב רצח,2010-09-13,2015-12-22,<<ה>>סנגוריה: נציג ראיות חדשות בתיק זדורוב: פרשת תאיר ראדה,מעריב סופהשבוע,2014-08-22,Beit Ariela Index of Daily Newspapers - מפתח בית אריאלה לעיתונות יומית,included,Manual review 2026-05-27: directly relevant; Zadorov defense/new evidence coverage.
8347ac44191c52bf1e2dd373,HUGGINGFACE-e2771655dbdd,רומן זדורוב רצח,2010-09-13,2015-12-22,"משפט זדורוב: המדינה מוכנה להחזיר את התיק שוב למחוזי: הפרקליטות שינתה את עמדתה והסכימה לגבות עדות מראש המכון הפתולוגי, שתומך בגרסת ההגנה",הארץ,2014-09-03,Beit Ariela Index of Daily Newspapers - מפתח בית אריאלה לעיתונות יומית,included,
e9782e0866f567277b0669a8,HUGGINGFACE-e2771655dbdd,רומן זדורוב רצח,2010-09-13,2015-12-22,תיק זדורוב לא יוחזר לבית המשפט המחוזי בנצרת: שופטי העליון החליטו כי ראש המכון לרפואה משפטית יעיד לטובת המורשע ברצח למרות התנגדות הפרקליטות,הארץ,2014-09-17,Beit Ariela Index of Daily Newspapers - מפתח בית אריאלה לעיתונות יומית,included,
be41d8534aefbce1018251d0,HUGGINGFACE-e2771655dbdd,רומן זדורוב רצח,2010-09-13,2015-12-22,"ראש המכון לרפואה משפטית: חתך על הגופה סותר את הודאת זדורוב: ד""ר חן קוגל הגיש לבית המשפט העליון את עדותו בתיק רצח תאיר ראדה",הארץ,2014-09-28,Beit Ariela Index of Daily Newspapers - מפתח בית אריאלה לעיתונות יומית,included,
af20b60455e63aba9c097cc8,HUGGINGFACE-e2771655dbdd,רומן זדורוב רצח,2010-09-13,2015-12-22,"<<ה>>ערעור של זדרוב "" הפרקליטות תציג עדות הסותרת את ראש המכון הפתולוגי",הארץ שמחת תורה,2014-10-15,Beit Ariela Index of Daily Newspapers - מפתח בית אריאלה לעיתונות יומית,included,Manual review 2026-05-27: directly relevant; Zadorov appeal/new evidence coverage.
8fba1387254a263df7082383,HUGGINGFACE-e2771655dbdd,רומן זדורוב רצח,2010-09-13,2015-12-22,"""נחרדתי מהתנהלות הפרקליטות בפרשה הזאת. אני רואה בה סימנים מדאיגים שהאתוס של גילוי האמת לא מתקיים הלכה למעשה"": פרופ' מרדכי קרמניצר, המומחה הבכיר ביותר למשפט פלילי בישראל, התעמק בתיק רצח הנערה תאיר ראדה וחזר עם כתב אישום חמוד נגד הפרקליטות",מוסף הארץ,2014-10-17,Beit Ariela Index of Daily Newspapers - מפתח בית אריאלה לעיתונות יומית,included,Manual review 2026-05-27: same Rada/Zadorov murder case; legal/prosecution critique during appeal window.
d7383ba9543e7a7488d8ef61,HUGGINGFACE-e2771655dbdd,רומן זדורוב רצח,2010-09-13,2015-12-22,תאיר ראדה: תיק פתוח: 8 שנים אחרי: משפט הרצח הדרמטי מגע לרגע ההכרעה,ידיעות אחרונות,2014-10-20,Beit Ariela Index of Daily Newspapers - מפתח בית אריאלה לעיתונות יומית,included,
de458c0fad9eaed43d63ad75,HUGGINGFACE-e2771655dbdd,רומן זדורוב רצח,2010-09-13,2015-12-22,"<<ה>>טביעה עוד לא אמרה את דברה: הדיון בבית המשפט העליון בערעורו של רומן זדורוב הסתיים עם יותר שאלות מתשובות, בעוד הסנגורים קבלו על כל כשלי החקירה והמדינה הדגישה את המניפולציות של הנאשם",הארץ,2014-10-21,Beit Ariela Index of Daily Newspapers - מפתח בית אריאלה לעיתונות יומית,included,
398b80cc015ed38bf307bdca,HUGGINGFACE-e2771655dbdd,רומן זדורוב רצח,2010-09-13,2015-12-22,"<<ה>>שופט במשפט זדורוב: ""בזירת הרצח היה בלגן גדול""",מעריב השבוע,2014-10-21,Beit Ariela Index of Daily Newspapers - מפתח בית אריאלה לעיתונות יומית,included,
c574ebbe2560c372e71bee29,HUGGINGFACE-e2771655dbdd,רומן זדורוב רצח,2010-09-13,2015-12-22,<<ה>>סרטן אוכל את הגוף שלי אבל שום דבר לא ישבור אותי עכשיו,מעריב סופהשבוע המוסף,2015-12-11,Beit Ariela Index of Daily Newspapers - מפתח בית אריאלה לעיתונות יומית,included,Manual review 2026-05-27: same Tair Rada case; victim-family case-salience coverage inside appeal window.
b0314a8420e3c9253eaab835,HUGGINGFACE-e2771655dbdd,רומן זדורוב רצח,2010-09-13,2015-12-22,מחר ההכרעה הסופית בתיק זדורוב: העליון ימסור פסק דין בערעור על הרשעתו השנייה,הארץ,2015-12-22,Beit Ariela Index of Daily Newspapers - מפתח בית אריאלה לעיתונות יומית,included,
72bb8dc2d3cdcf271513b42f,HUGGINGFACE-f666f63ae4db,שירי סובול רצח,2017-09-19,2018-08-10,רצח הילי סובול: אחותה התאומה שירי תישלח לשש שנות מאסר,הארץ ראש השנה,2017-09-20,Beit Ariela Index of Daily Newspapers - מפתח בית אריאלה לעיתונות יומית,included,
a9e3dac54821316124ff43d4,HUGGINGFACE-f666f63ae4db,שירי סובול רצח,2017-09-19,2018-08-10,<<ה>>רוצח של הילי סובול נידון ל־ 20 שנות מאסר,מעריב סופהשבוע,2017-09-20,Beit Ariela Index of Daily Newspapers - מפתח בית אריאלה לעיתונות יומית,included,
c448133fb02c3dc2b6047404,HUGGINGFACE-f87a0d3e1c72,אבנר טווק רצח,2014-12-29,2016-06-06,18 שנות מאסר למורשע בהריגת בת זוגתו,מעריב השבוע,2014-12-30,Beit Ariela Index of Daily Newspapers - מפתח בית אריאלה לעיתונות יומית,included,
d7af828613b774824b6f55ff,HUGGINGFACE-fdf8bb131075,ניקולאי בונר רצח,2007-05-06,2013-05-29,"פוקר עם רוצח: כך הצליחו חוקרי היחידה המרכזית של מרחב חוף לפצח את פרשת ניקולאי בונר, רוצח ההומלסים הסדרתי מחיפה",מעריב מוסף שבועות,2007-05-22,Beit Ariela Index of Daily Newspapers - מפתח בית אריאלה לעיתונות יומית,included,
