case_id,position,term,auto_excluded,in_reasoning
HUGGINGFACE-0974c17a2738,9628,פרסום,1,1
HUGGINGFACE-8353a3c6bf17,4801,פרסום,1,0
HUGGINGFACE-8353a3c6bf17,14159,פרסום,1,1
HUGGINGFACE-8353a3c6bf17,14239,פרסום,1,1
HUGGINGFACE-8353a3c6bf17,14300,פרסום,1,1
HUGGINGFACE-8353a3c6bf17,14424,פרסום,1,1
HUGGINGFACE-8353a3c6bf17,16639,פרסום,1,1
HUGGINGFACE-8353a3c6bf17,18420,פרסום,1,1
HUGGINGFACE-588a0a9bb61d,11040,פרסום,1,1
HUGGINGFACE-588a0a9bb61d,11115,פרסום,1,1
HUGGINGFACE-588a0a9bb61d,11169,פרסום,1,1
HUGGINGFACE-588a0a9bb61d,11286,פרסום,1,1
HUGGINGFACE-588a0a9bb61d,11951,פרסום,1,1
HUGGINGFACE-588a0a9bb61d,12023,פרסום,1,1
HUGGINGFACE-588a0a9bb61d,14948,פרסום,1,1
HUGGINGFACE-588a0a9bb61d,37726,פרסום,1,1
HUGGINGFACE-588a0a9bb61d,38729,פרסום,1,1
HUGGINGFACE-588a0a9bb61d,38784,פרסום,1,1
HUGGINGFACE-588a0a9bb61d,41377,פרסום,1,1
HUGGINGFACE-588a0a9bb61d,41432,פרסום,1,1
HUGGINGFACE-38f850b887f1,8511,פרסום,1,1
HUGGINGFACE-38f850b887f1,8597,פרסום,1,1
HUGGINGFACE-38f850b887f1,14008,פרסום,1,1
HUGGINGFACE-9cd3cf2a0afa,12081,פרסום,1,1
HUGGINGFACE-9cd3cf2a0afa,12179,פרסום,1,1
HUGGINGFACE-9cd3cf2a0afa,12241,פרסום,1,1
HUGGINGFACE-9cd3cf2a0afa,12298,פרסום,1,1
HUGGINGFACE-9cd3cf2a0afa,12355,פרסום,1,1
HUGGINGFACE-9cd3cf2a0afa,13337,פרסום,1,1
HUGGINGFACE-9cd3cf2a0afa,19233,פרסום,1,1
HUGGINGFACE-9cd3cf2a0afa,21387,פרסום,1,1
HUGGINGFACE-9cd3cf2a0afa,24269,פרסום,1,1
HUGGINGFACE-9cd3cf2a0afa,25645,פרסום,1,1
HUGGINGFACE-9cd3cf2a0afa,28152,פרסום,1,1
HUGGINGFACE-9cd3cf2a0afa,28752,פרסום,1,1
HUGGINGFACE-9cd3cf2a0afa,29704,פרסום,1,1
HUGGINGFACE-9cd3cf2a0afa,29761,פרסום,1,1
HUGGINGFACE-9cd3cf2a0afa,29829,פרסום,1,1
HUGGINGFACE-9cd3cf2a0afa,30848,פרסום,1,1
HUGGINGFACE-75752e48ebd0,13358,פרסום,1,0
HUGGINGFACE-75752e48ebd0,14185,פרסום,1,0
HUGGINGFACE-75752e48ebd0,14374,פרסום,1,0
HUGGINGFACE-75752e48ebd0,25010,פרסום,1,0
HUGGINGFACE-75752e48ebd0,25351,פרסום,1,0
HUGGINGFACE-75752e48ebd0,28868,פרסום,1,0
HUGGINGFACE-75752e48ebd0,28932,פרסום,1,0
HUGGINGFACE-75752e48ebd0,30255,פרסום,1,0
HUGGINGFACE-75752e48ebd0,32683,פרסום,1,0
HUGGINGFACE-75752e48ebd0,41806,פרסום,1,0
HUGGINGFACE-75752e48ebd0,50818,פרסום,1,1
HUGGINGFACE-75752e48ebd0,73735,פרסום,1,1
HUGGINGFACE-75752e48ebd0,73823,פרסום,1,1
HUGGINGFACE-75752e48ebd0,73891,פרסום,1,1
HUGGINGFACE-75752e48ebd0,75100,פרסום,1,1
HUGGINGFACE-5160bbaa4c14,17197,פרסום,1,1
HUGGINGFACE-5160bbaa4c14,17315,פרסום,1,1
HUGGINGFACE-5160bbaa4c14,24889,פרסום,1,1
HUGGINGFACE-5160bbaa4c14,27697,פרסום,1,1
HUGGINGFACE-5160bbaa4c14,27753,פרסום,1,1
HUGGINGFACE-5160bbaa4c14,27811,פרסום,1,1
HUGGINGFACE-5160bbaa4c14,27868,פרסום,1,1
HUGGINGFACE-5160bbaa4c14,27926,פרסום,1,1
HUGGINGFACE-5160bbaa4c14,28240,פרסום,1,1
HUGGINGFACE-5160bbaa4c14,28294,פרסום,1,1
HUGGINGFACE-5160bbaa4c14,28348,פרסום,1,1
HUGGINGFACE-5160bbaa4c14,28406,פרסום,1,1
HUGGINGFACE-5380011e4f98,4785,פרסום,1,1
HUGGINGFACE-5380011e4f98,4855,פרסום,1,1
HUGGINGFACE-5380011e4f98,4923,פרסום,1,1
HUGGINGFACE-5380011e4f98,5973,פרסום,1,1
HUGGINGFACE-5380011e4f98,6521,פרסום,1,1
HUGGINGFACE-5380011e4f98,6776,פרסום,1,1
HUGGINGFACE-5380011e4f98,8281,פרסום,1,1
HUGGINGFACE-ca2904fe5c5f,4995,פרסום,1,1
HUGGINGFACE-ca2904fe5c5f,5065,פרסום,1,1
HUGGINGFACE-ca2904fe5c5f,5133,פרסום,1,1
HUGGINGFACE-ca2904fe5c5f,5533,פרסום,1,1
HUGGINGFACE-ca2904fe5c5f,5589,פרסום,1,1
HUGGINGFACE-ca2904fe5c5f,8964,פרסום,1,1
HUGGINGFACE-ca2904fe5c5f,10338,פרסום,1,1
HUGGINGFACE-ca2904fe5c5f,11544,פרסום,1,1
HUGGINGFACE-ca2904fe5c5f,12011,פרסום,1,1
HUGGINGFACE-0c92f929df6e,7524,פרסום,1,1
HUGGINGFACE-0c92f929df6e,8277,פרסום,1,1
HUGGINGFACE-350879e0f03d,13443,פרסום,1,1
HUGGINGFACE-350879e0f03d,13542,פרסום,1,1
HUGGINGFACE-350879e0f03d,32483,פרסום,1,1
HUGGINGFACE-350879e0f03d,43098,פרסום,1,1
HUGGINGFACE-350879e0f03d,58273,פרסום,1,1
HUGGINGFACE-350879e0f03d,60175,פרסום,1,1
HUGGINGFACE-350879e0f03d,61488,פרסום,1,1
HUGGINGFACE-350879e0f03d,61589,פרסום,1,1
HUGGINGFACE-350879e0f03d,64958,פרסום,1,1
HUGGINGFACE-1c9b06006563,4133,פרסום,1,1
HUGGINGFACE-1c9b06006563,4193,פרסום,1,1
HUGGINGFACE-1c9b06006563,4249,פרסום,1,1
HUGGINGFACE-1c9b06006563,4305,פרסום,1,1
HUGGINGFACE-1c9b06006563,4681,פרסום,1,1
HUGGINGFACE-1c9b06006563,4798,פרסום,1,1
HUGGINGFACE-1c9b06006563,5190,פרסום,1,1
HUGGINGFACE-1c9b06006563,5392,פרסום,1,1
HUGGINGFACE-1c9b06006563,5452,פרסום,1,1
HUGGINGFACE-1c9b06006563,5997,פרסום,1,1
HUGGINGFACE-a4920c8bb0da,16785,פרסום,1,1
HUGGINGFACE-a4920c8bb0da,16900,פרסום,1,1
HUGGINGFACE-a4920c8bb0da,22640,פרסום,1,1
HUGGINGFACE-a4920c8bb0da,22711,פרסום,1,1
HUGGINGFACE-a4920c8bb0da,22767,פרסום,1,1
HUGGINGFACE-a4920c8bb0da,22817,פרסום,1,1
HUGGINGFACE-a4920c8bb0da,22873,פרסום,1,1
HUGGINGFACE-a4920c8bb0da,23051,פרסום,1,1
HUGGINGFACE-a4920c8bb0da,24215,פרסום,1,1
HUGGINGFACE-a4920c8bb0da,24267,פרסום,1,1
HUGGINGFACE-a4920c8bb0da,24319,פרסום,1,1
HUGGINGFACE-a4920c8bb0da,24375,פרסום,1,1
HUGGINGFACE-a4920c8bb0da,24837,פרסום,1,1
HUGGINGFACE-a4920c8bb0da,26152,פרסום,1,1
HUGGINGFACE-a4920c8bb0da,26215,פרסום,1,1
HUGGINGFACE-a4920c8bb0da,26536,פרסום,1,1
HUGGINGFACE-a4920c8bb0da,27279,פרסום,1,1
HUGGINGFACE-b193a9001e43,2406,פרסום,1,0
HUGGINGFACE-b193a9001e43,32605,פרסום,1,1
HUGGINGFACE-b193a9001e43,35317,פרסום,1,1
HUGGINGFACE-b193a9001e43,38746,פרסום,1,1
HUGGINGFACE-b193a9001e43,40947,פרסום,1,1
HUGGINGFACE-b193a9001e43,41139,פרסום,1,1
HUGGINGFACE-b193a9001e43,46628,פרסום,0,1
HUGGINGFACE-8edc925628d9,14357,פרסום,1,1
HUGGINGFACE-8edc925628d9,14971,פרסום,1,1
HUGGINGFACE-8edc925628d9,15563,פרסום,1,1
HUGGINGFACE-8edc925628d9,18164,פרסום,1,1
HUGGINGFACE-8edc925628d9,18222,פרסום,1,1
HUGGINGFACE-8edc925628d9,26207,פרסום,1,1
HUGGINGFACE-8edc925628d9,28324,פרסום,1,1
HUGGINGFACE-8edc925628d9,31564,פרסום,1,1
HUGGINGFACE-8edc925628d9,40306,פרסום,1,1
HUGGINGFACE-8edc925628d9,41474,פרסום,1,1
HUGGINGFACE-77a260782a76,6187,פרסום,1,1
HUGGINGFACE-77a260782a76,6244,פרסום,1,1
HUGGINGFACE-77a260782a76,6312,פרסום,1,1
HUGGINGFACE-77a260782a76,6582,פרסום,1,1
HUGGINGFACE-77a260782a76,6734,פרסום,1,1
HUGGINGFACE-77a260782a76,6790,פרסום,1,1
HUGGINGFACE-77a260782a76,8033,פרסום,1,1
HUGGINGFACE-77a260782a76,8293,פרסום,1,1
HUGGINGFACE-77a260782a76,9100,פרסום,1,1
HUGGINGFACE-77a260782a76,9166,פרסום,1,1
HUGGINGFACE-77a260782a76,9221,פרסום,1,1
HUGGINGFACE-0cc9e938c435,8673,טלוויזיה,1,0
HUGGINGFACE-0cc9e938c435,8666,פרסום,1,0
HUGGINGFACE-0cc9e938c435,24740,פרסום,1,1
HUGGINGFACE-0cc9e938c435,31389,פרסום,0,1
HUGGINGFACE-0cc9e938c435,45108,פרסום,1,1
HUGGINGFACE-0cc9e938c435,45475,פרסום,1,1
HUGGINGFACE-0cc9e938c435,49103,פרסום,1,1
HUGGINGFACE-0cc9e938c435,54805,פרסום,1,1
HUGGINGFACE-0cc9e938c435,55042,פרסום,1,1
HUGGINGFACE-0cc9e938c435,56657,פרסום,1,1
HUGGINGFACE-0cc9e938c435,56740,פרסום,1,1
HUGGINGFACE-0cc9e938c435,57957,פרסום,1,1
HUGGINGFACE-0cc9e938c435,60418,פרסום,1,1
HUGGINGFACE-0cc9e938c435,71575,פרסום,1,1
HUGGINGFACE-0cc9e938c435,74543,פרסום,1,1
HUGGINGFACE-0cc9e938c435,74948,פרסום,1,1
HUGGINGFACE-0cc9e938c435,75310,פרסום,1,1
HUGGINGFACE-0cc9e938c435,76707,פרסום,1,1
HUGGINGFACE-8286d0289967,16593,תקשורת,0,1
HUGGINGFACE-8286d0289967,2153,פרסום,1,1
HUGGINGFACE-8286d0289967,2210,פרסום,1,1
HUGGINGFACE-8286d0289967,2347,פרסום,1,1
HUGGINGFACE-8286d0289967,2552,פרסום,1,1
HUGGINGFACE-8286d0289967,3546,פרסום,1,1
HUGGINGFACE-8286d0289967,11985,פרסום,1,1
HUGGINGFACE-8286d0289967,12511,פרסום,1,1
HUGGINGFACE-8286d0289967,14813,פרסום,1,1
HUGGINGFACE-8286d0289967,17453,פרסום,1,1
HUGGINGFACE-8286d0289967,18602,פרסום,1,1
HUGGINGFACE-0604dccbb8ec,12108,פרסום,1,1
HUGGINGFACE-0604dccbb8ec,15616,פרסום,1,1
HUGGINGFACE-0604dccbb8ec,22046,פרסום,1,1
HUGGINGFACE-0604dccbb8ec,22599,פרסום,1,1
HUGGINGFACE-0604dccbb8ec,22829,פרסום,1,1
HUGGINGFACE-0604dccbb8ec,24072,פרסום,1,1
HUGGINGFACE-0604dccbb8ec,25958,פרסום,1,1
HUGGINGFACE-5b0fe7208a8e,7163,פרסום,1,1
HUGGINGFACE-5b0fe7208a8e,7215,פרסום,1,1
HUGGINGFACE-5b0fe7208a8e,7268,פרסום,1,1
HUGGINGFACE-5b0fe7208a8e,8035,פרסום,1,1
HUGGINGFACE-5b0fe7208a8e,8320,פרסום,1,1
HUGGINGFACE-5b0fe7208a8e,8455,פרסום,1,1
HUGGINGFACE-5b0fe7208a8e,9341,פרסום,1,1
HUGGINGFACE-5b0fe7208a8e,9794,פרסום,1,1
HUGGINGFACE-5b0fe7208a8e,10214,פרסום,1,1
HUGGINGFACE-5b0fe7208a8e,10891,פרסום,1,1
HUGGINGFACE-28428c467a93,17224,פרסום,1,1
HUGGINGFACE-28428c467a93,17993,פרסום,1,1
HUGGINGFACE-28428c467a93,20773,פרסום,1,1
HUGGINGFACE-28428c467a93,24475,פרסום,1,1
HUGGINGFACE-28428c467a93,27920,פרסום,1,1
HUGGINGFACE-28428c467a93,29396,פרסום,1,1
HUGGINGFACE-28428c467a93,32282,פרסום,1,1
HUGGINGFACE-63fbea044b91,23842,כתבות,0,1
HUGGINGFACE-63fbea044b91,18365,פרסום,1,1
HUGGINGFACE-63fbea044b91,18436,פרסום,1,1
HUGGINGFACE-63fbea044b91,19331,פרסום,1,1
HUGGINGFACE-63fbea044b91,19565,פרסום,1,1
HUGGINGFACE-63fbea044b91,19970,פרסום,1,1
HUGGINGFACE-63fbea044b91,21308,פרסום,1,1
HUGGINGFACE-63fbea044b91,22165,פרסום,1,1
HUGGINGFACE-63fbea044b91,22282,פרסום,1,1
HUGGINGFACE-63fbea044b91,27838,פרסום,1,1
HUGGINGFACE-63fbea044b91,32305,פרסום,1,1
HUGGINGFACE-f3ad25565ecf,10290,תקשורת,0,1
HUGGINGFACE-f3ad25565ecf,22578,תקשורת,1,1
HUGGINGFACE-f3ad25565ecf,18517,פרסום,1,1
HUGGINGFACE-f3ad25565ecf,26797,פרסום,1,1
HUGGINGFACE-f3ad25565ecf,26853,פרסום,1,1
HUGGINGFACE-f3ad25565ecf,40242,פרסום,1,1
HUGGINGFACE-fe313c45f127,2154,פרסום,1,0
HUGGINGFACE-fe313c45f127,2748,פרסום,1,0
HUGGINGFACE-fe313c45f127,3033,פרסום,1,0
HUGGINGFACE-2ed9c0fd9780,16719,פרסום,1,1
HUGGINGFACE-2ed9c0fd9780,16866,פרסום,1,1
HUGGINGFACE-2ed9c0fd9780,18120,פרסום,1,1
HUGGINGFACE-2ed9c0fd9780,19434,פרסום,1,1
HUGGINGFACE-2ed9c0fd9780,21534,פרסום,1,1
HUGGINGFACE-2ed9c0fd9780,25282,פרסום,1,1
HUGGINGFACE-e41fa0adb336,7544,פרסום,1,0
HUGGINGFACE-e41fa0adb336,9645,פרסום,1,1
HUGGINGFACE-e41fa0adb336,11324,פרסום,1,1
HUGGINGFACE-e41fa0adb336,11380,פרסום,1,1
HUGGINGFACE-e41fa0adb336,11823,פרסום,1,1
HUGGINGFACE-e41fa0adb336,12211,פרסום,1,1
HUGGINGFACE-e41fa0adb336,14441,פרסום,1,1
HUGGINGFACE-d4707499513c,22365,פרסום,1,1
HUGGINGFACE-d4707499513c,22429,פרסום,1,1
HUGGINGFACE-d4707499513c,23191,פרסום,1,1
HUGGINGFACE-d4707499513c,23585,פרסום,1,1
HUGGINGFACE-d4707499513c,25519,פרסום,1,1
HUGGINGFACE-d4707499513c,25923,פרסום,1,1
HUGGINGFACE-d4707499513c,27939,פרסום,1,1
HUGGINGFACE-d4707499513c,31579,פרסום,1,1
HUGGINGFACE-d4707499513c,43303,פרסום,1,1
HUGGINGFACE-d4707499513c,47135,פרסום,1,1
HUGGINGFACE-d4707499513c,48155,פרסום,1,1
HUGGINGFACE-d4707499513c,48761,פרסום,1,1
HUGGINGFACE-d4707499513c,54384,פרסום,1,1
HUGGINGFACE-d4707499513c,54442,פרסום,1,1
HUGGINGFACE-d4707499513c,55986,פרסום,1,1
HUGGINGFACE-d4707499513c,68031,פרסום,1,1
HUGGINGFACE-d4707499513c,70379,פרסום,1,1
HUGGINGFACE-d4707499513c,70856,פרסום,1,1
HUGGINGFACE-d4707499513c,71567,פרסום,1,1
HUGGINGFACE-d4707499513c,71637,פרסום,1,1
HUGGINGFACE-d4707499513c,71705,פרסום,1,1
HUGGINGFACE-fdcbba5c2b39,4900,פרסום,1,1
HUGGINGFACE-67b0f34fb8bc,18731,תקשורת,0,0
HUGGINGFACE-961913db6203,23328,פרסום,1,1
HUGGINGFACE-961913db6203,27650,פרסום,1,1
HUGGINGFACE-961913db6203,29867,פרסום,1,1
HUGGINGFACE-07194af5f540,6623,פרסום,1,1
HUGGINGFACE-7d2e3c3d6417,24978,תקשורת,0,1
HUGGINGFACE-7d2e3c3d6417,24967,פרסום,0,1
HUGGINGFACE-7d2e3c3d6417,35516,פרסום,1,1
HUGGINGFACE-e9117a81dcc9,1862,פרסום,0,0
HUGGINGFACE-e9117a81dcc9,11431,פרסום,1,1
HUGGINGFACE-e9117a81dcc9,13034,פרסום,1,1
HUGGINGFACE-e9117a81dcc9,16024,פרסום,1,1
HUGGINGFACE-a1425cebb972,9033,פרסום,1,1
HUGGINGFACE-eb19ba05ddfc,3077,טלוויזיה,0,0
HUGGINGFACE-eb19ba05ddfc,8210,טלוויזיה,0,0
HUGGINGFACE-eb19ba05ddfc,3047,ראיון,0,0
HUGGINGFACE-eb19ba05ddfc,3767,פרסום,0,0
HUGGINGFACE-eb19ba05ddfc,9277,פרסום,1,1
HUGGINGFACE-eb19ba05ddfc,9923,פרסום,1,1
HUGGINGFACE-eb19ba05ddfc,10149,פרסום,1,1
HUGGINGFACE-eb19ba05ddfc,11383,פרסום,1,1
HUGGINGFACE-eb19ba05ddfc,11843,פרסום,1,1
HUGGINGFACE-eb19ba05ddfc,18770,פרסום,1,1
HUGGINGFACE-e05c17a7c2a7,27359,פרסום,1,1
HUGGINGFACE-e05c17a7c2a7,29649,פרסום,1,1
HUGGINGFACE-e05c17a7c2a7,34552,פרסום,1,1
HUGGINGFACE-e05c17a7c2a7,34859,פרסום,1,1
HUGGINGFACE-e05c17a7c2a7,35077,פרסום,1,1
HUGGINGFACE-e05c17a7c2a7,40217,פרסום,1,1
HUGGINGFACE-e05c17a7c2a7,40538,פרסום,1,1
HUGGINGFACE-e05c17a7c2a7,41402,פרסום,1,1
HUGGINGFACE-e05c17a7c2a7,41497,פרסום,1,1
HUGGINGFACE-e05c17a7c2a7,41588,פרסום,1,1
HUGGINGFACE-e05c17a7c2a7,47603,פרסום,1,1
HUGGINGFACE-e05c17a7c2a7,48493,פרסום,1,1
HUGGINGFACE-e05c17a7c2a7,48557,פרסום,1,1
HUGGINGFACE-17cdf128c9f3,18595,פרסום,1,1
HUGGINGFACE-17cdf128c9f3,19457,פרסום,1,1
HUGGINGFACE-17cdf128c9f3,23049,פרסום,1,1
HUGGINGFACE-17cdf128c9f3,23852,פרסום,1,1
HUGGINGFACE-17cdf128c9f3,29135,פרסום,1,1
HUGGINGFACE-5141a8d90a41,5798,פרסום,1,1
HUGGINGFACE-5141a8d90a41,5858,פרסום,1,1
HUGGINGFACE-5141a8d90a41,6007,פרסום,1,1
HUGGINGFACE-5141a8d90a41,6633,פרסום,1,1
HUGGINGFACE-5141a8d90a41,7327,פרסום,1,1
HUGGINGFACE-5141a8d90a41,7386,פרסום,1,1
HUGGINGFACE-5141a8d90a41,7441,פרסום,1,1
HUGGINGFACE-5141a8d90a41,7496,פרסום,1,1
HUGGINGFACE-5141a8d90a41,7553,פרסום,1,1
HUGGINGFACE-5141a8d90a41,7611,פרסום,1,1
HUGGINGFACE-1b452baff0f6,35347,תקשורת,0,1
HUGGINGFACE-1b452baff0f6,35934,תקשורת,1,1
HUGGINGFACE-1b452baff0f6,38328,תקשורת,0,1
HUGGINGFACE-1b452baff0f6,3838,ראיון,0,0
HUGGINGFACE-1b452baff0f6,4216,ראיון,0,0
HUGGINGFACE-1b452baff0f6,4483,ראיון,0,0
HUGGINGFACE-1b452baff0f6,9222,ראיון,0,0
HUGGINGFACE-1b452baff0f6,9308,ראיון,0,0
HUGGINGFACE-1b452baff0f6,10719,ראיון,0,0
HUGGINGFACE-1b452baff0f6,23750,ראיון,0,1
HUGGINGFACE-1b452baff0f6,24198,ראיון,0,1
HUGGINGFACE-1b452baff0f6,24266,ראיון,0,1
HUGGINGFACE-1b452baff0f6,24379,ראיון,0,1
HUGGINGFACE-1b452baff0f6,25299,ראיון,0,1
HUGGINGFACE-1b452baff0f6,27773,ראיון,0,1
HUGGINGFACE-1b452baff0f6,28172,ראיון,0,1
HUGGINGFACE-1b452baff0f6,28216,ראיון,0,1
HUGGINGFACE-1b452baff0f6,28235,ראיון,0,1
HUGGINGFACE-1b452baff0f6,2052,פרסום,1,0
HUGGINGFACE-1b452baff0f6,11873,פרסום,1,1
HUGGINGFACE-1b452baff0f6,11936,פרסום,1,1
HUGGINGFACE-1b452baff0f6,12034,פרסום,1,1
HUGGINGFACE-1b452baff0f6,13346,פרסום,1,1
HUGGINGFACE-1b452baff0f6,13398,פרסום,1,1
HUGGINGFACE-1b452baff0f6,18617,פרסום,1,1
HUGGINGFACE-1b452baff0f6,21490,פרסום,1,1
HUGGINGFACE-1b452baff0f6,21680,פרסום,1,1
HUGGINGFACE-1b452baff0f6,22098,פרסום,1,1
HUGGINGFACE-1b452baff0f6,24758,פרסום,1,1
HUGGINGFACE-1b452baff0f6,25802,פרסום,1,1
HUGGINGFACE-1b452baff0f6,27061,פרסום,1,1
HUGGINGFACE-1b452baff0f6,27382,פרסום,1,1
HUGGINGFACE-1b452baff0f6,27434,פרסום,1,1
HUGGINGFACE-1b452baff0f6,27481,פרסום,1,1
HUGGINGFACE-1b452baff0f6,31121,פרסום,1,1
HUGGINGFACE-1b452baff0f6,41867,פרסום,1,1
HUGGINGFACE-1b452baff0f6,44581,פרסום,1,1
HUGGINGFACE-1b452baff0f6,45779,פרסום,1,1
HUGGINGFACE-1b452baff0f6,46646,פרסום,1,1
HUGGINGFACE-1b452baff0f6,46830,פרסום,1,1
HUGGINGFACE-1b452baff0f6,46886,פרסום,1,1
HUGGINGFACE-1b452baff0f6,46931,פרסום,1,1
HUGGINGFACE-1b452baff0f6,47124,פרסום,1,1
HUGGINGFACE-1b452baff0f6,47270,פרסום,1,1
HUGGINGFACE-1b452baff0f6,63969,פרסום,1,1
HUGGINGFACE-1b452baff0f6,69446,פרסום,1,1
HUGGINGFACE-1b452baff0f6,70769,פרסום,1,1
HUGGINGFACE-64ad29ed04b9,7831,פרסום,1,1
HUGGINGFACE-64ad29ed04b9,8876,פרסום,1,1
HUGGINGFACE-64ad29ed04b9,18984,פרסום,1,1
HUGGINGFACE-614e80e8fc9a,1480,פרסום,1,0
HUGGINGFACE-614e80e8fc9a,5744,פרסום,1,1
HUGGINGFACE-614e80e8fc9a,6878,פרסום,1,1
HUGGINGFACE-bef59bdf74dd,13833,פרסום,1,0
HUGGINGFACE-bef59bdf74dd,13898,פרסום,1,0
HUGGINGFACE-bef59bdf74dd,15381,פרסום,1,0
HUGGINGFACE-bef59bdf74dd,15713,פרסום,1,0
HUGGINGFACE-bef59bdf74dd,19044,פרסום,1,0
HUGGINGFACE-bef59bdf74dd,19608,פרסום,1,0
HUGGINGFACE-bef59bdf74dd,22092,פרסום,1,1
HUGGINGFACE-bef59bdf74dd,22157,פרסום,1,1
HUGGINGFACE-bef59bdf74dd,22229,פרסום,1,1
HUGGINGFACE-bef59bdf74dd,37653,פרסום,1,1
HUGGINGFACE-bef59bdf74dd,37709,פרסום,1,1
HUGGINGFACE-bef59bdf74dd,37766,פרסום,1,1
HUGGINGFACE-bef59bdf74dd,41002,פרסום,1,1
HUGGINGFACE-bef59bdf74dd,41887,פרסום,1,1
HUGGINGFACE-b52710b2c548,3751,תקשורת,1,0
HUGGINGFACE-b52710b2c548,4864,תקשורת,1,0
HUGGINGFACE-b52710b2c548,6187,תקשורת,1,0
HUGGINGFACE-b52710b2c548,9643,תקשורת,1,0
HUGGINGFACE-b52710b2c548,9661,תקשורת,1,0
HUGGINGFACE-b52710b2c548,9816,תקשורת,1,0
HUGGINGFACE-b52710b2c548,10128,תקשורת,1,0
HUGGINGFACE-b52710b2c548,10589,תקשורת,1,0
HUGGINGFACE-b52710b2c548,10805,תקשורת,1,0
HUGGINGFACE-b52710b2c548,15136,תקשורת,1,0
HUGGINGFACE-b52710b2c548,15309,תקשורת,1,0
HUGGINGFACE-b52710b2c548,16422,תקשורת,1,0
HUGGINGFACE-b52710b2c548,17559,תקשורת,1,0
HUGGINGFACE-b52710b2c548,19757,תקשורת,1,0
HUGGINGFACE-b52710b2c548,19828,תקשורת,1,0
HUGGINGFACE-b52710b2c548,20051,תקשורת,1,0
HUGGINGFACE-b52710b2c548,21847,תקשורת,1,0
HUGGINGFACE-b52710b2c548,33234,תקשורת,1,1
HUGGINGFACE-b52710b2c548,34862,תקשורת,1,1
HUGGINGFACE-b52710b2c548,34978,תקשורת,1,1
HUGGINGFACE-b52710b2c548,35368,תקשורת,1,1
HUGGINGFACE-b52710b2c548,46256,תקשורת,1,1
HUGGINGFACE-b52710b2c548,48537,תקשורת,1,1
HUGGINGFACE-b52710b2c548,50053,תקשורת,1,1
HUGGINGFACE-b52710b2c548,51084,תקשורת,1,1
HUGGINGFACE-b52710b2c548,53361,תקשורת,0,1
HUGGINGFACE-b52710b2c548,54446,תקשורת,0,1
HUGGINGFACE-b52710b2c548,60556,תקשורת,1,1
HUGGINGFACE-b52710b2c548,60699,תקשורת,1,1
HUGGINGFACE-b52710b2c548,75375,טלוויזיה,0,1
HUGGINGFACE-b52710b2c548,18025,פרסום,1,0
HUGGINGFACE-b52710b2c548,18059,פרסום,1,0
HUGGINGFACE-b52710b2c548,18092,פרסום,1,0
HUGGINGFACE-b52710b2c548,18128,פרסום,1,0
HUGGINGFACE-b52710b2c548,18276,פרסום,1,0
HUGGINGFACE-b52710b2c548,24376,פרסום,1,1
HUGGINGFACE-b52710b2c548,24449,פרסום,1,1
HUGGINGFACE-b52710b2c548,24536,פרסום,1,1
HUGGINGFACE-b52710b2c548,28814,פרסום,1,1
HUGGINGFACE-b52710b2c548,31770,פרסום,1,1
HUGGINGFACE-b52710b2c548,55336,פרסום,1,1
HUGGINGFACE-b52710b2c548,64785,פרסום,1,1
HUGGINGFACE-b52710b2c548,64853,פרסום,1,1
HUGGINGFACE-b52710b2c548,75875,פרסום,1,1
HUGGINGFACE-b52710b2c548,80502,פרסום,1,1
HUGGINGFACE-b52710b2c548,80937,פרסום,1,1
HUGGINGFACE-5ec893c90ed0,3471,פרסום,1,1
HUGGINGFACE-33edb928a24f,6263,תקשורת,0,0
HUGGINGFACE-33edb928a24f,6453,טלוויזיה,0,0
HUGGINGFACE-33edb928a24f,6249,ראיון,0,0
HUGGINGFACE-33edb928a24f,6446,ראיון,0,0
HUGGINGFACE-33edb928a24f,12555,פרסום,1,0
HUGGINGFACE-33edb928a24f,12611,פרסום,1,0
HUGGINGFACE-33edb928a24f,12668,פרסום,1,0
HUGGINGFACE-33edb928a24f,23873,פרסום,1,0
HUGGINGFACE-33edb928a24f,26278,פרסום,1,0
HUGGINGFACE-33edb928a24f,29425,פרסום,1,0
HUGGINGFACE-33edb928a24f,29938,פרסום,1,0
HUGGINGFACE-33edb928a24f,53241,פרסום,1,0
HUGGINGFACE-33edb928a24f,66522,פרסום,0,0
HUGGINGFACE-33edb928a24f,76628,פרסום,1,0
HUGGINGFACE-33edb928a24f,83292,פרסום,1,0
HUGGINGFACE-33edb928a24f,83576,פרסום,1,0
HUGGINGFACE-33edb928a24f,83640,פרסום,1,0
HUGGINGFACE-33edb928a24f,84090,פרסום,1,0
HUGGINGFACE-33edb928a24f,85142,פרסום,1,0
HUGGINGFACE-33edb928a24f,86251,פרסום,1,0
HUGGINGFACE-33edb928a24f,94108,פרסום,1,0
HUGGINGFACE-33edb928a24f,95758,פרסום,1,0
HUGGINGFACE-33edb928a24f,103833,פרסום,1,1
HUGGINGFACE-33edb928a24f,104666,פרסום,1,1
HUGGINGFACE-33edb928a24f,104781,פרסום,1,1
HUGGINGFACE-33edb928a24f,104843,פרסום,1,1
HUGGINGFACE-33edb928a24f,105439,פרסום,1,1
HUGGINGFACE-33edb928a24f,106516,פרסום,1,1
HUGGINGFACE-33edb928a24f,106630,פרסום,1,1
HUGGINGFACE-33edb928a24f,107874,פרסום,1,1
HUGGINGFACE-33edb928a24f,107935,פרסום,1,1
HUGGINGFACE-33edb928a24f,108650,פרסום,1,1
HUGGINGFACE-33edb928a24f,111210,פרסום,1,1
HUGGINGFACE-33edb928a24f,111785,פרסום,1,1
HUGGINGFACE-33edb928a24f,112440,פרסום,1,1
HUGGINGFACE-33edb928a24f,112664,פרסום,1,1
HUGGINGFACE-33edb928a24f,112900,פרסום,1,1
HUGGINGFACE-33edb928a24f,113199,פרסום,1,1
HUGGINGFACE-33edb928a24f,113385,פרסום,1,1
HUGGINGFACE-33edb928a24f,114130,פרסום,1,1
HUGGINGFACE-33edb928a24f,114294,פרסום,1,1
HUGGINGFACE-33edb928a24f,115491,פרסום,1,1
HUGGINGFACE-33edb928a24f,115684,פרסום,1,1
HUGGINGFACE-33edb928a24f,115862,פרסום,1,1
HUGGINGFACE-33edb928a24f,116004,פרסום,1,1
HUGGINGFACE-e5f856f88a52,5592,פרסום,1,1
HUGGINGFACE-e5f856f88a52,5647,פרסום,1,1
HUGGINGFACE-e5f856f88a52,7074,פרסום,1,1
HUGGINGFACE-e5f856f88a52,8986,פרסום,1,1
HUGGINGFACE-e5f856f88a52,14789,פרסום,1,1
HUGGINGFACE-f9fb8a26e3dc,6084,פרסום,1,1
HUGGINGFACE-f9fb8a26e3dc,6147,פרסום,1,1
HUGGINGFACE-f9fb8a26e3dc,6716,פרסום,1,1
HUGGINGFACE-f9fb8a26e3dc,7099,פרסום,1,1
HUGGINGFACE-f9fb8a26e3dc,7643,פרסום,1,1
HUGGINGFACE-f9fb8a26e3dc,7731,פרסום,1,1
HUGGINGFACE-f9fb8a26e3dc,7786,פרסום,1,1
HUGGINGFACE-f9fb8a26e3dc,10031,פרסום,1,1
HUGGINGFACE-9a145251fbfa,15372,פרסום,1,1
HUGGINGFACE-9a145251fbfa,17051,פרסום,1,1
HUGGINGFACE-9a145251fbfa,19048,פרסום,1,1
HUGGINGFACE-9a145251fbfa,20264,פרסום,1,1
HUGGINGFACE-9a145251fbfa,21150,פרסום,1,1
HUGGINGFACE-9a145251fbfa,21524,פרסום,1,1
HUGGINGFACE-9a145251fbfa,21594,פרסום,1,1
HUGGINGFACE-9a145251fbfa,21662,פרסום,1,1
HUGGINGFACE-9a145251fbfa,23834,פרסום,1,1
HUGGINGFACE-827b198c09f2,27637,פרסום,1,1
HUGGINGFACE-827b198c09f2,27740,פרסום,1,1
HUGGINGFACE-827b198c09f2,30209,פרסום,1,1
HUGGINGFACE-827b198c09f2,31640,פרסום,1,1
HUGGINGFACE-827b198c09f2,32372,פרסום,1,1
HUGGINGFACE-3f412057428f,2177,תקשורת,0,0
HUGGINGFACE-3f412057428f,9771,תקשורת,0,0
HUGGINGFACE-3f412057428f,11980,תקשורת,0,0
HUGGINGFACE-3f412057428f,17585,תקשורת,0,1
HUGGINGFACE-3f412057428f,17636,תקשורת,0,1
HUGGINGFACE-3f412057428f,18850,תקשורת,0,1
HUGGINGFACE-3f412057428f,34645,תקשורת,0,1
HUGGINGFACE-3f412057428f,41975,תקשורת,1,1
HUGGINGFACE-3f412057428f,42535,תקשורת,1,1
HUGGINGFACE-3f412057428f,42671,תקשורת,1,1
HUGGINGFACE-3f412057428f,43680,תקשורת,1,1
HUGGINGFACE-3f412057428f,45667,תקשורת,1,1
HUGGINGFACE-3f412057428f,49020,תקשורת,1,1
HUGGINGFACE-3f412057428f,50723,תקשורת,1,1
HUGGINGFACE-3f412057428f,50922,תקשורת,1,1
HUGGINGFACE-3f412057428f,51802,תקשורת,1,1
HUGGINGFACE-3f412057428f,51957,תקשורת,1,1
HUGGINGFACE-3f412057428f,71960,תקשורת,0,1
HUGGINGFACE-3f412057428f,73355,תקשורת,1,1
HUGGINGFACE-3f412057428f,37515,חדשות,0,1
HUGGINGFACE-3f412057428f,34634,פרסום,0,1
HUGGINGFACE-3f412057428f,46056,פרסום,1,1
HUGGINGFACE-3f412057428f,49283,פרסום,1,1
HUGGINGFACE-3f412057428f,49331,פרסום,1,1
HUGGINGFACE-3f412057428f,50417,פרסום,1,1
HUGGINGFACE-3f412057428f,54525,פרסום,1,1
HUGGINGFACE-3f412057428f,56324,פרסום,1,1
HUGGINGFACE-3f412057428f,56392,פרסום,1,1
HUGGINGFACE-3f412057428f,56724,פרסום,1,1
HUGGINGFACE-3f412057428f,63506,פרסום,1,1
HUGGINGFACE-3f412057428f,63564,פרסום,1,1
HUGGINGFACE-3f412057428f,65362,פרסום,1,1
HUGGINGFACE-3f412057428f,65813,פרסום,1,1
HUGGINGFACE-3f412057428f,67830,פרסום,1,1
HUGGINGFACE-3f412057428f,69615,פרסום,1,1
HUGGINGFACE-3f412057428f,69690,פרסום,1,1
HUGGINGFACE-3f412057428f,69754,פרסום,1,1
HUGGINGFACE-3f412057428f,69809,פרסום,1,1
HUGGINGFACE-3f412057428f,70212,פרסום,1,1
HUGGINGFACE-3f412057428f,70346,פרסום,1,1
HUGGINGFACE-3f412057428f,70410,פרסום,1,1
HUGGINGFACE-a3a5d368607b,34651,פרסום,1,1
HUGGINGFACE-a3a5d368607b,34708,פרסום,1,1
HUGGINGFACE-a3a5d368607b,40483,פרסום,1,1
HUGGINGFACE-a3a5d368607b,40665,פרסום,1,1
HUGGINGFACE-d6ea8e479798,6492,פרסום,1,1
HUGGINGFACE-d6ea8e479798,6570,פרסום,1,1
HUGGINGFACE-d6ea8e479798,6613,פרסום,1,1
HUGGINGFACE-d6ea8e479798,6659,פרסום,1,1
HUGGINGFACE-d6ea8e479798,6707,פרסום,1,1
HUGGINGFACE-d6ea8e479798,7358,פרסום,1,1
HUGGINGFACE-d6ea8e479798,7402,פרסום,1,1
HUGGINGFACE-d6ea8e479798,9352,פרסום,1,1
HUGGINGFACE-28f722aa0bf0,11804,פרסום,1,0
HUGGINGFACE-28f722aa0bf0,12578,פרסום,1,1
HUGGINGFACE-28f722aa0bf0,12634,פרסום,1,1
HUGGINGFACE-28f722aa0bf0,12691,פרסום,1,1
HUGGINGFACE-28f722aa0bf0,12755,פרסום,1,1
HUGGINGFACE-28f722aa0bf0,13539,פרסום,1,1
HUGGINGFACE-28f722aa0bf0,13605,פרסום,1,1
HUGGINGFACE-28f722aa0bf0,13941,פרסום,1,1
HUGGINGFACE-28f722aa0bf0,41011,פרסום,1,1
HUGGINGFACE-28f722aa0bf0,41077,פרסום,1,1
HUGGINGFACE-28f722aa0bf0,41143,פרסום,1,1
HUGGINGFACE-33fd5fb195a1,11432,פרסום,1,1
HUGGINGFACE-33fd5fb195a1,12554,פרסום,1,1
HUGGINGFACE-33fd5fb195a1,16064,פרסום,1,1
HUGGINGFACE-33fd5fb195a1,16376,פרסום,1,1
HUGGINGFACE-33fd5fb195a1,16846,פרסום,1,1
HUGGINGFACE-906cf8306996,2250,פרסום,1,1
HUGGINGFACE-7b4ccd3e74ed,6615,פרסום,1,1
HUGGINGFACE-01d7e0444b29,3430,פרסום,1,1
HUGGINGFACE-01d7e0444b29,7722,פרסום,1,1
HUGGINGFACE-01d7e0444b29,8313,פרסום,1,1
HUGGINGFACE-8f54a9dd70ce,9676,פרסום,1,1
HUGGINGFACE-8f54a9dd70ce,9740,פרסום,1,1
HUGGINGFACE-8f54a9dd70ce,9955,פרסום,1,1
HUGGINGFACE-8f54a9dd70ce,10023,פרסום,1,1
HUGGINGFACE-8f54a9dd70ce,12396,פרסום,1,1
HUGGINGFACE-8f54a9dd70ce,12476,פרסום,1,1
HUGGINGFACE-8f54a9dd70ce,12531,פרסום,1,1
HUGGINGFACE-8f54a9dd70ce,12763,פרסום,1,1
HUGGINGFACE-8f54a9dd70ce,14400,פרסום,1,1
HUGGINGFACE-a02b271802c3,22095,פרסום,1,1
HUGGINGFACE-a02b271802c3,22193,פרסום,1,1
HUGGINGFACE-a02b271802c3,22255,פרסום,1,1
HUGGINGFACE-a02b271802c3,22312,פרסום,1,1
HUGGINGFACE-a02b271802c3,22369,פרסום,1,1
HUGGINGFACE-a02b271802c3,28447,פרסום,1,1
HUGGINGFACE-a02b271802c3,30953,פרסום,1,1
HUGGINGFACE-a02b271802c3,31022,פרסום,1,1
HUGGINGFACE-a02b271802c3,32688,פרסום,1,1
HUGGINGFACE-a02b271802c3,33079,פרסום,1,1
HUGGINGFACE-a02b271802c3,35946,פרסום,1,1
HUGGINGFACE-a02b271802c3,39698,פרסום,1,1
HUGGINGFACE-a02b271802c3,40291,פרסום,1,1
HUGGINGFACE-a02b271802c3,42725,פרסום,1,1
HUGGINGFACE-a02b271802c3,43668,פרסום,1,1
HUGGINGFACE-a02b271802c3,43818,פרסום,1,1
HUGGINGFACE-a02b271802c3,43887,פרסום,1,1
HUGGINGFACE-a02b271802c3,44510,פרסום,1,1
HUGGINGFACE-33f7b7cd6252,13098,פרסום,1,0
HUGGINGFACE-33f7b7cd6252,16832,פרסום,1,1
HUGGINGFACE-33f7b7cd6252,17016,פרסום,1,1
HUGGINGFACE-33f7b7cd6252,17654,פרסום,1,1
HUGGINGFACE-33f7b7cd6252,17832,פרסום,1,1
HUGGINGFACE-33f7b7cd6252,17996,פרסום,1,1
HUGGINGFACE-33f7b7cd6252,18180,פרסום,1,1
HUGGINGFACE-33f7b7cd6252,19885,פרסום,1,1
HUGGINGFACE-33f7b7cd6252,24079,פרסום,1,1
HUGGINGFACE-33f7b7cd6252,24230,פרסום,1,1
HUGGINGFACE-33f7b7cd6252,24696,פרסום,1,1
HUGGINGFACE-33f7b7cd6252,26765,פרסום,1,1
HUGGINGFACE-33f7b7cd6252,34435,פרסום,1,1
HUGGINGFACE-33f7b7cd6252,40409,פרסום,1,1
HUGGINGFACE-33f7b7cd6252,41317,פרסום,1,1
HUGGINGFACE-33f7b7cd6252,44562,פרסום,1,1
HUGGINGFACE-ae0f363373af,6242,פרסום,1,1
HUGGINGFACE-ae0f363373af,6499,פרסום,1,1
HUGGINGFACE-ae0f363373af,6928,פרסום,1,1
HUGGINGFACE-ae0f363373af,7181,פרסום,1,1
HUGGINGFACE-686e90bb4154,21804,תקשורת,0,0
HUGGINGFACE-686e90bb4154,21785,פרסום,0,0
HUGGINGFACE-df466b089ed1,2946,טלוויזיה,0,1
HUGGINGFACE-df466b089ed1,7182,פרסום,1,1
HUGGINGFACE-df466b089ed1,7237,פרסום,1,1
HUGGINGFACE-df466b089ed1,10469,פרסום,1,1
HUGGINGFACE-df466b089ed1,12984,פרסום,1,1
HUGGINGFACE-df466b089ed1,14035,פרסום,1,1
HUGGINGFACE-df466b089ed1,14091,פרסום,1,1
HUGGINGFACE-df466b089ed1,14360,פרסום,1,1
HUGGINGFACE-df466b089ed1,16709,פרסום,1,1
HUGGINGFACE-09b2600aa376,30440,תקשורת,0,0
HUGGINGFACE-09b2600aa376,12225,פרסום,1,0
HUGGINGFACE-09b2600aa376,12343,פרסום,1,0
HUGGINGFACE-09b2600aa376,12423,פרסום,1,0
HUGGINGFACE-09b2600aa376,12538,פרסום,1,0
HUGGINGFACE-09b2600aa376,13458,פרסום,1,0
HUGGINGFACE-09b2600aa376,14787,פרסום,1,0
HUGGINGFACE-09b2600aa376,14863,פרסום,1,0
HUGGINGFACE-09b2600aa376,15155,פרסום,1,0
HUGGINGFACE-09b2600aa376,19015,פרסום,1,0
HUGGINGFACE-09b2600aa376,19112,פרסום,1,0
HUGGINGFACE-09b2600aa376,19225,פרסום,1,0
HUGGINGFACE-09b2600aa376,19300,פרסום,1,0
HUGGINGFACE-09b2600aa376,20581,פרסום,1,0
HUGGINGFACE-09b2600aa376,54451,פרסום,1,0
HUGGINGFACE-09b2600aa376,54551,פרסום,1,0
HUGGINGFACE-09b2600aa376,55712,פרסום,1,0
HUGGINGFACE-958307fd164b,14944,פרסום,1,1
HUGGINGFACE-958307fd164b,18787,פרסום,1,1
HUGGINGFACE-958307fd164b,19964,פרסום,1,1
HUGGINGFACE-958307fd164b,20777,פרסום,1,1
HUGGINGFACE-958307fd164b,20852,פרסום,1,1
HUGGINGFACE-958307fd164b,20906,פרסום,1,1
HUGGINGFACE-e3f55aa10d4d,7027,תקשורת,0,0
HUGGINGFACE-e3f55aa10d4d,39428,תקשורת,0,1
HUGGINGFACE-e3f55aa10d4d,7013,ראיון,0,0
HUGGINGFACE-e3f55aa10d4d,39414,ראיון,0,1
HUGGINGFACE-e3f55aa10d4d,44466,פרסום,0,1
HUGGINGFACE-a64265b76ba5,18451,פרסום,1,1
HUGGINGFACE-a64265b76ba5,19380,פרסום,1,1
HUGGINGFACE-a64265b76ba5,19508,פרסום,1,1
HUGGINGFACE-a64265b76ba5,19564,פרסום,1,1
HUGGINGFACE-a64265b76ba5,19620,פרסום,1,1
HUGGINGFACE-a64265b76ba5,19676,פרסום,1,1
HUGGINGFACE-a64265b76ba5,19731,פרסום,1,1
HUGGINGFACE-a64265b76ba5,19786,פרסום,1,1
HUGGINGFACE-a64265b76ba5,19840,פרסום,1,1
HUGGINGFACE-a64265b76ba5,19895,פרסום,1,1
HUGGINGFACE-a64265b76ba5,19951,פרסום,1,1
HUGGINGFACE-a64265b76ba5,20007,פרסום,1,1
HUGGINGFACE-a64265b76ba5,20073,פרסום,1,1
HUGGINGFACE-a64265b76ba5,20130,פרסום,1,1
HUGGINGFACE-a64265b76ba5,20185,פרסום,1,1
HUGGINGFACE-a64265b76ba5,20240,פרסום,1,1
HUGGINGFACE-a64265b76ba5,20295,פרסום,1,1
HUGGINGFACE-a64265b76ba5,20350,פרסום,1,1
HUGGINGFACE-a64265b76ba5,20405,פרסום,1,1
HUGGINGFACE-a64265b76ba5,20715,פרסום,1,1
HUGGINGFACE-a64265b76ba5,20878,פרסום,1,1
HUGGINGFACE-a64265b76ba5,21128,פרסום,1,1
HUGGINGFACE-a64265b76ba5,21353,פרסום,1,1
HUGGINGFACE-a64265b76ba5,21738,פרסום,1,1
HUGGINGFACE-a64265b76ba5,22189,פרסום,1,1
HUGGINGFACE-a64265b76ba5,22577,פרסום,1,1
HUGGINGFACE-a64265b76ba5,23469,פרסום,1,1
HUGGINGFACE-a64265b76ba5,38705,פרסום,1,1
HUGGINGFACE-a64265b76ba5,38759,פרסום,1,1
HUGGINGFACE-a64265b76ba5,38820,פרסום,1,1
HUGGINGFACE-9adf8ef65d0f,13413,פרסום,1,1
HUGGINGFACE-12c9680d74b2,25506,תקשורת,0,0
HUGGINGFACE-12c9680d74b2,64386,תקשורת,0,1
HUGGINGFACE-12c9680d74b2,25499,סיקור,0,0
HUGGINGFACE-12c9680d74b2,9598,טלוויזיה,0,0
HUGGINGFACE-12c9680d74b2,9997,טלוויזיה,0,0
HUGGINGFACE-12c9680d74b2,10314,טלוויזיה,0,0
HUGGINGFACE-12c9680d74b2,18170,טלוויזיה,0,0
HUGGINGFACE-12c9680d74b2,28465,טלוויזיה,0,0
HUGGINGFACE-12c9680d74b2,28877,טלוויזיה,0,0
HUGGINGFACE-12c9680d74b2,37196,טלוויזיה,0,1
HUGGINGFACE-12c9680d74b2,37875,טלוויזיה,0,1
HUGGINGFACE-12c9680d74b2,9549,ראיון,0,0
HUGGINGFACE-12c9680d74b2,9591,ראיון,0,0
HUGGINGFACE-12c9680d74b2,9990,ראיון,0,0
HUGGINGFACE-12c9680d74b2,10128,ראיון,0,0
HUGGINGFACE-12c9680d74b2,10307,ראיון,0,0
HUGGINGFACE-12c9680d74b2,18163,ראיון,0,0
HUGGINGFACE-12c9680d74b2,28458,ראיון,0,0
HUGGINGFACE-12c9680d74b2,28578,ראיון,0,0
HUGGINGFACE-12c9680d74b2,28870,ראיון,0,0
HUGGINGFACE-12c9680d74b2,37189,ראיון,0,1
HUGGINGFACE-12c9680d74b2,37868,ראיון,0,1
HUGGINGFACE-12c9680d74b2,37951,ראיון,0,1
HUGGINGFACE-12c9680d74b2,33557,פרסום,1,0
HUGGINGFACE-12c9680d74b2,35043,פרסום,1,1
HUGGINGFACE-12c9680d74b2,35108,פרסום,1,1
HUGGINGFACE-12c9680d74b2,37634,פרסום,1,1
HUGGINGFACE-12c9680d74b2,37701,פרסום,1,1
HUGGINGFACE-12c9680d74b2,43333,פרסום,1,1
HUGGINGFACE-12c9680d74b2,44320,פרסום,1,1
HUGGINGFACE-12c9680d74b2,52963,פרסום,1,1
HUGGINGFACE-12c9680d74b2,57303,פרסום,1,1
HUGGINGFACE-12c9680d74b2,58182,פרסום,1,1
HUGGINGFACE-12c9680d74b2,59732,פרסום,1,1
HUGGINGFACE-12c9680d74b2,59803,פרסום,1,1
HUGGINGFACE-12c9680d74b2,59872,פרסום,1,1
HUGGINGFACE-12c9680d74b2,61243,פרסום,1,1
HUGGINGFACE-12c9680d74b2,63007,פרסום,1,1
HUGGINGFACE-12c9680d74b2,64313,פרסום,1,1
HUGGINGFACE-12c9680d74b2,64379,פרסום,0,1
HUGGINGFACE-12c9680d74b2,66532,פרסום,1,1
HUGGINGFACE-12c9680d74b2,67251,פרסום,1,1
HUGGINGFACE-7b0eb4b46fc1,7385,פרסום,1,0
HUGGINGFACE-7b0eb4b46fc1,11767,פרסום,1,0
HUGGINGFACE-7b0eb4b46fc1,29989,פרסום,1,0
HUGGINGFACE-7b0eb4b46fc1,32510,פרסום,1,0
HUGGINGFACE-7b0eb4b46fc1,33370,פרסום,1,0
HUGGINGFACE-7b0eb4b46fc1,33432,פרסום,1,0
HUGGINGFACE-7b0eb4b46fc1,41138,פרסום,1,1
HUGGINGFACE-7b0eb4b46fc1,42567,פרסום,1,1
HUGGINGFACE-7b0eb4b46fc1,47129,פרסום,1,1
HUGGINGFACE-7b0eb4b46fc1,50342,פרסום,1,1
HUGGINGFACE-7b0eb4b46fc1,51492,פרסום,1,1
HUGGINGFACE-7b0eb4b46fc1,59204,פרסום,1,1
HUGGINGFACE-c4b0032e5458,13217,תקשורת,1,0
HUGGINGFACE-c4b0032e5458,14110,תקשורת,1,0
HUGGINGFACE-c4b0032e5458,14519,תקשורת,1,0
HUGGINGFACE-c4b0032e5458,14656,תקשורת,1,0
HUGGINGFACE-c4b0032e5458,19681,תקשורת,1,0
HUGGINGFACE-c4b0032e5458,28202,תקשורת,1,0
HUGGINGFACE-c4b0032e5458,51249,תקשורת,1,0
HUGGINGFACE-c4b0032e5458,58208,תקשורת,1,0
HUGGINGFACE-c4b0032e5458,63815,תקשורת,1,0
HUGGINGFACE-c4b0032e5458,68355,תקשורת,1,0
HUGGINGFACE-c4b0032e5458,102847,תקשורת,1,1
HUGGINGFACE-c4b0032e5458,113874,תקשורת,1,1
HUGGINGFACE-c4b0032e5458,114130,תקשורת,1,1
HUGGINGFACE-c4b0032e5458,122124,תקשורת,1,1
HUGGINGFACE-c4b0032e5458,129680,תקשורת,1,1
HUGGINGFACE-c4b0032e5458,131506,תקשורת,1,1
HUGGINGFACE-c4b0032e5458,131673,תקשורת,1,1
HUGGINGFACE-c4b0032e5458,150800,תקשורת,1,1
HUGGINGFACE-c4b0032e5458,152888,תקשורת,1,1
HUGGINGFACE-c4b0032e5458,154189,תקשורת,1,1
HUGGINGFACE-c4b0032e5458,158255,תקשורת,1,1
HUGGINGFACE-c4b0032e5458,160571,תקשורת,1,1
HUGGINGFACE-c4b0032e5458,39000,פרסום,1,0
HUGGINGFACE-c4b0032e5458,39825,פרסום,1,0
HUGGINGFACE-c4b0032e5458,40056,פרסום,1,0
HUGGINGFACE-c4b0032e5458,40122,פרסום,1,0
HUGGINGFACE-c4b0032e5458,43405,פרסום,1,0
HUGGINGFACE-c4b0032e5458,43939,פרסום,1,0
HUGGINGFACE-c4b0032e5458,45997,פרסום,1,0
HUGGINGFACE-c4b0032e5458,57162,פרסום,1,0
HUGGINGFACE-c4b0032e5458,60298,פרסום,1,0
HUGGINGFACE-c4b0032e5458,60438,פרסום,1,0
HUGGINGFACE-c4b0032e5458,62798,פרסום,1,0
HUGGINGFACE-c4b0032e5458,62920,פרסום,1,0
HUGGINGFACE-c4b0032e5458,87855,פרסום,1,1
HUGGINGFACE-c4b0032e5458,87961,פרסום,1,1
HUGGINGFACE-c4b0032e5458,88020,פרסום,1,1
HUGGINGFACE-c4b0032e5458,93879,פרסום,1,1
HUGGINGFACE-c4b0032e5458,93936,פרסום,1,1
HUGGINGFACE-c4b0032e5458,96978,פרסום,1,1
HUGGINGFACE-c4b0032e5458,97095,פרסום,1,1
HUGGINGFACE-c4b0032e5458,97434,פרסום,1,1
HUGGINGFACE-c4b0032e5458,99158,פרסום,1,1
HUGGINGFACE-c4b0032e5458,99234,פרסום,1,1
HUGGINGFACE-c4b0032e5458,99313,פרסום,1,1
HUGGINGFACE-c4b0032e5458,105555,פרסום,1,1
HUGGINGFACE-c4b0032e5458,105618,פרסום,1,1
HUGGINGFACE-c4b0032e5458,105884,פרסום,1,1
HUGGINGFACE-c4b0032e5458,105948,פרסום,1,1
HUGGINGFACE-c4b0032e5458,107274,פרסום,1,1
HUGGINGFACE-c4b0032e5458,107338,פרסום,1,1
HUGGINGFACE-c4b0032e5458,128066,פרסום,1,1
HUGGINGFACE-c4b0032e5458,128435,פרסום,1,1
HUGGINGFACE-c4b0032e5458,128654,פרסום,1,1
HUGGINGFACE-c4b0032e5458,128879,פרסום,1,1
HUGGINGFACE-c4b0032e5458,128941,פרסום,1,1
HUGGINGFACE-c4b0032e5458,133321,פרסום,1,1
HUGGINGFACE-c4b0032e5458,137404,פרסום,1,1
HUGGINGFACE-c4b0032e5458,139884,פרסום,1,1
HUGGINGFACE-c4b0032e5458,140011,פרסום,1,1
HUGGINGFACE-c4b0032e5458,142339,פרסום,1,1
HUGGINGFACE-c4b0032e5458,142617,פרסום,1,1
HUGGINGFACE-c4b0032e5458,143047,פרסום,1,1
HUGGINGFACE-c4b0032e5458,155491,פרסום,1,1
HUGGINGFACE-c4b0032e5458,155554,פרסום,1,1
HUGGINGFACE-c4b0032e5458,184802,פרסום,1,1
HUGGINGFACE-c4b0032e5458,184870,פרסום,1,1
HUGGINGFACE-c4b0032e5458,184936,פרסום,1,1
HUGGINGFACE-c4b0032e5458,186155,פרסום,1,1
HUGGINGFACE-c4b0032e5458,187144,פרסום,1,1
HUGGINGFACE-c4b0032e5458,187208,פרסום,1,1
HUGGINGFACE-8fe0569c7339,44793,פרסום,1,1
HUGGINGFACE-8fe0569c7339,47007,פרסום,1,1
HUGGINGFACE-8fe0569c7339,50098,פרסום,1,1
HUGGINGFACE-ba8c1575b41d,6140,עיתונות,0,0
HUGGINGFACE-ba8c1575b41d,6131,פרסום,0,0
HUGGINGFACE-ba8c1575b41d,13922,פרסום,1,0
HUGGINGFACE-ba8c1575b41d,14999,פרסום,1,0
HUGGINGFACE-ba8c1575b41d,17140,פרסום,1,0
HUGGINGFACE-ba8c1575b41d,27894,פרסום,1,1
HUGGINGFACE-ba8c1575b41d,34348,פרסום,1,1
HUGGINGFACE-90ccd18272f2,38192,תקשורת,0,1
HUGGINGFACE-90ccd18272f2,18927,פרסום,1,1
HUGGINGFACE-90ccd18272f2,21336,פרסום,1,1
HUGGINGFACE-90ccd18272f2,27881,פרסום,1,1
HUGGINGFACE-90ccd18272f2,27958,פרסום,1,1
HUGGINGFACE-90ccd18272f2,37704,פרסום,1,1
HUGGINGFACE-90ccd18272f2,41318,פרסום,1,1
HUGGINGFACE-90ccd18272f2,41392,פרסום,1,1
HUGGINGFACE-90ccd18272f2,42095,פרסום,1,1
HUGGINGFACE-90ccd18272f2,42425,פרסום,1,1
HUGGINGFACE-90ccd18272f2,43953,פרסום,1,1
HUGGINGFACE-90ccd18272f2,49811,פרסום,1,1
HUGGINGFACE-90ccd18272f2,50471,פרסום,1,1
HUGGINGFACE-90ccd18272f2,54010,פרסום,1,1
HUGGINGFACE-90ccd18272f2,54822,פרסום,1,1
HUGGINGFACE-90ccd18272f2,57725,פרסום,1,1
HUGGINGFACE-90ccd18272f2,57793,פרסום,1,1
HUGGINGFACE-90ccd18272f2,57854,פרסום,1,1
HUGGINGFACE-90ccd18272f2,58766,פרסום,0,1
HUGGINGFACE-90ccd18272f2,59226,פרסום,1,1
HUGGINGFACE-90ccd18272f2,59400,פרסום,1,1
HUGGINGFACE-90ccd18272f2,59521,פרסום,1,1
HUGGINGFACE-90ccd18272f2,60042,פרסום,1,1
HUGGINGFACE-90ccd18272f2,60959,פרסום,1,1
HUGGINGFACE-90ccd18272f2,61349,פרסום,1,1
HUGGINGFACE-90ccd18272f2,61674,פרסום,1,1
HUGGINGFACE-9c6a41d26f75,18178,פרסום,1,1
HUGGINGFACE-9c6a41d26f75,18235,פרסום,1,1
HUGGINGFACE-9c6a41d26f75,19608,פרסום,1,1
HUGGINGFACE-9c6a41d26f75,19685,פרסום,1,1
HUGGINGFACE-9c6a41d26f75,25543,פרסום,1,1
HUGGINGFACE-9c6a41d26f75,25597,פרסום,1,1
HUGGINGFACE-9c6a41d26f75,25652,פרסום,1,1
HUGGINGFACE-9c6a41d26f75,27173,פרסום,1,1
HUGGINGFACE-9c6a41d26f75,27229,פרסום,1,1
HUGGINGFACE-9c6a41d26f75,29309,פרסום,1,1
HUGGINGFACE-c7c04ba45065,18178,פרסום,1,1
HUGGINGFACE-c7c04ba45065,18235,פרסום,1,1
HUGGINGFACE-c7c04ba45065,19608,פרסום,1,1
HUGGINGFACE-c7c04ba45065,19685,פרסום,1,1
HUGGINGFACE-c7c04ba45065,25543,פרסום,1,1
HUGGINGFACE-c7c04ba45065,25597,פרסום,1,1
HUGGINGFACE-c7c04ba45065,25652,פרסום,1,1
HUGGINGFACE-c7c04ba45065,27173,פרסום,1,1
HUGGINGFACE-c7c04ba45065,27229,פרסום,1,1
HUGGINGFACE-c7c04ba45065,29309,פרסום,1,1
HUGGINGFACE-7e96aca655df,3812,פרסום,1,1
HUGGINGFACE-7e96aca655df,8416,פרסום,1,1
HUGGINGFACE-7e96aca655df,8469,פרסום,1,1
HUGGINGFACE-7e96aca655df,8869,פרסום,1,1
HUGGINGFACE-7e96aca655df,9374,פרסום,1,1
HUGGINGFACE-7e96aca655df,9453,פרסום,1,1
HUGGINGFACE-00ab1bad61ad,8846,תקשורת,0,0
HUGGINGFACE-00ab1bad61ad,13906,תקשורת,1,0
HUGGINGFACE-00ab1bad61ad,89925,תקשורת,1,1
HUGGINGFACE-00ab1bad61ad,49642,חדשות,0,1
HUGGINGFACE-00ab1bad61ad,24439,פרסום,1,1
HUGGINGFACE-00ab1bad61ad,25041,פרסום,1,1
HUGGINGFACE-00ab1bad61ad,31019,פרסום,1,1
HUGGINGFACE-00ab1bad61ad,31956,פרסום,1,1
HUGGINGFACE-00ab1bad61ad,32249,פרסום,1,1
HUGGINGFACE-00ab1bad61ad,32652,פרסום,1,1
HUGGINGFACE-00ab1bad61ad,35385,פרסום,1,1
HUGGINGFACE-00ab1bad61ad,37517,פרסום,1,1
HUGGINGFACE-00ab1bad61ad,44619,פרסום,1,1
HUGGINGFACE-00ab1bad61ad,65055,פרסום,1,1
HUGGINGFACE-00ab1bad61ad,68518,פרסום,1,1
HUGGINGFACE-00ab1bad61ad,68606,פרסום,1,1
HUGGINGFACE-00ab1bad61ad,68692,פרסום,1,1
HUGGINGFACE-00ab1bad61ad,74196,פרסום,1,1
HUGGINGFACE-00ab1bad61ad,77317,פרסום,1,1
HUGGINGFACE-00ab1bad61ad,84570,פרסום,1,1
HUGGINGFACE-00ab1bad61ad,84692,פרסום,1,1
HUGGINGFACE-00ab1bad61ad,91661,פרסום,1,1
HUGGINGFACE-00ab1bad61ad,91745,פרסום,1,1
HUGGINGFACE-00ab1bad61ad,91825,פרסום,1,1
HUGGINGFACE-00ab1bad61ad,91908,פרסום,1,1
HUGGINGFACE-00ab1bad61ad,91964,פרסום,1,1
HUGGINGFACE-00ab1bad61ad,95818,פרסום,1,1
HUGGINGFACE-00ab1bad61ad,96010,פרסום,1,1
HUGGINGFACE-00ab1bad61ad,96940,פרסום,1,1
HUGGINGFACE-00ab1bad61ad,98309,פרסום,1,1
HUGGINGFACE-00ab1bad61ad,99880,פרסום,1,1
HUGGINGFACE-6b7a8d4765b7,5865,פרסום,1,1
HUGGINGFACE-6b7a8d4765b7,5950,פרסום,1,1
HUGGINGFACE-6b7a8d4765b7,6037,פרסום,1,1
HUGGINGFACE-6b7a8d4765b7,7135,פרסום,1,1
HUGGINGFACE-6b7a8d4765b7,12374,פרסום,1,1
HUGGINGFACE-6b7a8d4765b7,14023,פרסום,1,1
HUGGINGFACE-6b7a8d4765b7,14079,פרסום,1,1
HUGGINGFACE-6b7a8d4765b7,15328,פרסום,1,1
HUGGINGFACE-6b7a8d4765b7,15796,פרסום,1,1
HUGGINGFACE-6b7a8d4765b7,15873,פרסום,1,1
HUGGINGFACE-273acdc3c869,9605,פרסום,1,1
HUGGINGFACE-273acdc3c869,9675,פרסום,1,1
HUGGINGFACE-273acdc3c869,9997,פרסום,1,1
HUGGINGFACE-273acdc3c869,12036,פרסום,1,1
HUGGINGFACE-273acdc3c869,12730,פרסום,1,1
HUGGINGFACE-273acdc3c869,14864,פרסום,1,1
HUGGINGFACE-273acdc3c869,14971,פרסום,1,1
HUGGINGFACE-273acdc3c869,15261,פרסום,1,1
HUGGINGFACE-73823124bf3c,7590,פרסום,1,0
HUGGINGFACE-73823124bf3c,7791,פרסום,1,0
HUGGINGFACE-73823124bf3c,8574,פרסום,1,0
HUGGINGFACE-73823124bf3c,15763,פרסום,1,1
HUGGINGFACE-73823124bf3c,15832,פרסום,1,1
HUGGINGFACE-73823124bf3c,16286,פרסום,1,1
HUGGINGFACE-73823124bf3c,17349,פרסום,1,1
HUGGINGFACE-73823124bf3c,17483,פרסום,1,1
HUGGINGFACE-a12bb3039904,5014,פרסום,1,1
HUGGINGFACE-a12bb3039904,6742,פרסום,1,1
HUGGINGFACE-a12bb3039904,9289,פרסום,1,1
HUGGINGFACE-a12bb3039904,10262,פרסום,1,1
HUGGINGFACE-a12bb3039904,10451,פרסום,1,1
HUGGINGFACE-a12bb3039904,11871,פרסום,1,1
HUGGINGFACE-a12bb3039904,12151,פרסום,1,1
HUGGINGFACE-c6b2072f1b4c,11708,פרסום,1,0
HUGGINGFACE-c6b2072f1b4c,14674,פרסום,1,1
HUGGINGFACE-c6b2072f1b4c,18130,פרסום,1,1
HUGGINGFACE-c6b2072f1b4c,25963,פרסום,1,1
HUGGINGFACE-c6b2072f1b4c,26754,פרסום,1,1
HUGGINGFACE-c6b2072f1b4c,28622,פרסום,1,1
HUGGINGFACE-c6b2072f1b4c,29717,פרסום,1,1
HUGGINGFACE-c6b2072f1b4c,33798,פרסום,1,1
HUGGINGFACE-c6b2072f1b4c,36490,פרסום,1,1
HUGGINGFACE-c6b2072f1b4c,37445,פרסום,1,1
HUGGINGFACE-30e7912f973c,1802,פרסום,1,1
HUGGINGFACE-30e7912f973c,2225,פרסום,1,1
HUGGINGFACE-30e7912f973c,2289,פרסום,1,1
HUGGINGFACE-30e7912f973c,2752,פרסום,1,1
HUGGINGFACE-171bacc7d00c,1660,פרסום,1,1
HUGGINGFACE-3a2e3f133fc5,4441,תקשורת,1,0
HUGGINGFACE-3a2e3f133fc5,6803,תקשורת,1,1
HUGGINGFACE-f14f18e6df5c,22673,עיתונות,0,1
HUGGINGFACE-b6a33301b63d,10557,פרסום,0,1
HUGGINGFACE-b6a33301b63d,17292,פרסום,1,1
HUGGINGFACE-b6a33301b63d,17400,פרסום,1,1
HUGGINGFACE-b6a33301b63d,17449,פרסום,1,1
HUGGINGFACE-b6a33301b63d,20116,פרסום,1,1
HUGGINGFACE-b6a33301b63d,21660,פרסום,1,1
HUGGINGFACE-2d76be2fa1a6,3594,פרסום,1,1
HUGGINGFACE-2d76be2fa1a6,3659,פרסום,1,1
HUGGINGFACE-2d76be2fa1a6,3747,פרסום,1,1
HUGGINGFACE-2d76be2fa1a6,7658,פרסום,1,1
HUGGINGFACE-2d76be2fa1a6,9546,פרסום,1,1
HUGGINGFACE-2d76be2fa1a6,10264,פרסום,1,1
HUGGINGFACE-9a62f37349dc,11491,פרסום,1,1
HUGGINGFACE-9a62f37349dc,11548,פרסום,1,1
HUGGINGFACE-9a62f37349dc,11627,פרסום,1,1
HUGGINGFACE-9a62f37349dc,11684,פרסום,1,1
HUGGINGFACE-9a62f37349dc,11842,פרסום,1,1
HUGGINGFACE-9a62f37349dc,25863,פרסום,1,1
HUGGINGFACE-9a62f37349dc,26217,פרסום,1,1
HUGGINGFACE-680e59c0eeec,3896,פרסום,1,1
HUGGINGFACE-d59711ada206,15509,פרסום,1,1
HUGGINGFACE-d59711ada206,16304,פרסום,1,1
HUGGINGFACE-d59711ada206,21935,פרסום,1,1
HUGGINGFACE-2a8fcaf3a65e,14841,פרסום,1,1
HUGGINGFACE-2a8fcaf3a65e,14940,פרסום,1,1
HUGGINGFACE-2a8fcaf3a65e,15035,פרסום,1,1
HUGGINGFACE-2a8fcaf3a65e,18004,פרסום,1,1
HUGGINGFACE-2a8fcaf3a65e,18128,פרסום,1,1
HUGGINGFACE-2a8fcaf3a65e,21550,פרסום,1,1
HUGGINGFACE-2a8fcaf3a65e,24958,פרסום,1,1
HUGGINGFACE-2a8fcaf3a65e,27502,פרסום,1,1
HUGGINGFACE-2a8fcaf3a65e,28363,פרסום,1,1
HUGGINGFACE-2a8fcaf3a65e,46542,פרסום,1,1
HUGGINGFACE-2a8fcaf3a65e,46910,פרסום,1,1
HUGGINGFACE-2a8fcaf3a65e,54116,פרסום,1,1
HUGGINGFACE-2a8fcaf3a65e,55647,פרסום,1,1
HUGGINGFACE-2a8fcaf3a65e,57940,פרסום,1,1
HUGGINGFACE-2a8fcaf3a65e,58058,פרסום,1,1
HUGGINGFACE-2a8fcaf3a65e,58519,פרסום,1,1
HUGGINGFACE-2a8fcaf3a65e,58731,פרסום,1,1
HUGGINGFACE-2a8fcaf3a65e,59354,פרסום,1,1
HUGGINGFACE-2a8fcaf3a65e,61972,פרסום,1,1
HUGGINGFACE-2a8fcaf3a65e,62346,פרסום,1,1
HUGGINGFACE-2a8fcaf3a65e,62487,פרסום,0,1
HUGGINGFACE-a8654325cb85,5162,פרסום,1,1
HUGGINGFACE-a8654325cb85,5371,פרסום,1,1
HUGGINGFACE-a8654325cb85,5596,פרסום,1,1
HUGGINGFACE-aecd1b040b34,4387,פרסום,1,1
HUGGINGFACE-aecd1b040b34,4444,פרסום,1,1
HUGGINGFACE-aecd1b040b34,4501,פרסום,1,1
HUGGINGFACE-aecd1b040b34,5482,פרסום,1,1
HUGGINGFACE-2fdac57da77e,3541,פרסום,1,1
HUGGINGFACE-2fdac57da77e,3598,פרסום,1,1
HUGGINGFACE-2fdac57da77e,3655,פרסום,1,1
HUGGINGFACE-2fdac57da77e,4061,פרסום,1,1
HUGGINGFACE-2fdac57da77e,4304,פרסום,1,1
HUGGINGFACE-2fdac57da77e,4674,פרסום,1,1
HUGGINGFACE-2fdac57da77e,5359,פרסום,1,1
HUGGINGFACE-91ac0bc4940c,12341,פרסום,1,1
HUGGINGFACE-91ac0bc4940c,26019,פרסום,1,1
HUGGINGFACE-91ac0bc4940c,32398,פרסום,1,1
HUGGINGFACE-91ac0bc4940c,34598,פרסום,1,1
HUGGINGFACE-91ac0bc4940c,34685,פרסום,1,1
HUGGINGFACE-91ac0bc4940c,38297,פרסום,1,1
HUGGINGFACE-e754aa1ad220,4630,פרסום,1,1
HUGGINGFACE-e754aa1ad220,4687,פרסום,1,1
HUGGINGFACE-e754aa1ad220,4744,פרסום,1,1
HUGGINGFACE-e754aa1ad220,5791,פרסום,1,1
HUGGINGFACE-e754aa1ad220,6371,פרסום,1,1
HUGGINGFACE-d68190cfe7da,16103,פרסום,1,1
HUGGINGFACE-d68190cfe7da,16653,פרסום,1,1
HUGGINGFACE-d68190cfe7da,32982,פרסום,1,1
HUGGINGFACE-d68190cfe7da,33941,פרסום,1,1
HUGGINGFACE-d68190cfe7da,38369,פרסום,1,1
HUGGINGFACE-1fd94c5360dd,5387,פרסום,1,0
HUGGINGFACE-1fd94c5360dd,6783,פרסום,1,1
HUGGINGFACE-1fd94c5360dd,6853,פרסום,1,1
HUGGINGFACE-1fd94c5360dd,6921,פרסום,1,1
HUGGINGFACE-1fd94c5360dd,7300,פרסום,1,1
HUGGINGFACE-1fd94c5360dd,7607,פרסום,1,1
HUGGINGFACE-d649eba6e433,21364,כתבות,0,1
HUGGINGFACE-d649eba6e433,10819,פרסום,1,1
HUGGINGFACE-d649eba6e433,18984,פרסום,1,1
HUGGINGFACE-d649eba6e433,20716,פרסום,1,1
HUGGINGFACE-d649eba6e433,20902,פרסום,1,1
HUGGINGFACE-d649eba6e433,21593,פרסום,1,1
HUGGINGFACE-d649eba6e433,22437,פרסום,1,1
HUGGINGFACE-d649eba6e433,31084,פרסום,1,1
HUGGINGFACE-d649eba6e433,31247,פרסום,1,1
HUGGINGFACE-d649eba6e433,32433,פרסום,1,1
HUGGINGFACE-d649eba6e433,32759,פרסום,1,1
HUGGINGFACE-d649eba6e433,32818,פרסום,1,1
HUGGINGFACE-d649eba6e433,32979,פרסום,1,1
HUGGINGFACE-d649eba6e433,33036,פרסום,1,1
HUGGINGFACE-d649eba6e433,35120,פרסום,1,1
HUGGINGFACE-d649eba6e433,35177,פרסום,1,1
HUGGINGFACE-d649eba6e433,35233,פרסום,1,1
HUGGINGFACE-d649eba6e433,35754,פרסום,1,1
HUGGINGFACE-d649eba6e433,36111,פרסום,1,1
HUGGINGFACE-d649eba6e433,36739,פרסום,1,1
HUGGINGFACE-d649eba6e433,38363,פרסום,1,1
HUGGINGFACE-d649eba6e433,38884,פרסום,0,1
HUGGINGFACE-97c44c68ae21,185,תקשורת,1,0
HUGGINGFACE-97c44c68ae21,233,תקשורת,1,0
HUGGINGFACE-97c44c68ae21,283,תקשורת,1,0
HUGGINGFACE-97c44c68ae21,886,תקשורת,1,0
HUGGINGFACE-97c44c68ae21,912,תקשורת,1,0
HUGGINGFACE-97c44c68ae21,969,תקשורת,1,0
HUGGINGFACE-97c44c68ae21,7770,תקשורת,1,0
HUGGINGFACE-97c44c68ae21,7862,תקשורת,1,0
HUGGINGFACE-97c44c68ae21,8183,תקשורת,1,0
HUGGINGFACE-97c44c68ae21,8226,תקשורת,1,0
HUGGINGFACE-97c44c68ae21,8790,תקשורת,0,0
HUGGINGFACE-97c44c68ae21,9446,תקשורת,1,0
HUGGINGFACE-97c44c68ae21,10052,תקשורת,1,0
HUGGINGFACE-97c44c68ae21,13383,תקשורת,1,0
HUGGINGFACE-97c44c68ae21,13915,תקשורת,1,0
HUGGINGFACE-97c44c68ae21,16255,תקשורת,1,0
HUGGINGFACE-97c44c68ae21,16343,תקשורת,1,0
HUGGINGFACE-97c44c68ae21,17010,תקשורת,1,0
HUGGINGFACE-97c44c68ae21,19495,תקשורת,1,0
HUGGINGFACE-97c44c68ae21,19687,תקשורת,1,0
HUGGINGFACE-97c44c68ae21,35627,תקשורת,1,0
HUGGINGFACE-97c44c68ae21,43745,תקשורת,1,0
HUGGINGFACE-97c44c68ae21,43822,תקשורת,1,0
HUGGINGFACE-97c44c68ae21,44681,תקשורת,1,0
HUGGINGFACE-97c44c68ae21,45210,תקשורת,1,0
HUGGINGFACE-97c44c68ae21,50408,תקשורת,1,1
HUGGINGFACE-97c44c68ae21,50805,תקשורת,1,1
HUGGINGFACE-97c44c68ae21,50825,תקשורת,1,1
HUGGINGFACE-97c44c68ae21,50901,תקשורת,1,1
HUGGINGFACE-97c44c68ae21,50999,תקשורת,1,1
HUGGINGFACE-97c44c68ae21,51591,תקשורת,1,1
HUGGINGFACE-97c44c68ae21,51686,תקשורת,1,1
HUGGINGFACE-97c44c68ae21,53845,תקשורת,1,1
HUGGINGFACE-97c44c68ae21,54235,תקשורת,1,1
HUGGINGFACE-97c44c68ae21,54350,תקשורת,1,1
HUGGINGFACE-97c44c68ae21,54672,תקשורת,1,1
HUGGINGFACE-97c44c68ae21,54795,תקשורת,1,1
HUGGINGFACE-97c44c68ae21,55143,תקשורת,1,1
HUGGINGFACE-97c44c68ae21,55301,תקשורת,1,1
HUGGINGFACE-97c44c68ae21,55715,תקשורת,1,1
HUGGINGFACE-97c44c68ae21,55753,תקשורת,1,1
HUGGINGFACE-97c44c68ae21,56597,תקשורת,1,1
HUGGINGFACE-97c44c68ae21,57152,תקשורת,1,1
HUGGINGFACE-97c44c68ae21,57263,תקשורת,1,1
HUGGINGFACE-97c44c68ae21,57385,תקשורת,1,1
HUGGINGFACE-97c44c68ae21,57479,תקשורת,1,1
HUGGINGFACE-97c44c68ae21,57493,תקשורת,1,1
HUGGINGFACE-97c44c68ae21,57554,תקשורת,1,1
HUGGINGFACE-97c44c68ae21,57629,תקשורת,1,1
HUGGINGFACE-97c44c68ae21,93782,תקשורת,1,1
HUGGINGFACE-97c44c68ae21,106987,תקשורת,0,1
HUGGINGFACE-97c44c68ae21,147201,תקשורת,1,1
HUGGINGFACE-97c44c68ae21,162984,תקשורת,1,1
HUGGINGFACE-97c44c68ae21,163049,תקשורת,1,1
HUGGINGFACE-97c44c68ae21,163151,תקשורת,1,1
HUGGINGFACE-97c44c68ae21,164001,תקשורת,1,1
HUGGINGFACE-97c44c68ae21,149021,חדשות,0,1
HUGGINGFACE-97c44c68ae21,26381,רדיו,0,0
HUGGINGFACE-97c44c68ae21,468,פרסום,1,0
HUGGINGFACE-97c44c68ae21,26294,פרסום,1,0
HUGGINGFACE-97c44c68ae21,26338,פרסום,1,0
HUGGINGFACE-97c44c68ae21,26424,פרסום,0,0
HUGGINGFACE-97c44c68ae21,26579,פרסום,1,0
HUGGINGFACE-97c44c68ae21,26623,פרסום,1,0
HUGGINGFACE-97c44c68ae21,26659,פרסום,1,0
HUGGINGFACE-97c44c68ae21,26736,פרסום,0,0
HUGGINGFACE-97c44c68ae21,26777,פרסום,0,0
HUGGINGFACE-97c44c68ae21,51154,פרסום,1,1
HUGGINGFACE-97c44c68ae21,51335,פרסום,1,1
HUGGINGFACE-97c44c68ae21,51530,פרסום,1,1
HUGGINGFACE-97c44c68ae21,58258,פרסום,1,1
HUGGINGFACE-97c44c68ae21,58323,פרסום,1,1
HUGGINGFACE-97c44c68ae21,58393,פרסום,1,1
HUGGINGFACE-97c44c68ae21,63490,פרסום,1,1
HUGGINGFACE-97c44c68ae21,64990,פרסום,1,1
HUGGINGFACE-97c44c68ae21,65395,פרסום,1,1
HUGGINGFACE-97c44c68ae21,66011,פרסום,1,1
HUGGINGFACE-97c44c68ae21,76820,פרסום,1,1
HUGGINGFACE-97c44c68ae21,92057,פרסום,1,1
HUGGINGFACE-97c44c68ae21,99120,פרסום,1,1
HUGGINGFACE-97c44c68ae21,99605,פרסום,1,1
HUGGINGFACE-97c44c68ae21,100968,פרסום,1,1
HUGGINGFACE-97c44c68ae21,101028,פרסום,1,1
HUGGINGFACE-97c44c68ae21,101745,פרסום,1,1
HUGGINGFACE-97c44c68ae21,102446,פרסום,1,1
HUGGINGFACE-97c44c68ae21,102626,פרסום,1,1
HUGGINGFACE-97c44c68ae21,102943,פרסום,1,1
HUGGINGFACE-97c44c68ae21,107784,פרסום,1,1
HUGGINGFACE-97c44c68ae21,110530,פרסום,1,1
HUGGINGFACE-97c44c68ae21,121577,פרסום,1,1
HUGGINGFACE-97c44c68ae21,123613,פרסום,1,1
HUGGINGFACE-97c44c68ae21,126362,פרסום,1,1
HUGGINGFACE-97c44c68ae21,134227,פרסום,1,1
HUGGINGFACE-97c44c68ae21,151145,פרסום,1,1
HUGGINGFACE-97c44c68ae21,154695,פרסום,1,1
HUGGINGFACE-97c44c68ae21,154793,פרסום,1,1
HUGGINGFACE-97c44c68ae21,160702,פרסום,1,1
HUGGINGFACE-97c44c68ae21,169379,פרסום,1,1
HUGGINGFACE-ae999ea68878,17108,פרסום,1,1
HUGGINGFACE-ae999ea68878,17588,פרסום,1,1
HUGGINGFACE-ae999ea68878,17666,פרסום,1,1
HUGGINGFACE-ae999ea68878,17722,פרסום,1,1
HUGGINGFACE-ae999ea68878,17841,פרסום,1,1
HUGGINGFACE-ae999ea68878,17896,פרסום,1,1
HUGGINGFACE-ae999ea68878,17956,פרסום,1,1
HUGGINGFACE-ae999ea68878,18223,פרסום,1,1
HUGGINGFACE-ae999ea68878,18946,פרסום,1,1
HUGGINGFACE-ae999ea68878,19009,פרסום,1,1
HUGGINGFACE-ae999ea68878,19299,פרסום,1,1
HUGGINGFACE-ae999ea68878,20714,פרסום,1,1
HUGGINGFACE-ae999ea68878,20785,פרסום,1,1
HUGGINGFACE-ae999ea68878,22732,פרסום,1,1
HUGGINGFACE-ae999ea68878,23137,פרסום,1,1
HUGGINGFACE-ae999ea68878,23201,פרסום,1,1
HUGGINGFACE-ae999ea68878,23262,פרסום,1,1
HUGGINGFACE-ae999ea68878,23559,פרסום,1,1
HUGGINGFACE-ae999ea68878,23964,פרסום,1,1
HUGGINGFACE-ae999ea68878,24833,פרסום,1,1
HUGGINGFACE-ae999ea68878,28335,פרסום,1,1
HUGGINGFACE-ae999ea68878,28399,פרסום,1,1
HUGGINGFACE-ae999ea68878,40485,פרסום,1,1
HUGGINGFACE-ae999ea68878,44583,פרסום,1,1
HUGGINGFACE-ae999ea68878,44640,פרסום,1,1
HUGGINGFACE-ae999ea68878,44696,פרסום,1,1
HUGGINGFACE-ae999ea68878,45114,פרסום,1,1
HUGGINGFACE-ae999ea68878,45476,פרסום,1,1
HUGGINGFACE-ae999ea68878,46003,פרסום,1,1
HUGGINGFACE-ae999ea68878,49133,פרסום,1,1
HUGGINGFACE-ae999ea68878,50370,פרסום,1,1
HUGGINGFACE-497264861412,52701,תקשורת,0,1
HUGGINGFACE-497264861412,50769,פרסום,1,1
HUGGINGFACE-497264861412,50876,פרסום,1,1
HUGGINGFACE-1f567446e73b,17065,תקשורת,1,0
HUGGINGFACE-1f567446e73b,2824,פרסום,0,0
HUGGINGFACE-1f567446e73b,16149,פרסום,0,0
HUGGINGFACE-1f567446e73b,16419,פרסום,1,0
HUGGINGFACE-1f567446e73b,16577,פרסום,1,0
HUGGINGFACE-1f567446e73b,16742,פרסום,0,0
HUGGINGFACE-1f567446e73b,19388,פרסום,0,0
HUGGINGFACE-1f567446e73b,19469,פרסום,0,0
HUGGINGFACE-1f567446e73b,27625,פרסום,1,1
HUGGINGFACE-1f567446e73b,42650,פרסום,1,1
HUGGINGFACE-1f567446e73b,43158,פרסום,1,1
HUGGINGFACE-1f567446e73b,43389,פרסום,1,1
HUGGINGFACE-1f567446e73b,43455,פרסום,1,1
HUGGINGFACE-1f567446e73b,43871,פרסום,1,1
HUGGINGFACE-1f567446e73b,44213,פרסום,1,1
HUGGINGFACE-1f567446e73b,44270,פרסום,1,1
HUGGINGFACE-1f567446e73b,47233,פרסום,1,1
HUGGINGFACE-1f567446e73b,48720,פרסום,1,1
HUGGINGFACE-1f567446e73b,49213,פרסום,1,1
HUGGINGFACE-80e678d4cccb,1593,פרסום,1,1
HUGGINGFACE-80e678d4cccb,6433,פרסום,1,1
HUGGINGFACE-80e678d4cccb,8531,פרסום,1,1
HUGGINGFACE-80e678d4cccb,8584,פרסום,1,1
HUGGINGFACE-80e678d4cccb,13395,פרסום,1,1
HUGGINGFACE-80e678d4cccb,13639,פרסום,1,1
HUGGINGFACE-80e678d4cccb,15831,פרסום,1,1
HUGGINGFACE-80e678d4cccb,16275,פרסום,1,1
HUGGINGFACE-80e678d4cccb,16674,פרסום,1,1
HUGGINGFACE-80e678d4cccb,16718,פרסום,1,1
HUGGINGFACE-92711143bcdc,10205,פרסום,1,0
HUGGINGFACE-92711143bcdc,11915,פרסום,1,1
HUGGINGFACE-92711143bcdc,12308,פרסום,1,1
HUGGINGFACE-92711143bcdc,12373,פרסום,1,1
HUGGINGFACE-92711143bcdc,12443,פרסום,1,1
HUGGINGFACE-92711143bcdc,13722,פרסום,1,1
HUGGINGFACE-92711143bcdc,22064,פרסום,1,1
HUGGINGFACE-92711143bcdc,24494,פרסום,1,1
HUGGINGFACE-deb1b58b307a,26902,פרסום,1,1
HUGGINGFACE-deb1b58b307a,26973,פרסום,1,1
HUGGINGFACE-deb1b58b307a,27399,פרסום,1,1
HUGGINGFACE-85c9bfe33955,3349,חדשות,0,0
HUGGINGFACE-85c9bfe33955,9178,פרסום,1,1
HUGGINGFACE-85c9bfe33955,10113,פרסום,1,1
HUGGINGFACE-85c9bfe33955,17146,פרסום,1,1
HUGGINGFACE-42a1d1735b30,13108,פרסום,1,1
HUGGINGFACE-42a1d1735b30,13163,פרסום,1,1
HUGGINGFACE-42a1d1735b30,13221,פרסום,1,1
HUGGINGFACE-42a1d1735b30,13592,פרסום,1,1
HUGGINGFACE-42a1d1735b30,13650,פרסום,1,1
HUGGINGFACE-42a1d1735b30,13784,פרסום,1,1
HUGGINGFACE-42a1d1735b30,13841,פרסום,1,1
HUGGINGFACE-42a1d1735b30,14008,פרסום,1,1
HUGGINGFACE-42a1d1735b30,14065,פרסום,1,1
HUGGINGFACE-42a1d1735b30,24584,פרסום,1,1
HUGGINGFACE-42a1d1735b30,25058,פרסום,1,1
HUGGINGFACE-42a1d1735b30,25120,פרסום,1,1
HUGGINGFACE-42a1d1735b30,25773,פרסום,1,1
HUGGINGFACE-42a1d1735b30,27741,פרסום,1,1
HUGGINGFACE-42a1d1735b30,28323,פרסום,1,1
HUGGINGFACE-42a1d1735b30,29152,פרסום,1,1
HUGGINGFACE-42a1d1735b30,29612,פרסום,1,1
HUGGINGFACE-42a1d1735b30,30253,פרסום,1,1
HUGGINGFACE-42a1d1735b30,30308,פרסום,1,1
HUGGINGFACE-42a1d1735b30,30362,פרסום,1,1
HUGGINGFACE-42a1d1735b30,30420,פרסום,1,1
HUGGINGFACE-42a1d1735b30,32028,פרסום,1,1
HUGGINGFACE-42a1d1735b30,32086,פרסום,1,1
HUGGINGFACE-42a1d1735b30,33173,פרסום,1,1
HUGGINGFACE-42a1d1735b30,35132,פרסום,1,1
HUGGINGFACE-42a1d1735b30,38282,פרסום,1,1
HUGGINGFACE-42a1d1735b30,38353,פרסום,1,1
HUGGINGFACE-42a1d1735b30,39123,פרסום,1,1
HUGGINGFACE-3878b98c91ad,10917,פרסום,1,1
HUGGINGFACE-3878b98c91ad,10991,פרסום,1,1
HUGGINGFACE-3878b98c91ad,13302,פרסום,1,1
HUGGINGFACE-3878b98c91ad,15379,פרסום,1,1
HUGGINGFACE-3878b98c91ad,16077,פרסום,1,1
HUGGINGFACE-3878b98c91ad,17109,פרסום,1,1
HUGGINGFACE-3878b98c91ad,17849,פרסום,1,1
HUGGINGFACE-3878b98c91ad,26960,פרסום,1,1
HUGGINGFACE-3878b98c91ad,27015,פרסום,1,1
HUGGINGFACE-3878b98c91ad,27073,פרסום,1,1
HUGGINGFACE-3878b98c91ad,28309,פרסום,1,1
HUGGINGFACE-d58a7bbab08b,9446,פרסום,1,1
HUGGINGFACE-d58a7bbab08b,9510,פרסום,1,1
HUGGINGFACE-d58a7bbab08b,9809,פרסום,1,1
HUGGINGFACE-df8306e252ab,4061,פרסום,1,1
HUGGINGFACE-df8306e252ab,6509,פרסום,1,1
HUGGINGFACE-df8306e252ab,7603,פרסום,1,1
HUGGINGFACE-df8306e252ab,7812,פרסום,1,1
HUGGINGFACE-df8306e252ab,8068,פרסום,1,1
HUGGINGFACE-df8306e252ab,8426,פרסום,1,1
HUGGINGFACE-df8306e252ab,8817,פרסום,1,1
HUGGINGFACE-df8306e252ab,8974,פרסום,1,1
HUGGINGFACE-df8306e252ab,9029,פרסום,1,1
HUGGINGFACE-df8306e252ab,9087,פרסום,1,1
HUGGINGFACE-df8306e252ab,9154,פרסום,1,1
HUGGINGFACE-df8306e252ab,9583,פרסום,1,1
HUGGINGFACE-df8306e252ab,10007,פרסום,1,1
HUGGINGFACE-d4e0c2ce9af3,58642,טלוויזיה,0,1
HUGGINGFACE-d4e0c2ce9af3,85010,פרסום,1,1
HUGGINGFACE-d4e0c2ce9af3,85996,פרסום,1,1
HUGGINGFACE-d4e0c2ce9af3,86183,פרסום,1,1
HUGGINGFACE-d4e0c2ce9af3,86269,פרסום,1,1
HUGGINGFACE-d4e0c2ce9af3,88008,פרסום,0,1
HUGGINGFACE-d4e0c2ce9af3,93827,פרסום,1,1
HUGGINGFACE-d4e0c2ce9af3,94083,פרסום,1,1
HUGGINGFACE-d4e0c2ce9af3,97439,פרסום,1,1
HUGGINGFACE-d4e0c2ce9af3,97698,פרסום,1,1
HUGGINGFACE-d4e0c2ce9af3,97980,פרסום,1,1
HUGGINGFACE-d4e0c2ce9af3,100696,פרסום,1,1
HUGGINGFACE-d4e0c2ce9af3,101131,פרסום,1,1
HUGGINGFACE-d4e0c2ce9af3,106932,פרסום,1,1
HUGGINGFACE-d4e0c2ce9af3,107155,פרסום,1,1
HUGGINGFACE-408a64961536,2968,פרסום,1,1
HUGGINGFACE-408a64961536,3316,פרסום,1,1
HUGGINGFACE-408a64961536,3386,פרסום,1,1
HUGGINGFACE-408a64961536,3450,פרסום,1,1
HUGGINGFACE-408a64961536,3516,פרסום,1,1
HUGGINGFACE-84657f87d3b0,5027,פרסום,1,1
HUGGINGFACE-fcc7634808b7,21191,פרסום,1,0
HUGGINGFACE-fcc7634808b7,22288,פרסום,1,0
HUGGINGFACE-fcc7634808b7,34244,פרסום,1,1
HUGGINGFACE-fcc7634808b7,37363,פרסום,1,1
HUGGINGFACE-fcc7634808b7,37886,פרסום,1,1
HUGGINGFACE-fcc7634808b7,37940,פרסום,1,1
HUGGINGFACE-fcc7634808b7,38000,פרסום,1,1
HUGGINGFACE-fcc7634808b7,38311,פרסום,1,1
HUGGINGFACE-fcc7634808b7,38393,פרסום,1,1
HUGGINGFACE-fcc7634808b7,38490,פרסום,1,1
HUGGINGFACE-fcc7634808b7,38675,פרסום,1,1
HUGGINGFACE-fcc7634808b7,40249,פרסום,1,1
HUGGINGFACE-fcc7634808b7,40802,פרסום,1,1
HUGGINGFACE-fcc7634808b7,41014,פרסום,1,1
HUGGINGFACE-fcc7634808b7,41261,פרסום,1,1
HUGGINGFACE-fcc7634808b7,41820,פרסום,1,1
HUGGINGFACE-fcc7634808b7,43648,פרסום,1,1
HUGGINGFACE-fcc7634808b7,59814,פרסום,1,1
HUGGINGFACE-fcc7634808b7,59947,פרסום,1,1
HUGGINGFACE-fcc7634808b7,60354,פרסום,1,1
HUGGINGFACE-0f0b5ed95038,4510,תקשורת,1,0
HUGGINGFACE-0f0b5ed95038,18674,פרסום,1,1
HUGGINGFACE-0f0b5ed95038,18852,פרסום,1,1
HUGGINGFACE-0f0b5ed95038,20102,פרסום,1,1
HUGGINGFACE-0f0b5ed95038,20724,פרסום,1,1
HUGGINGFACE-0f0b5ed95038,21843,פרסום,1,1
HUGGINGFACE-0f0b5ed95038,21956,פרסום,1,1
HUGGINGFACE-0f0b5ed95038,35409,פרסום,1,1
HUGGINGFACE-0f0b5ed95038,37909,פרסום,1,1
HUGGINGFACE-0f0b5ed95038,38015,פרסום,1,1
HUGGINGFACE-0f0b5ed95038,38680,פרסום,1,1
HUGGINGFACE-0f0b5ed95038,38861,פרסום,1,1
HUGGINGFACE-0f0b5ed95038,43481,פרסום,1,1
HUGGINGFACE-0f0b5ed95038,46740,פרסום,1,1
HUGGINGFACE-0f0b5ed95038,47849,פרסום,1,1
HUGGINGFACE-0f0b5ed95038,48735,פרסום,1,1
HUGGINGFACE-0f0b5ed95038,48847,פרסום,1,1
HUGGINGFACE-0f0b5ed95038,55961,פרסום,1,1
HUGGINGFACE-0f0b5ed95038,57930,פרסום,1,1
HUGGINGFACE-0f0b5ed95038,57988,פרסום,1,1
HUGGINGFACE-0f0b5ed95038,58252,פרסום,1,1
HUGGINGFACE-0f0b5ed95038,59577,פרסום,1,1
HUGGINGFACE-0f0b5ed95038,60214,פרסום,1,1
HUGGINGFACE-0f0b5ed95038,60530,פרסום,1,1
HUGGINGFACE-0f0b5ed95038,60727,פרסום,1,1
HUGGINGFACE-0f0b5ed95038,64695,פרסום,1,1
HUGGINGFACE-0f0b5ed95038,65037,פרסום,1,1
HUGGINGFACE-0f0b5ed95038,65093,פרסום,1,1
HUGGINGFACE-0f0b5ed95038,65152,פרסום,1,1
HUGGINGFACE-0f0b5ed95038,65741,פרסום,1,1
HUGGINGFACE-0f0b5ed95038,65798,פרסום,1,1
HUGGINGFACE-da61f822abad,41721,תקשורת,1,1
HUGGINGFACE-da61f822abad,11499,פרסום,1,1
HUGGINGFACE-da61f822abad,14526,פרסום,1,1
HUGGINGFACE-da61f822abad,14586,פרסום,1,1
HUGGINGFACE-da61f822abad,16011,פרסום,1,1
HUGGINGFACE-da61f822abad,16833,פרסום,1,1
HUGGINGFACE-da61f822abad,17473,פרסום,1,1
HUGGINGFACE-da61f822abad,17543,פרסום,1,1
HUGGINGFACE-da61f822abad,17613,פרסום,1,1
HUGGINGFACE-da61f822abad,17674,פרסום,1,1
HUGGINGFACE-da61f822abad,17727,פרסום,1,1
HUGGINGFACE-da61f822abad,17820,פרסום,1,1
HUGGINGFACE-da61f822abad,20636,פרסום,1,1
HUGGINGFACE-97fdcec0b7a1,3689,פרסום,1,1
HUGGINGFACE-caed7ce3c636,11494,פרסום,1,1
HUGGINGFACE-caed7ce3c636,13052,פרסום,1,1
HUGGINGFACE-caed7ce3c636,15707,פרסום,1,1
HUGGINGFACE-caed7ce3c636,17206,פרסום,1,1
HUGGINGFACE-084fbf73bd39,11834,פרסום,1,1
HUGGINGFACE-084fbf73bd39,12045,פרסום,1,1
HUGGINGFACE-084fbf73bd39,12110,פרסום,1,1
HUGGINGFACE-084fbf73bd39,12176,פרסום,1,1
HUGGINGFACE-084fbf73bd39,14089,פרסום,1,1
HUGGINGFACE-084fbf73bd39,17065,פרסום,1,1
HUGGINGFACE-be885b99cdc4,29459,פרסום,1,1
HUGGINGFACE-be885b99cdc4,30044,פרסום,1,1
HUGGINGFACE-be885b99cdc4,30103,פרסום,1,1
HUGGINGFACE-be885b99cdc4,30159,פרסום,1,1
HUGGINGFACE-be885b99cdc4,30216,פרסום,1,1
HUGGINGFACE-be885b99cdc4,30348,פרסום,1,1
HUGGINGFACE-be885b99cdc4,36287,פרסום,1,1
HUGGINGFACE-be885b99cdc4,37353,פרסום,1,1
HUGGINGFACE-be885b99cdc4,37705,פרסום,1,1
HUGGINGFACE-be885b99cdc4,37761,פרסום,1,1
HUGGINGFACE-be885b99cdc4,38547,פרסום,1,1
HUGGINGFACE-be885b99cdc4,38606,פרסום,1,1
HUGGINGFACE-be885b99cdc4,39665,פרסום,1,1
HUGGINGFACE-be885b99cdc4,40395,פרסום,1,1
HUGGINGFACE-be885b99cdc4,40790,פרסום,1,1
HUGGINGFACE-be885b99cdc4,40847,פרסום,1,1
HUGGINGFACE-be885b99cdc4,40902,פרסום,1,1
HUGGINGFACE-be885b99cdc4,40958,פרסום,1,1
HUGGINGFACE-be885b99cdc4,44285,פרסום,1,1
HUGGINGFACE-be885b99cdc4,44359,פרסום,1,1
HUGGINGFACE-be885b99cdc4,45943,פרסום,1,1
HUGGINGFACE-be885b99cdc4,46574,פרסום,1,1
HUGGINGFACE-be885b99cdc4,46628,פרסום,1,1
HUGGINGFACE-be885b99cdc4,47825,פרסום,1,1
HUGGINGFACE-be885b99cdc4,49780,פרסום,1,1
HUGGINGFACE-be885b99cdc4,50162,פרסום,1,1
HUGGINGFACE-be885b99cdc4,50217,פרסום,1,1
HUGGINGFACE-be885b99cdc4,50275,פרסום,1,1
HUGGINGFACE-be885b99cdc4,50901,פרסום,1,1
HUGGINGFACE-be885b99cdc4,51228,פרסום,1,1
HUGGINGFACE-be885b99cdc4,51655,פרסום,1,1
HUGGINGFACE-be885b99cdc4,52463,פרסום,1,1
HUGGINGFACE-be885b99cdc4,52517,פרסום,1,1
HUGGINGFACE-68561d2c1001,2828,פרסום,1,0
HUGGINGFACE-68561d2c1001,3213,פרסום,1,0
HUGGINGFACE-68561d2c1001,11228,פרסום,1,1
HUGGINGFACE-68561d2c1001,11550,פרסום,1,1
HUGGINGFACE-68561d2c1001,18469,פרסום,1,1
HUGGINGFACE-68561d2c1001,21900,פרסום,1,1
HUGGINGFACE-68561d2c1001,22984,פרסום,1,1
HUGGINGFACE-68561d2c1001,36250,פרסום,1,1
HUGGINGFACE-68561d2c1001,37167,פרסום,1,1
HUGGINGFACE-68561d2c1001,37297,פרסום,1,1
HUGGINGFACE-68561d2c1001,38734,פרסום,1,1
HUGGINGFACE-68561d2c1001,42410,פרסום,1,1
HUGGINGFACE-ad670f569e96,3832,פרסום,1,1
HUGGINGFACE-19a9eb2d4539,4570,פרסום,1,0
HUGGINGFACE-19a9eb2d4539,13143,פרסום,1,1
HUGGINGFACE-19a9eb2d4539,19811,פרסום,1,1
HUGGINGFACE-19a9eb2d4539,25666,פרסום,1,1
HUGGINGFACE-794428b4b6e0,6386,פרסום,1,1
HUGGINGFACE-794428b4b6e0,7243,פרסום,1,1
HUGGINGFACE-794428b4b6e0,7299,פרסום,1,1
HUGGINGFACE-794428b4b6e0,7354,פרסום,1,1
HUGGINGFACE-794428b4b6e0,7408,פרסום,1,1
HUGGINGFACE-8250571b69a0,24805,תקשורת,0,1
HUGGINGFACE-8250571b69a0,17871,פרסום,1,1
HUGGINGFACE-8250571b69a0,33476,פרסום,1,1
HUGGINGFACE-8250571b69a0,33542,פרסום,1,1
HUGGINGFACE-8250571b69a0,33888,פרסום,1,1
HUGGINGFACE-8250571b69a0,34267,פרסום,1,1
HUGGINGFACE-fbb80e8aa6ec,13893,תקשורת,1,0
HUGGINGFACE-0e798a715c64,12896,תקשורת,1,0
HUGGINGFACE-0e798a715c64,21534,תקשורת,1,0
HUGGINGFACE-0e798a715c64,24313,תקשורת,1,0
HUGGINGFACE-0e798a715c64,32021,תקשורת,0,0
HUGGINGFACE-0e798a715c64,70563,תקשורת,1,1
HUGGINGFACE-0e798a715c64,70641,תקשורת,1,1
HUGGINGFACE-0e798a715c64,71134,תקשורת,1,1
HUGGINGFACE-0e798a715c64,77237,תקשורת,1,1
HUGGINGFACE-0e798a715c64,78268,תקשורת,1,1
HUGGINGFACE-0e798a715c64,82600,תקשורת,0,1
HUGGINGFACE-0e798a715c64,93204,תקשורת,1,1
HUGGINGFACE-0e798a715c64,123211,פרסום,1,1
HUGGINGFACE-4f81de02ef51,12892,תקשורת,1,0
HUGGINGFACE-4f81de02ef51,21530,תקשורת,1,0
HUGGINGFACE-4f81de02ef51,24309,תקשורת,1,0
HUGGINGFACE-4f81de02ef51,32017,תקשורת,0,0
HUGGINGFACE-4f81de02ef51,70555,תקשורת,1,1
HUGGINGFACE-4f81de02ef51,70633,תקשורת,1,1
HUGGINGFACE-4f81de02ef51,71126,תקשורת,1,1
HUGGINGFACE-4f81de02ef51,77229,תקשורת,1,1
HUGGINGFACE-4f81de02ef51,78260,תקשורת,1,1
HUGGINGFACE-4f81de02ef51,82592,תקשורת,0,1
HUGGINGFACE-4f81de02ef51,93196,תקשורת,1,1
HUGGINGFACE-4f81de02ef51,123203,פרסום,1,1
HUGGINGFACE-922189ffb887,8111,תקשורת,0,1
HUGGINGFACE-922189ffb887,33451,תקשורת,0,1
HUGGINGFACE-922189ffb887,2128,עיתונות,0,0
HUGGINGFACE-922189ffb887,6127,חדשות,0,1
HUGGINGFACE-922189ffb887,2085,טלוויזיה,0,0
HUGGINGFACE-922189ffb887,33321,טלוויזיה,0,1
HUGGINGFACE-c74a3791132c,8940,טלוויזיה,0,0
HUGGINGFACE-53998ac33c66,3429,תקשורת,1,0
HUGGINGFACE-53998ac33c66,4512,תקשורת,1,0
HUGGINGFACE-53998ac33c66,21914,תקשורת,1,1
HUGGINGFACE-53998ac33c66,22883,תקשורת,1,1
HUGGINGFACE-53998ac33c66,23043,תקשורת,1,1
HUGGINGFACE-53998ac33c66,28855,תקשורת,1,1
HUGGINGFACE-53998ac33c66,28980,תקשורת,1,1
HUGGINGFACE-53998ac33c66,32525,תקשורת,1,1
HUGGINGFACE-53998ac33c66,33164,תקשורת,0,1
HUGGINGFACE-53998ac33c66,33340,תקשורת,1,1
HUGGINGFACE-53998ac33c66,34181,תקשורת,1,1
HUGGINGFACE-257da275fa5a,47925,תקשורת,1,1
HUGGINGFACE-257da275fa5a,47975,תקשורת,0,1
HUGGINGFACE-257da275fa5a,2008,פרסום,1,1
HUGGINGFACE-257da275fa5a,30609,פרסום,1,1
HUGGINGFACE-257da275fa5a,31552,פרסום,1,1
HUGGINGFACE-257da275fa5a,31733,פרסום,1,1
HUGGINGFACE-257da275fa5a,32125,פרסום,1,1
HUGGINGFACE-257da275fa5a,35599,פרסום,1,1
HUGGINGFACE-257da275fa5a,37663,פרסום,1,1
HUGGINGFACE-257da275fa5a,40680,פרסום,1,1
HUGGINGFACE-257da275fa5a,40841,פרסום,1,1
HUGGINGFACE-257da275fa5a,42061,פרסום,1,1
HUGGINGFACE-257da275fa5a,42139,פרסום,1,1
HUGGINGFACE-257da275fa5a,54307,פרסום,1,1
HUGGINGFACE-257da275fa5a,54546,פרסום,1,1
HUGGINGFACE-257da275fa5a,99489,פרסום,1,1
HUGGINGFACE-257da275fa5a,103019,פרסום,1,1
HUGGINGFACE-257da275fa5a,105243,פרסום,1,1
HUGGINGFACE-257da275fa5a,112718,פרסום,1,1
HUGGINGFACE-257da275fa5a,145018,פרסום,1,1
HUGGINGFACE-257da275fa5a,156021,פרסום,1,1
HUGGINGFACE-257da275fa5a,177620,פרסום,1,1
HUGGINGFACE-257da275fa5a,177716,פרסום,1,1
HUGGINGFACE-257da275fa5a,178319,פרסום,1,1
HUGGINGFACE-257da275fa5a,187969,פרסום,1,1
HUGGINGFACE-257da275fa5a,193676,פרסום,1,1
HUGGINGFACE-257da275fa5a,194374,פרסום,1,1
HUGGINGFACE-257da275fa5a,200618,פרסום,1,1
HUGGINGFACE-257da275fa5a,202210,פרסום,1,1
HUGGINGFACE-257da275fa5a,204402,פרסום,1,1
HUGGINGFACE-257da275fa5a,206202,פרסום,1,1
HUGGINGFACE-257da275fa5a,206731,פרסום,1,1
HUGGINGFACE-257da275fa5a,210313,פרסום,1,1
HUGGINGFACE-257da275fa5a,210406,פרסום,1,1
HUGGINGFACE-257da275fa5a,211975,פרסום,1,1
HUGGINGFACE-257da275fa5a,213648,פרסום,1,1
HUGGINGFACE-648fb82488dd,47925,תקשורת,1,1
HUGGINGFACE-648fb82488dd,47975,תקשורת,0,1
HUGGINGFACE-648fb82488dd,2008,פרסום,1,1
HUGGINGFACE-648fb82488dd,30609,פרסום,1,1
HUGGINGFACE-648fb82488dd,31552,פרסום,1,1
HUGGINGFACE-648fb82488dd,31733,פרסום,1,1
HUGGINGFACE-648fb82488dd,32125,פרסום,1,1
HUGGINGFACE-648fb82488dd,35599,פרסום,1,1
HUGGINGFACE-648fb82488dd,37663,פרסום,1,1
HUGGINGFACE-648fb82488dd,40680,פרסום,1,1
HUGGINGFACE-648fb82488dd,40841,פרסום,1,1
HUGGINGFACE-648fb82488dd,42061,פרסום,1,1
HUGGINGFACE-648fb82488dd,42139,פרסום,1,1
HUGGINGFACE-648fb82488dd,54307,פרסום,1,1
HUGGINGFACE-648fb82488dd,54546,פרסום,1,1
HUGGINGFACE-648fb82488dd,99484,פרסום,1,1
HUGGINGFACE-648fb82488dd,103014,פרסום,1,1
HUGGINGFACE-648fb82488dd,105234,פרסום,1,1
HUGGINGFACE-648fb82488dd,112707,פרסום,1,1
HUGGINGFACE-648fb82488dd,144996,פרסום,1,1
HUGGINGFACE-648fb82488dd,155999,פרסום,1,1
HUGGINGFACE-648fb82488dd,177595,פרסום,1,1
HUGGINGFACE-648fb82488dd,177691,פרסום,1,1
HUGGINGFACE-648fb82488dd,178294,פרסום,1,1
HUGGINGFACE-648fb82488dd,187944,פרסום,1,1
HUGGINGFACE-648fb82488dd,193650,פרסום,1,1
HUGGINGFACE-648fb82488dd,194348,פרסום,1,1
HUGGINGFACE-648fb82488dd,200592,פרסום,1,1
HUGGINGFACE-648fb82488dd,202183,פרסום,1,1
HUGGINGFACE-648fb82488dd,204375,פרסום,1,1
HUGGINGFACE-648fb82488dd,206174,פרסום,1,1
HUGGINGFACE-648fb82488dd,206703,פרסום,1,1
HUGGINGFACE-648fb82488dd,210284,פרסום,1,1
HUGGINGFACE-648fb82488dd,210377,פרסום,1,1
HUGGINGFACE-648fb82488dd,211945,פרסום,1,1
HUGGINGFACE-648fb82488dd,213618,פרסום,1,1
HUGGINGFACE-c55ace11c5e8,2592,רדיו,0,1
HUGGINGFACE-b087bad42aa9,47253,רדיו,0,1
HUGGINGFACE-b087bad42aa9,59504,פרסום,1,1
HUGGINGFACE-b087bad42aa9,59561,פרסום,1,1
HUGGINGFACE-fdf8bb131075,15367,פרסום,1,1
HUGGINGFACE-080535609159,28155,תקשורת,0,0
HUGGINGFACE-080535609159,6657,ראיון,0,0
HUGGINGFACE-080535609159,6864,ראיון,0,0
HUGGINGFACE-080535609159,7062,ראיון,0,0
HUGGINGFACE-080535609159,7148,ראיון,0,0
HUGGINGFACE-080535609159,7264,ראיון,0,0
HUGGINGFACE-080535609159,7369,ראיון,0,0
HUGGINGFACE-080535609159,7642,ראיון,0,0
HUGGINGFACE-080535609159,23160,ראיון,0,0
HUGGINGFACE-080535609159,27739,ראיון,0,0
HUGGINGFACE-080535609159,33188,ראיון,0,0
HUGGINGFACE-080535609159,38716,ראיון,0,0
HUGGINGFACE-080535609159,40268,ראיון,0,0
HUGGINGFACE-080535609159,44597,ראיון,0,1
HUGGINGFACE-080535609159,50391,ראיון,0,1
HUGGINGFACE-080535609159,63045,ראיון,0,1
HUGGINGFACE-080535609159,71576,ראיון,0,1
HUGGINGFACE-080535609159,71756,ראיון,0,1
HUGGINGFACE-080535609159,73027,ראיון,0,1
HUGGINGFACE-080535609159,73170,ראיון,0,1
HUGGINGFACE-080535609159,81289,ראיון,0,1
HUGGINGFACE-080535609159,28170,פרסום,0,0
HUGGINGFACE-2881a0e73a1c,9887,תקשורת,0,1
HUGGINGFACE-2881a0e73a1c,10119,תקשורת,0,1
HUGGINGFACE-568ed638c69d,8608,תקשורת,1,0
HUGGINGFACE-568ed638c69d,8628,תקשורת,1,0
HUGGINGFACE-568ed638c69d,8808,תקשורת,1,0
HUGGINGFACE-568ed638c69d,28555,תקשורת,1,0
HUGGINGFACE-568ed638c69d,55815,תקשורת,1,1
HUGGINGFACE-568ed638c69d,57001,תקשורת,1,1
HUGGINGFACE-f71ee8953507,2150,ראיון,0,0
HUGGINGFACE-d81503c9404e,23964,תקשורת,1,1
HUGGINGFACE-d81503c9404e,33952,תקשורת,0,1
HUGGINGFACE-d81503c9404e,34699,תקשורת,0,1
HUGGINGFACE-d81503c9404e,40775,תקשורת,1,1
HUGGINGFACE-d81503c9404e,41332,תקשורת,1,1
HUGGINGFACE-d81503c9404e,81848,תקשורת,1,1
HUGGINGFACE-d81503c9404e,87755,תקשורת,0,1
HUGGINGFACE-d81503c9404e,87911,תקשורת,0,1
HUGGINGFACE-d81503c9404e,115563,תקשורת,0,1
HUGGINGFACE-d81503c9404e,120615,תקשורת,0,1
HUGGINGFACE-d81503c9404e,124664,תקשורת,0,1
HUGGINGFACE-d81503c9404e,123812,חדשות,0,1
HUGGINGFACE-d81503c9404e,124385,חדשות,0,1
HUGGINGFACE-d81503c9404e,33938,פרסום,0,1
HUGGINGFACE-d81503c9404e,87748,פרסום,0,1
HUGGINGFACE-d81503c9404e,88046,פרסום,1,1
HUGGINGFACE-d81503c9404e,115549,פרסום,0,1
HUGGINGFACE-0944e472bb9c,4463,עיתונות,0,1
HUGGINGFACE-0944e472bb9c,4456,כתבות,0,1
HUGGINGFACE-0944e472bb9c,8385,פרסום,1,1
HUGGINGFACE-0944e472bb9c,10225,פרסום,1,1
HUGGINGFACE-0944e472bb9c,10944,פרסום,1,1
HUGGINGFACE-53cef6c5e26e,17769,תקשורת,1,0
HUGGINGFACE-53cef6c5e26e,17855,תקשורת,1,0
HUGGINGFACE-53cef6c5e26e,18972,תקשורת,1,0
HUGGINGFACE-53cef6c5e26e,57130,תקשורת,1,1
HUGGINGFACE-53cef6c5e26e,59914,תקשורת,1,1
HUGGINGFACE-53cef6c5e26e,131255,תקשורת,1,1
HUGGINGFACE-53cef6c5e26e,147391,פרסום,1,1
HUGGINGFACE-ef576b774c22,10132,פרסום,0,1
HUGGINGFACE-ef576b774c22,10928,פרסום,0,1
HUGGINGFACE-ef576b774c22,26261,פרסום,0,1
HUGGINGFACE-ef576b774c22,55307,פרסום,0,1
HUGGINGFACE-ca0f44176702,21292,פרסום,1,1
HUGGINGFACE-e43a24160e9c,27644,פרסום,0,1
HUGGINGFACE-e43a24160e9c,30807,פרסום,0,1
HUGGINGFACE-67e3ba002d76,1717,חדשות,0,0
HUGGINGFACE-2ae13d59f76d,8107,פרסום,1,1
HUGGINGFACE-2ae13d59f76d,15035,פרסום,0,1
HUGGINGFACE-7ebefe19a0e7,66836,כתבות,0,1
HUGGINGFACE-7ebefe19a0e7,14731,פרסום,0,1
HUGGINGFACE-7ebefe19a0e7,52164,פרסום,1,1
HUGGINGFACE-7ebefe19a0e7,71328,פרסום,1,1
HUGGINGFACE-7ebefe19a0e7,74990,פרסום,1,1
HUGGINGFACE-7ebefe19a0e7,80410,פרסום,1,1
HUGGINGFACE-7ebefe19a0e7,96936,פרסום,1,1
HUGGINGFACE-6c9df8f5ef7b,16334,תקשורת,0,0
HUGGINGFACE-6c9df8f5ef7b,56214,תקשורת,0,0
HUGGINGFACE-6c9df8f5ef7b,69038,תקשורת,1,1
HUGGINGFACE-6c9df8f5ef7b,144717,תקשורת,1,1
HUGGINGFACE-6c9df8f5ef7b,15808,עיתונות,0,0
HUGGINGFACE-6c9df8f5ef7b,15801,סיקור,0,0
HUGGINGFACE-6c9df8f5ef7b,15858,כתבות,0,0
HUGGINGFACE-6c9df8f5ef7b,16344,כתבות,0,0
HUGGINGFACE-48ee065b90c6,10730,תקשורת,1,0
HUGGINGFACE-48ee065b90c6,11220,תקשורת,1,0
HUGGINGFACE-48ee065b90c6,28299,עיתונות,0,0
HUGGINGFACE-48ee065b90c6,47237,פרסום,1,1
HUGGINGFACE-48ee065b90c6,47760,פרסום,1,1
HUGGINGFACE-48ee065b90c6,47814,פרסום,1,1
HUGGINGFACE-a07c03fe1347,5399,תקשורת,0,0
HUGGINGFACE-a07c03fe1347,11358,תקשורת,0,0
HUGGINGFACE-a07c03fe1347,22993,תקשורת,1,0
HUGGINGFACE-a07c03fe1347,18383,ראיון,0,0
HUGGINGFACE-a07c03fe1347,26157,פרסום,0,0
HUGGINGFACE-10fbe98b9bc9,88573,פרסום,1,1
HUGGINGFACE-307e0f213442,21438,טלוויזיה,0,0
HUGGINGFACE-307e0f213442,32750,טלוויזיה,1,1
HUGGINGFACE-9f519071dbd0,29436,עיתונות,0,0
HUGGINGFACE-9f519071dbd0,24293,פרסום,0,0
HUGGINGFACE-9f519071dbd0,31711,פרסום,0,1
HUGGINGFACE-9f519071dbd0,32237,פרסום,0,1
HUGGINGFACE-3fc8b3a249bf,36007,פרסום,1,1
HUGGINGFACE-ad00793d218d,2723,טלוויזיה,1,0
HUGGINGFACE-ad00793d218d,10937,טלוויזיה,1,1
HUGGINGFACE-4d421cfbd599,3821,תקשורת,0,0
HUGGINGFACE-4d421cfbd599,31546,תקשורת,0,1
HUGGINGFACE-4d421cfbd599,3983,עיתונות,0,0
HUGGINGFACE-6d7d1fa9dd53,19173,תקשורת,0,0
HUGGINGFACE-6d7d1fa9dd53,572,טלוויזיה,1,0
HUGGINGFACE-6d7d1fa9dd53,19126,פרסום,1,0
HUGGINGFACE-6d7d1fa9dd53,19571,פרסום,1,0
HUGGINGFACE-6e72260f08fc,4390,תקשורת,1,0
HUGGINGFACE-0b09591fce80,11381,תקשורת,0,0
HUGGINGFACE-0b09591fce80,33760,תקשורת,0,0
HUGGINGFACE-0b09591fce80,53641,תקשורת,0,0
HUGGINGFACE-0b09591fce80,80680,תקשורת,0,1
HUGGINGFACE-0b09591fce80,33734,סיקור,0,0
HUGGINGFACE-0b09591fce80,80673,סיקור,0,1
HUGGINGFACE-0de448d9d287,8092,תקשורת,0,1
HUGGINGFACE-0de448d9d287,8067,פרסום,0,1
HUGGINGFACE-f13d7a450f3b,4227,תקשורת,0,1
HUGGINGFACE-67082803f3d1,30240,פרסום,1,1
HUGGINGFACE-dd1c796c5216,5349,תקשורת,0,0
HUGGINGFACE-dd1c796c5216,56529,חדשות,0,0
HUGGINGFACE-dd1c796c5216,19197,פרסום,0,0
HUGGINGFACE-c5805b1e6c60,21898,תקשורת,1,0
HUGGINGFACE-c5805b1e6c60,22350,תקשורת,1,0
HUGGINGFACE-ed124bb1c04e,25148,תקשורת,0,1
HUGGINGFACE-ed124bb1c04e,25129,פרסום,0,1
HUGGINGFACE-ed124bb1c04e,30394,פרסום,1,1
HUGGINGFACE-ed124bb1c04e,36291,פרסום,1,1
HUGGINGFACE-ed124bb1c04e,36535,פרסום,1,1
HUGGINGFACE-ed124bb1c04e,36825,פרסום,1,1
HUGGINGFACE-ef11315c0bd8,12629,פרסום,1,1
HUGGINGFACE-2ab0fccbde2a,39470,פרסום,0,1
HUGGINGFACE-b31246b6a30b,18082,טלוויזיה,0,0
HUGGINGFACE-e5d36f240c76,31700,פרסום,0,1
HUGGINGFACE-e5382789e99c,12421,תקשורת,0,0
HUGGINGFACE-e5382789e99c,45048,פרסום,1,1
HUGGINGFACE-e5382789e99c,45423,פרסום,1,1
HUGGINGFACE-f95607aa864f,28280,תקשורת,0,1
HUGGINGFACE-f95607aa864f,28264,ראיון,0,1
HUGGINGFACE-8870bd09f468,7622,תקשורת,1,0
HUGGINGFACE-8870bd09f468,8573,תקשורת,1,1
HUGGINGFACE-8870bd09f468,9215,תקשורת,1,1
HUGGINGFACE-58b3ad2e50eb,29206,תקשורת,1,1
HUGGINGFACE-58b3ad2e50eb,28085,חדשות,0,1
HUGGINGFACE-58b3ad2e50eb,29191,חדשות,1,1
HUGGINGFACE-58b3ad2e50eb,30153,חדשות,1,1
HUGGINGFACE-58b3ad2e50eb,28706,רדיו,0,1
HUGGINGFACE-58b3ad2e50eb,30166,רדיו,1,1
HUGGINGFACE-58b3ad2e50eb,30255,רדיו,0,1
HUGGINGFACE-58b3ad2e50eb,30602,רדיו,0,1
HUGGINGFACE-58b3ad2e50eb,28768,פרסום,1,1
HUGGINGFACE-58b3ad2e50eb,29172,פרסום,1,1
HUGGINGFACE-58b3ad2e50eb,30132,פרסום,1,1
HUGGINGFACE-7913d60fd82b,998,טלוויזיה,0,0
HUGGINGFACE-7913d60fd82b,69159,פרסום,0,1
HUGGINGFACE-7913d60fd82b,70110,פרסום,0,1
HUGGINGFACE-0f542538203a,5558,תקשורת,0,0
HUGGINGFACE-0f542538203a,5601,תקשורת,1,0
HUGGINGFACE-0f542538203a,29974,תקשורת,1,0
HUGGINGFACE-0f542538203a,30936,תקשורת,1,0
HUGGINGFACE-0f542538203a,32766,תקשורת,1,0
HUGGINGFACE-0f542538203a,38672,תקשורת,0,0
HUGGINGFACE-0f542538203a,42719,תקשורת,0,0
HUGGINGFACE-0f542538203a,42883,תקשורת,0,0
HUGGINGFACE-0f542538203a,44750,תקשורת,0,0
HUGGINGFACE-0f542538203a,50652,תקשורת,0,0
HUGGINGFACE-0f542538203a,51144,תקשורת,0,0
HUGGINGFACE-0f542538203a,53809,תקשורת,0,1
HUGGINGFACE-0f542538203a,62492,תקשורת,1,1
HUGGINGFACE-0f542538203a,62936,תקשורת,1,1
HUGGINGFACE-0f542538203a,118382,תקשורת,0,1
HUGGINGFACE-0f542538203a,118610,תקשורת,0,1
HUGGINGFACE-0f542538203a,118801,תקשורת,1,1
HUGGINGFACE-0f542538203a,118814,תקשורת,1,1
HUGGINGFACE-0f542538203a,119169,תקשורת,0,1
HUGGINGFACE-0f542538203a,121298,תקשורת,0,1
HUGGINGFACE-0f542538203a,122795,תקשורת,0,1
HUGGINGFACE-0f542538203a,122906,תקשורת,0,1
HUGGINGFACE-0f542538203a,123195,תקשורת,0,1
HUGGINGFACE-0f542538203a,123809,תקשורת,0,1
HUGGINGFACE-0f542538203a,124005,תקשורת,0,1
HUGGINGFACE-0f542538203a,124302,תקשורת,0,1
HUGGINGFACE-0f542538203a,124478,תקשורת,0,1
HUGGINGFACE-0f542538203a,124526,תקשורת,0,1
HUGGINGFACE-0f542538203a,124606,תקשורת,0,1
HUGGINGFACE-0f542538203a,124676,תקשורת,0,1
HUGGINGFACE-0f542538203a,125798,תקשורת,0,1
HUGGINGFACE-0f542538203a,125998,תקשורת,0,1
HUGGINGFACE-0f542538203a,127641,תקשורת,0,1
HUGGINGFACE-0f542538203a,127689,תקשורת,0,1
HUGGINGFACE-0f542538203a,132750,תקשורת,0,1
HUGGINGFACE-0f542538203a,133214,תקשורת,0,1
HUGGINGFACE-0f542538203a,138408,תקשורת,0,1
HUGGINGFACE-0f542538203a,138435,תקשורת,0,1
HUGGINGFACE-0f542538203a,146275,תקשורת,1,1
HUGGINGFACE-0f542538203a,147950,תקשורת,1,1
HUGGINGFACE-0f542538203a,160997,תקשורת,0,1
HUGGINGFACE-0f542538203a,161054,תקשורת,0,1
HUGGINGFACE-0f542538203a,161195,תקשורת,0,1
HUGGINGFACE-0f542538203a,161548,תקשורת,0,1
HUGGINGFACE-0f542538203a,161661,תקשורת,0,1
HUGGINGFACE-0f542538203a,162229,תקשורת,1,1
HUGGINGFACE-0f542538203a,96332,עיתונות,0,1
HUGGINGFACE-0f542538203a,133451,עיתונות,0,1
HUGGINGFACE-0f542538203a,133578,עיתונות,0,1
HUGGINGFACE-0f542538203a,114066,טלוויזיה,0,1
HUGGINGFACE-0f542538203a,43455,פרסום,0,0
HUGGINGFACE-0f542538203a,43902,פרסום,1,0
HUGGINGFACE-0f542538203a,49072,פרסום,1,0
HUGGINGFACE-0f542538203a,131692,פרסום,1,1
HUGGINGFACE-e2771655dbdd,18708,תקשורת,0,0
HUGGINGFACE-e2771655dbdd,19141,תקשורת,0,0
HUGGINGFACE-e2771655dbdd,19224,תקשורת,0,0
HUGGINGFACE-e2771655dbdd,77542,תקשורת,0,1
HUGGINGFACE-e2771655dbdd,127320,תקשורת,0,1
HUGGINGFACE-e2771655dbdd,207376,תקשורת,0,1
HUGGINGFACE-e2771655dbdd,208542,תקשורת,0,1
HUGGINGFACE-e2771655dbdd,259726,תקשורת,0,1
HUGGINGFACE-e2771655dbdd,262154,תקשורת,0,1
HUGGINGFACE-e2771655dbdd,390627,תקשורת,0,1
HUGGINGFACE-e2771655dbdd,517845,תקשורת,0,1
HUGGINGFACE-e2771655dbdd,208536,סיקור,0,1
HUGGINGFACE-e2771655dbdd,390620,סיקור,0,1
HUGGINGFACE-e2771655dbdd,500078,כתבות,0,1
HUGGINGFACE-e2771655dbdd,208521,חדשות,0,1
HUGGINGFACE-e2771655dbdd,211196,חדשות,0,1
HUGGINGFACE-e2771655dbdd,28484,טלוויזיה,0,0
HUGGINGFACE-e2771655dbdd,274891,טלוויזיה,0,1
HUGGINGFACE-e2771655dbdd,419383,טלוויזיה,0,1
HUGGINGFACE-e2771655dbdd,422597,טלוויזיה,0,1
HUGGINGFACE-e2771655dbdd,535008,טלוויזיה,0,1
HUGGINGFACE-e2771655dbdd,28478,ראיון,0,0
HUGGINGFACE-e2771655dbdd,274883,ראיון,0,1
HUGGINGFACE-e2771655dbdd,434545,ראיון,0,1
HUGGINGFACE-e2771655dbdd,150152,פרסום,0,1
HUGGINGFACE-c0e8a25b8b45,24462,פרסום,0,1
HUGGINGFACE-c0e8a25b8b45,43263,פרסום,1,1
HUGGINGFACE-2c681632e407,21033,ראיון,0,1
HUGGINGFACE-2c681632e407,22923,ראיון,0,1
HUGGINGFACE-caf6d9e8746f,72733,תקשורת,1,1
HUGGINGFACE-7cc695a67f0b,5304,רדיו,0,0
HUGGINGFACE-3e45cc20405b,26264,תקשורת,0,1
HUGGINGFACE-12c1f585de16,5547,תקשורת,1,0
HUGGINGFACE-12c1f585de16,19685,תקשורת,1,1
HUGGINGFACE-12c1f585de16,2391,ראיון,0,0
HUGGINGFACE-12c1f585de16,3005,ראיון,0,0
HUGGINGFACE-9b55c869007c,16467,פרסום,0,1
HUGGINGFACE-f1d8acf054f4,5155,תקשורת,0,0
HUGGINGFACE-f1d8acf054f4,104885,פרסום,0,1
HUGGINGFACE-d3eb3770cd2e,8352,פרסום,1,1
HUGGINGFACE-d3eb3770cd2e,8661,פרסום,1,1
HUGGINGFACE-78cdfe544a3c,18471,תקשורת,1,0
HUGGINGFACE-78cdfe544a3c,53020,תקשורת,0,1
HUGGINGFACE-78cdfe544a3c,61822,תקשורת,0,1
HUGGINGFACE-78cdfe544a3c,77318,ראיון,1,1
HUGGINGFACE-78cdfe544a3c,11722,פרסום,0,0
HUGGINGFACE-78cdfe544a3c,53013,פרסום,0,1
HUGGINGFACE-78cdfe544a3c,88801,פרסום,0,1
HUGGINGFACE-ee34bcf5c171,37571,תקשורת,0,1
HUGGINGFACE-ee34bcf5c171,12948,פרסום,0,0
HUGGINGFACE-ee34bcf5c171,45334,פרסום,0,1
HUGGINGFACE-ee34bcf5c171,45484,פרסום,0,1
HUGGINGFACE-5ac99ffba014,9145,תקשורת,1,0
HUGGINGFACE-5ac99ffba014,2384,טלוויזיה,0,0
HUGGINGFACE-5ac99ffba014,4549,טלוויזיה,0,0
HUGGINGFACE-5ac99ffba014,4604,טלוויזיה,0,0
HUGGINGFACE-5ac99ffba014,9376,טלוויזיה,0,0
HUGGINGFACE-5ac99ffba014,15219,ראיון,0,0
HUGGINGFACE-d33f58efe47b,4529,תקשורת,1,0
HUGGINGFACE-d33f58efe47b,10814,תקשורת,0,0
HUGGINGFACE-d33f58efe47b,18485,תקשורת,1,0
HUGGINGFACE-d33f58efe47b,18910,תקשורת,1,0
HUGGINGFACE-d33f58efe47b,18943,תקשורת,1,0
HUGGINGFACE-d33f58efe47b,19424,תקשורת,1,0
HUGGINGFACE-d33f58efe47b,21780,תקשורת,1,0
HUGGINGFACE-d33f58efe47b,23302,תקשורת,1,0
HUGGINGFACE-d33f58efe47b,26573,תקשורת,1,0
HUGGINGFACE-d33f58efe47b,28439,תקשורת,1,0
HUGGINGFACE-d33f58efe47b,28848,תקשורת,1,0
HUGGINGFACE-d33f58efe47b,29096,תקשורת,1,0
HUGGINGFACE-d33f58efe47b,30460,תקשורת,1,0
HUGGINGFACE-d33f58efe47b,38162,תקשורת,1,0
HUGGINGFACE-d33f58efe47b,41906,תקשורת,1,0
HUGGINGFACE-d33f58efe47b,42362,תקשורת,1,0
HUGGINGFACE-d33f58efe47b,70534,תקשורת,1,1
HUGGINGFACE-d33f58efe47b,70608,תקשורת,1,1
HUGGINGFACE-d33f58efe47b,83492,תקשורת,1,1
HUGGINGFACE-d33f58efe47b,47502,פרסום,1,1
HUGGINGFACE-5ae5697dc786,65592,תקשורת,0,1
HUGGINGFACE-5ae5697dc786,194,ראיון,1,0
HUGGINGFACE-5ae5697dc786,226,ראיון,1,0
HUGGINGFACE-5ae5697dc786,1294,ראיון,0,0
HUGGINGFACE-5ae5697dc786,1472,ראיון,1,0
HUGGINGFACE-5ae5697dc786,8490,ראיון,1,0
HUGGINGFACE-5ae5697dc786,10147,ראיון,1,0
HUGGINGFACE-5ae5697dc786,80700,ראיון,1,1
HUGGINGFACE-048c1166eeaa,9060,תקשורת,0,0
HUGGINGFACE-a8b3cc72b35e,5640,תקשורת,1,0
HUGGINGFACE-e8953c7c6b21,9598,פרסום,1,1
HUGGINGFACE-5d2e351e9a26,16338,טלוויזיה,1,0
HUGGINGFACE-5d2e351e9a26,19888,טלוויזיה,0,0
HUGGINGFACE-5d2e351e9a26,48477,ראיון,0,1
HUGGINGFACE-5d2e351e9a26,38622,פרסום,0,1
HUGGINGFACE-5d2e351e9a26,72409,פרסום,1,1
HUGGINGFACE-5d2e351e9a26,72740,פרסום,1,1
HUGGINGFACE-ea3daca3af38,11399,תקשורת,0,0
HUGGINGFACE-ea3daca3af38,11495,תקשורת,0,0
HUGGINGFACE-ea3daca3af38,11610,תקשורת,1,0
HUGGINGFACE-ea3daca3af38,26159,תקשורת,0,0
HUGGINGFACE-ea3daca3af38,65008,תקשורת,0,0
HUGGINGFACE-ea3daca3af38,65228,תקשורת,0,0
HUGGINGFACE-ea3daca3af38,91813,תקשורת,0,1
HUGGINGFACE-ea3daca3af38,104750,תקשורת,0,1
HUGGINGFACE-ea3daca3af38,109006,תקשורת,0,1
HUGGINGFACE-ea3daca3af38,29284,עיתונות,0,0
HUGGINGFACE-ea3daca3af38,47580,עיתונות,0,0
HUGGINGFACE-ea3daca3af38,124018,עיתונות,0,1
HUGGINGFACE-ea3daca3af38,11387,פרסום,0,0
HUGGINGFACE-ea3daca3af38,11483,פרסום,0,0
HUGGINGFACE-ea3daca3af38,11603,פרסום,1,0
HUGGINGFACE-ea3daca3af38,47573,פרסום,0,0
HUGGINGFACE-ea3daca3af38,65000,פרסום,0,0
HUGGINGFACE-ea3daca3af38,91798,פרסום,0,1
HUGGINGFACE-ea3daca3af38,104742,פרסום,0,1
HUGGINGFACE-ea3daca3af38,108991,פרסום,0,1
HUGGINGFACE-3b8b41fde77c,22574,תקשורת,0,0
HUGGINGFACE-3b8b41fde77c,23459,תקשורת,0,0
HUGGINGFACE-3b8b41fde77c,38849,תקשורת,0,1
HUGGINGFACE-eea99af84a58,10620,תקשורת,1,0
HUGGINGFACE-eea99af84a58,22622,תקשורת,1,1
HUGGINGFACE-eea99af84a58,25406,תקשורת,1,1
HUGGINGFACE-eea99af84a58,25443,תקשורת,1,1
HUGGINGFACE-eea99af84a58,25734,תקשורת,1,1
HUGGINGFACE-eea99af84a58,25935,תקשורת,1,1
HUGGINGFACE-eea99af84a58,35313,תקשורת,1,1
HUGGINGFACE-eea99af84a58,50486,תקשורת,1,1
HUGGINGFACE-eea99af84a58,30235,עיתונות,0,1
HUGGINGFACE-eea99af84a58,40690,עיתונות,0,1
HUGGINGFACE-eea99af84a58,6513,חדשות,0,0
HUGGINGFACE-eea99af84a58,23172,חדשות,0,1
HUGGINGFACE-eea99af84a58,23156,טלוויזיה,0,1
HUGGINGFACE-33f5f3354124,9113,תקשורת,0,0
HUGGINGFACE-33f5f3354124,32104,תקשורת,0,1
HUGGINGFACE-33f5f3354124,9093,כתבות,0,0
HUGGINGFACE-33f5f3354124,9100,פרסום,0,0
HUGGINGFACE-33f5f3354124,9251,פרסום,0,0
HUGGINGFACE-029159f13383,21797,תקשורת,1,0
HUGGINGFACE-029159f13383,17599,טלוויזיה,0,0
HUGGINGFACE-4ac8f2bb46d2,2141,תקשורת,1,0
HUGGINGFACE-4ac8f2bb46d2,2282,תקשורת,1,0
HUGGINGFACE-4ac8f2bb46d2,8859,תקשורת,0,0
HUGGINGFACE-4ac8f2bb46d2,13292,תקשורת,1,0
HUGGINGFACE-4ac8f2bb46d2,20583,תקשורת,0,1
HUGGINGFACE-4ac8f2bb46d2,22400,תקשורת,0,1
HUGGINGFACE-bcc927576eb0,62453,תקשורת,1,1
HUGGINGFACE-718af39915d4,19879,תקשורת,1,0
HUGGINGFACE-718af39915d4,23887,תקשורת,1,0
HUGGINGFACE-b91dede8e54f,12892,תקשורת,0,0
HUGGINGFACE-dd872f007f89,7657,תקשורת,1,1
HUGGINGFACE-dd872f007f89,20966,פרסום,1,1
HUGGINGFACE-dd872f007f89,23370,פרסום,1,1
HUGGINGFACE-3f9ed636e1d8,11985,תקשורת,1,0
HUGGINGFACE-3f9ed636e1d8,110065,תקשורת,1,1
HUGGINGFACE-3f9ed636e1d8,118654,תקשורת,0,1
HUGGINGFACE-3f9ed636e1d8,119005,תקשורת,1,1
HUGGINGFACE-3f9ed636e1d8,68725,פרסום,0,0
HUGGINGFACE-3f9ed636e1d8,118647,פרסום,0,1
HUGGINGFACE-3f9ed636e1d8,118721,פרסום,0,1
HUGGINGFACE-3f9ed636e1d8,118817,פרסום,0,1
HUGGINGFACE-3f9ed636e1d8,118905,פרסום,0,1
HUGGINGFACE-3f9ed636e1d8,118999,פרסום,1,1
HUGGINGFACE-5754837de1ce,23350,פרסום,0,0
HUGGINGFACE-5098e12ceff4,18482,פרסום,0,1
HUGGINGFACE-68a058065bfc,3272,תקשורת,1,0
HUGGINGFACE-255a6bf72806,3823,תקשורת,0,0
HUGGINGFACE-255a6bf72806,3939,תקשורת,0,0
HUGGINGFACE-255a6bf72806,14644,תקשורת,0,1
HUGGINGFACE-255a6bf72806,14869,תקשורת,0,1
HUGGINGFACE-255a6bf72806,5343,עיתונות,0,0
HUGGINGFACE-255a6bf72806,3808,פרסום,0,0
HUGGINGFACE-255a6bf72806,5335,פרסום,0,0
HUGGINGFACE-3598b0c47e9d,17025,תקשורת,0,1
HUGGINGFACE-1924b8bf45bc,103323,תקשורת,0,0
HUGGINGFACE-1924b8bf45bc,107582,תקשורת,1,0
HUGGINGFACE-1924b8bf45bc,149903,תקשורת,1,1
HUGGINGFACE-1924b8bf45bc,27868,חדשות,0,0
HUGGINGFACE-1924b8bf45bc,27919,חדשות,0,0
HUGGINGFACE-1924b8bf45bc,27821,טלוויזיה,0,0
HUGGINGFACE-1924b8bf45bc,27954,טלוויזיה,0,0
HUGGINGFACE-1924b8bf45bc,96104,פרסום,1,0
HUGGINGFACE-619eee149049,9229,תקשורת,0,0
HUGGINGFACE-619eee149049,9223,פרסום,0,0
HUGGINGFACE-2e816273ed86,2257,תקשורת,1,0
HUGGINGFACE-2e816273ed86,25051,פרסום,1,1
HUGGINGFACE-4f4c677fc633,23157,תקשורת,0,1
HUGGINGFACE-56a286b30f55,8071,תקשורת,0,1
HUGGINGFACE-56a286b30f55,8058,פרסום,0,1
HUGGINGFACE-bbe152e0685f,6034,תקשורת,1,0
HUGGINGFACE-bbe152e0685f,27463,תקשורת,1,1
HUGGINGFACE-312e11949c4a,667,פרסום,0,0
HUGGINGFACE-e621712d907b,29363,תקשורת,1,1
HUGGINGFACE-e621712d907b,89967,תקשורת,1,1
HUGGINGFACE-e621712d907b,90121,תקשורת,1,1
HUGGINGFACE-e621712d907b,90164,תקשורת,0,1
HUGGINGFACE-e621712d907b,90555,תקשורת,1,1
HUGGINGFACE-e621712d907b,90715,תקשורת,0,1
HUGGINGFACE-e621712d907b,92063,תקשורת,1,1
HUGGINGFACE-e621712d907b,93089,תקשורת,1,1
HUGGINGFACE-e621712d907b,93453,תקשורת,1,1
HUGGINGFACE-e621712d907b,93538,תקשורת,1,1
HUGGINGFACE-e621712d907b,117843,תקשורת,0,1
HUGGINGFACE-e621712d907b,120960,תקשורת,1,1
HUGGINGFACE-e621712d907b,121075,תקשורת,1,1
HUGGINGFACE-e621712d907b,121728,תקשורת,1,1
HUGGINGFACE-e621712d907b,123386,תקשורת,1,1
HUGGINGFACE-e621712d907b,123872,תקשורת,1,1
HUGGINGFACE-e621712d907b,125044,תקשורת,0,1
HUGGINGFACE-e621712d907b,183048,פרסום,0,1
HUGGINGFACE-e621712d907b,183128,פרסום,0,1
HUGGINGFACE-e621712d907b,183190,פרסום,0,1
HUGGINGFACE-e621712d907b,184151,פרסום,0,1
HUGGINGFACE-e621712d907b,186387,פרסום,0,1
HUGGINGFACE-e621712d907b,186399,פרסום,0,1
HUGGINGFACE-e621712d907b,191458,פרסום,0,1
HUGGINGFACE-e621712d907b,303809,פרסום,0,1
HUGGINGFACE-e621712d907b,307721,פרסום,0,1
HUGGINGFACE-e621712d907b,312067,פרסום,0,1
HUGGINGFACE-67884dea231c,55833,פרסום,0,1
HUGGINGFACE-67884dea231c,82381,פרסום,1,1
HUGGINGFACE-67884dea231c,84909,פרסום,0,1
HUGGINGFACE-67884dea231c,87008,פרסום,0,1
HUGGINGFACE-abf73ddc3f7c,4395,תקשורת,1,0
HUGGINGFACE-abf73ddc3f7c,40871,תקשורת,1,1
HUGGINGFACE-89dcc28b147a,37299,פרסום,1,1
HUGGINGFACE-89dcc28b147a,37459,פרסום,0,1
HUGGINGFACE-b09441243094,2781,פרסום,1,1
HUGGINGFACE-b09441243094,3558,פרסום,1,1
HUGGINGFACE-a8c46f7e7f77,10648,תקשורת,1,1
HUGGINGFACE-1f708c0636a5,27447,תקשורת,1,1
HUGGINGFACE-1f708c0636a5,32191,תקשורת,1,1
HUGGINGFACE-7f8440ce6bf0,6217,תקשורת,1,0
HUGGINGFACE-7f8440ce6bf0,8094,תקשורת,0,0
HUGGINGFACE-7f8440ce6bf0,23236,תקשורת,0,1
HUGGINGFACE-7f8440ce6bf0,8084,פרסום,0,0
HUGGINGFACE-7f8440ce6bf0,23230,פרסום,0,1
HUGGINGFACE-7f8440ce6bf0,26332,פרסום,0,1
HUGGINGFACE-047748cb2db9,7972,תקשורת,1,0
HUGGINGFACE-047748cb2db9,8091,תקשורת,1,0
HUGGINGFACE-047748cb2db9,7965,פרסום,1,0
HUGGINGFACE-c3413672b5fd,5762,תקשורת,1,0
HUGGINGFACE-c3413672b5fd,13268,תקשורת,1,0
HUGGINGFACE-c3413672b5fd,34662,תקשורת,1,1
HUGGINGFACE-c3413672b5fd,34705,תקשורת,1,1
HUGGINGFACE-c3413672b5fd,35262,תקשורת,1,1
HUGGINGFACE-c3413672b5fd,55903,תקשורת,1,1
HUGGINGFACE-c3413672b5fd,68302,תקשורת,1,1
HUGGINGFACE-c3413672b5fd,68347,תקשורת,1,1
HUGGINGFACE-c3413672b5fd,68801,תקשורת,1,1
HUGGINGFACE-c3413672b5fd,24957,חדשות,0,1
HUGGINGFACE-c3413672b5fd,9099,רדיו,0,0
HUGGINGFACE-c3413672b5fd,63889,ראיון,0,1
HUGGINGFACE-c3413672b5fd,24934,פרסום,0,1
HUGGINGFACE-45e57a8ed4ab,19363,טלוויזיה,0,0
HUGGINGFACE-45e57a8ed4ab,25771,טלוויזיה,0,0
HUGGINGFACE-45e57a8ed4ab,26245,טלוויזיה,0,0
HUGGINGFACE-45e57a8ed4ab,72495,טלוויזיה,0,0
HUGGINGFACE-45e57a8ed4ab,73601,טלוויזיה,0,0
HUGGINGFACE-45e57a8ed4ab,107516,טלוויזיה,0,0
HUGGINGFACE-45e57a8ed4ab,107628,טלוויזיה,0,0
HUGGINGFACE-45e57a8ed4ab,108230,טלוויזיה,0,0
HUGGINGFACE-45e57a8ed4ab,26254,רדיו,0,0
HUGGINGFACE-45e57a8ed4ab,107637,רדיו,0,0
HUGGINGFACE-45e57a8ed4ab,109851,ראיון,0,0
HUGGINGFACE-45e57a8ed4ab,19372,פרסום,0,0
HUGGINGFACE-45e57a8ed4ab,23254,פרסום,0,0
HUGGINGFACE-45e57a8ed4ab,49270,פרסום,1,0
HUGGINGFACE-45e57a8ed4ab,49300,פרסום,1,0
HUGGINGFACE-45e57a8ed4ab,88550,פרסום,0,0
HUGGINGFACE-178eef938955,2075,פרסום,0,0
HUGGINGFACE-178eef938955,13225,פרסום,1,1
HUGGINGFACE-82416e8d24e8,985,טלוויזיה,1,0
HUGGINGFACE-82416e8d24e8,1076,טלוויזיה,1,0
