case_id,case_number,decision_date,year,year_c,merits_appeal,non_merits_reason,homicide_murder,panel_size,media_any,media_count,media_bucket,media_log,media_district_count,media_appeal_any,media_appeal_count,media_primo_any,media_combined_appeal_any,intervention,defendant_helped,outcome_direction,relief_type,timeline_clean,media_ref_any,media_ref_count,media_ref_coverage,media_ref_pressure,media_ref_reasoning,words,reasoning_method,r_words,r_sentence_len,r_sentence_len_p90,r_word_len,r_long_words_pct,r_very_long_words_pct,r_paren_per_1000,media_district_any,words_log,r_words_log,attempt_only,media_district_window
HUGGINGFACE-831f332ec790,"ע""פ 8800/08",2010-01-04,2010,-5,1,,1,3,0,0,0,0.0,0,0,0,0,0,0,0,0,0,1,0,0,0,0,0,564,whole_judgment,564,22.56,38.0,4.342,7.979,0.532,7.092,0,6.3351,6.3351,0,1
HUGGINGFACE-7bf23031113b,"ע""פ 177/09",2010-01-05,2010,-5,1,,0,3,0,0,0,0.0,0,0,0,0,0,0,0,0,0,1,0,0,0,0,0,408,whole_judgment,408,17.739,34.8,4.363,7.843,0.49,7.353,0,6.0113,6.0113,0,1
HUGGINGFACE-0974c17a2738,"ע""פ 6656/08",2010-01-06,2010,-5,1,,0,3,0,0,0,0.0,0,0,0,0,0,0,0,0,0,1,0,0,0,0,0,2294,whole_judgment,2294,18.352,31.0,4.284,9.416,0.654,17.873,0,7.7381,7.7381,0,1
HUGGINGFACE-8353a3c6bf17,"ע""פ 6833/06",2010-01-11,2010,-5,1,,0,3,0,0,0,0.0,0,0,0,0,0,0,0,0,0,1,0,0,0,0,0,3240,heading_discussion_decision,819,18.614,30.7,4.402,9.158,1.709,12.21,0,8.0833,6.7081,0,1
HUGGINGFACE-197ff9d68049,"ע""פ 3892/09",2010-01-14,2010,-5,1,,1,3,0,0,0,0.0,0,0,0,0,0,0,0,0,0,0,0,0,0,0,0,949,court_turn_phrase,203,16.917,29.5,4.379,6.404,0.0,4.926,0,6.8554,5.3132,0,0
HUGGINGFACE-13b691629698,"ע""פ 7139/06",2010-01-15,2010,-5,1,,1,3,0,0,0,0.0,0,0,0,0,0,0,0,0,0,0,0,0,0,0,0,504,whole_judgment,504,21.0,32.8,4.306,6.349,0.0,7.937,0,6.2226,6.2226,0,0
HUGGINGFACE-588a0a9bb61d,"ע""פ 10477/08",2010-01-25,2010,-5,1,,0,3,0,0,0,0.0,0,0,0,0,0,0,0,0,0,1,0,0,0,0,0,7642,heading_discussion_decision,5695,18.795,33.0,4.195,6.409,0.948,18.262,0,8.9414,8.6473,0,1
HUGGINGFACE-38f850b887f1,"ע""פ 467/09",2010-02-02,2010,-5,1,,0,3,0,0,0,0.0,0,0,0,0,0,0,0,0,0,0,0,0,0,0,0,2540,heading_discussion_numbered,1553,21.569,36.0,4.501,11.912,1.61,12.234,0,7.8399,7.3479,0,1
HUGGINGFACE-9cd3cf2a0afa,"ע""פ 107/08",2010-02-03,2010,-5,1,,0,3,0,0,0,0.0,0,0,0,0,0,0,0,0,0,1,0,0,0,0,0,5500,whole_judgment,5500,18.333,33.1,4.268,7.291,0.636,21.455,0,8.6125,8.6125,0,1
HUGGINGFACE-bc6216d987a8,"ע""פ 848/09",2010-02-17,2010,-5,1,,0,3,0,0,0,0.0,0,0,0,0,0,0,0,0,0,1,0,0,0,0,0,3340,heading_discussion_decision,1743,21.256,40.0,4.258,7.458,1.262,16.064,0,8.1137,7.4634,0,1
HUGGINGFACE-e7cdcd6bdd78,"ע""פ 9956/05",2010-02-18,2010,-5,1,,0,3,0,0,0,0.0,0,0,0,0,0,1,1,1,2,0,0,0,0,0,0,439,whole_judgment,439,14.633,27.1,4.51,8.656,0.911,4.556,0,6.0845,6.0845,0,1
HUGGINGFACE-75752e48ebd0,"ע""פ 4117/06",2010-02-22,2010,-5,1,,1,3,1,1,1,0.6931471805599453,1,0,0,0,0,0,0,0,0,1,0,0,0,0,0,13603,court_turn_phrase,6255,17.923,31.2,4.217,7.162,0.815,13.429,1,9.518,8.7411,0,1
HUGGINGFACE-70bbcdf6bf59,"ע""פ 9345/09",2010-02-24,2010,-5,1,,0,3,0,0,0,0.0,0,0,0,0,0,0,0,0,0,1,0,0,0,0,0,441,whole_judgment,441,19.174,37.0,4.463,7.483,0.227,11.338,0,6.089,6.089,0,1
HUGGINGFACE-1c536bed7cbb,"ע""פ 5778/09",2010-03-01,2010,-5,1,,1,3,0,0,0,0.0,0,0,0,0,0,0,0,0,0,0,0,0,0,0,0,453,whole_judgment,453,14.156,21.9,4.419,7.064,0.221,4.415,0,6.1159,6.1159,1,1
HUGGINGFACE-5160bbaa4c14,"ע""פ 11110/07",2010-03-08,2010,-5,1,,1,3,0,0,0,0.0,0,0,0,0,0,0,0,0,0,1,0,0,0,0,0,5083,heading_discussion_decision,2038,17.126,33.2,4.19,8.145,0.981,32.875,0,8.5337,7.6197,0,1
HUGGINGFACE-5380011e4f98,"ע""פ 400/09",2010-03-15,2010,-5,1,,1,3,0,0,0,0.0,0,0,0,0,0,0,0,0,0,1,0,0,0,0,0,1484,whole_judgment,1484,21.2,37.5,4.313,8.827,0.809,18.194,0,7.3025,7.3025,0,1
HUGGINGFACE-ca2904fe5c5f,"ע""פ 10358/08",2010-03-16,2010,-5,1,,0,3,0,0,0,0.0,0,0,0,0,0,0,0,0,0,1,0,0,0,0,0,2340,heading_discussion_numbered,1502,13.532,26.0,4.559,14.115,2.796,37.949,0,7.7579,7.3146,0,1
HUGGINGFACE-0c92f929df6e,"ע""פ 7616/07",2010-03-25,2010,-5,1,,0,3,0,0,0,0.0,0,0,0,0,0,0,0,0,0,0,0,0,0,0,0,1865,heading_discussion_numbered,1094,13.675,20.0,4.497,9.872,1.005,10.969,0,7.531,6.9976,0,1
HUGGINGFACE-350879e0f03d,"ע""פ 8267/04",2010-03-25,2010,-5,1,,1,3,0,0,0,0.0,0,0,0,0,0,0,0,0,0,0,0,0,0,0,0,12108,whole_judgment,12108,18.018,32.0,4.331,8.226,1.561,12.306,0,9.4016,9.4016,0,0
HUGGINGFACE-1c9b06006563,"ע""פ 10832/07",2010-04-06,2010,-5,1,,0,3,0,0,0,0.0,0,0,0,0,0,0,0,0,0,1,0,0,0,0,0,1183,heading_discussion_decision,590,16.857,26.6,4.388,8.475,1.525,23.729,0,7.0758,6.3801,0,1
HUGGINGFACE-a4920c8bb0da,"ע""פ 4380/08",2010-04-08,2010,-5,1,,1,3,0,0,0,0.0,0,0,0,0,0,0,0,0,0,0,0,0,0,0,0,4891,heading_discussion_decision,2013,16.104,31.0,4.254,8.693,0.894,32.787,0,8.4952,7.6074,0,1
HUGGINGFACE-c1411358cbea,"ע""פ 9862/08",2010-04-13,2010,-5,1,,1,3,0,0,0,0.0,0,0,0,0,0,0,0,0,0,1,0,0,0,0,0,845,whole_judgment,845,17.604,29.3,4.245,8.994,0.237,10.651,0,6.7393,6.7393,1,1
HUGGINGFACE-b193a9001e43,"ע""פ 10407/07",2010-04-14,2010,-5,1,,1,3,0,0,0,0.0,0,0,0,0,0,0,0,0,0,1,0,0,0,0,0,8639,heading_discussion_decision,5861,17.979,33.0,4.183,8.053,1.297,24.399,0,9.064,8.6761,0,1
HUGGINGFACE-8edc925628d9,"ע""פ 8800/07",2010-04-26,2010,-5,1,,1,3,0,0,0,0.0,0,0,0,0,0,0,0,0,0,0,0,0,0,0,0,7276,heading_discussion_numbered,5028,18.902,37.5,4.337,8.353,1.472,27.049,0,8.8923,8.5228,0,1
HUGGINGFACE-77a260782a76,"ע""פ 5729/09",2010-04-27,2010,-5,1,,0,3,0,0,0,0.0,0,0,0,0,0,0,0,0,0,1,0,0,0,0,0,1852,whole_judgment,1852,19.292,33.5,4.401,7.721,0.972,11.879,0,7.524,7.524,0,1
HUGGINGFACE-0cc9e938c435,"ע""פ 4089/07",2010-05-06,2010,-5,1,,1,3,0,0,0,0.0,0,0,0,0,0,1,1,1,1,0,1,3,0,0,1,14640,heading_discussion_decision,11071,18.576,32.0,4.313,8.942,1.039,12.284,0,9.5915,9.3121,0,1
HUGGINGFACE-38f23955b28e,"ע""פ 265/10",2010-05-09,2010,-5,1,,0,3,0,0,0,0.0,0,0,0,0,0,0,0,0,0,0,0,0,0,0,0,291,court_turn_phrase,154,22.0,33.2,4.26,7.143,0.649,6.494,0,5.6733,5.037,0,1
HUGGINGFACE-8286d0289967,"ע""פ 8191/08",2010-05-24,2010,-5,1,,0,3,0,0,0,0.0,0,0,0,0,0,0,0,0,0,1,1,1,1,1,1,3374,whole_judgment,3374,20.083,37.3,4.426,8.506,0.474,18.376,0,8.1239,8.1239,0,1
HUGGINGFACE-0604dccbb8ec,"ע""פ 3151/08",2010-05-26,2010,-5,1,,1,3,0,0,0,0.0,0,0,0,0,0,0,0,0,0,0,0,0,0,0,0,5935,heading_discussion_decision,3992,17.133,30.0,4.302,7.49,0.476,9.77,0,8.6886,8.292,0,1
HUGGINGFACE-5b0fe7208a8e,"ע""פ 5867/09",2010-06-22,2010,-5,1,,0,3,0,0,0,0.0,0,0,0,0,0,0,0,0,0,1,0,0,0,0,0,2005,whole_judgment,2005,20.459,34.0,4.476,9.476,0.748,17.955,0,7.6034,7.6034,0,1
HUGGINGFACE-28428c467a93,"ע""פ 7392/06",2010-06-28,2010,-5,1,,1,3,0,0,0,0.0,0,0,0,0,0,0,0,0,0,0,0,0,0,0,0,6352,heading_discussion_decision,3460,17.563,35.4,4.227,6.734,1.214,24.566,0,8.7565,8.149,0,1
HUGGINGFACE-63fbea044b91,"ע""פ 6952/07",2010-06-28,2010,-5,1,,1,3,0,0,0,0.0,0,0,0,0,0,0,0,0,0,1,0,0,0,0,0,6377,heading_discussion_decision,3916,19.778,35.9,4.203,7.559,0.485,19.663,0,8.7605,8.2728,0,1
HUGGINGFACE-f3ad25565ecf,"ע""פ 9338/08",2010-06-29,2010,-5,1,,1,3,0,0,0,0.0,0,0,0,0,0,0,0,0,0,0,1,1,0,0,1,7086,whole_judgment,7086,19.575,34.0,4.357,9.399,0.804,22.721,0,8.8659,8.8659,0,1
HUGGINGFACE-fe313c45f127,"ע""פ 9623/07",2010-06-30,2010,-5,1,,1,3,0,0,0,0.0,0,0,0,0,0,0,0,0,0,1,0,0,0,0,0,1132,court_turn_phrase,430,21.5,29.4,4.207,5.581,0.0,20.93,0,7.0317,6.0638,0,1
HUGGINGFACE-5c1fa5660db8,"ע""פ 8778/09",2010-07-06,2010,-5,1,,0,3,0,0,0,0.0,0,0,0,0,0,0,0,0,0,1,0,0,0,0,0,371,whole_judgment,371,11.594,20.0,4.375,6.469,0.27,5.391,0,5.9162,5.9162,0,1
HUGGINGFACE-6a0b745d118c,"ע""פ 6594/09",2010-07-19,2010,-5,1,,1,3,0,0,0,0.0,0,0,0,0,0,0,0,0,0,1,0,0,0,0,0,230,whole_judgment,230,14.375,25.5,4.352,9.565,1.304,4.348,0,5.4381,5.4381,0,1
HUGGINGFACE-bc5c08144a18,"ע""פ 3626/10",2010-07-19,2010,-5,1,,0,3,0,0,0,0.0,0,0,0,0,0,0,0,0,0,1,0,0,0,0,0,362,whole_judgment,362,15.739,24.4,4.287,6.63,0.0,2.762,0,5.8916,5.8916,0,1
HUGGINGFACE-2ed9c0fd9780,"ע""פ 8133/09",2010-07-21,2010,-5,1,,0,3,1,4,2,1.6094379124341005,2,1,2,0,1,1,0,-1,5,0,0,0,0,0,0,5241,heading_discussion_numbered,2853,20.525,38.2,4.375,7.641,1.192,9.464,1,8.5643,7.9561,0,1
HUGGINGFACE-e41fa0adb336,"ע""פ 6452/09",2010-07-22,2010,-5,1,,0,3,0,0,0,0.0,0,0,0,0,0,0,0,0,0,1,0,0,0,0,0,2593,heading_discussion_decision,1087,18.117,32.0,4.356,6.992,0.368,17.479,0,7.8606,6.9912,0,1
HUGGINGFACE-6219821eee81,"ע""פ 960/09",2010-07-29,2010,-5,1,,1,3,0,0,0,0.0,0,0,0,0,0,0,0,0,0,1,0,0,0,0,0,3531,heading_discussion_decision,2433,16.22,29.1,4.434,9.207,0.904,18.085,0,8.1693,7.7969,0,1
HUGGINGFACE-d4707499513c,"ע""פ 9808/06",2010-07-29,2010,-5,1,,1,3,1,8,3,2.19722457733622,0,1,8,0,1,0,0,0,0,1,0,0,0,0,0,14800,heading_discussion_numbered,10952,17.086,35.0,4.196,7.944,1.123,22.005,0,9.6024,9.3013,0,1
HUGGINGFACE-fdcbba5c2b39,"ע""פ 4402/10",2010-08-08,2010,-5,0,ערעור פסלות שופט,1,1,0,0,0,0.0,0,0,0,0,0,1,1,1,4,0,0,0,0,0,0,1171,whole_judgment,1171,20.911,37.0,4.344,7.857,0.427,26.473,0,7.0656,7.0656,0,1
HUGGINGFACE-67b0f34fb8bc,"ע""פ 6564/08",2010-08-10,2010,-5,1,,1,3,1,1,1,0.6931471805599453,1,0,0,0,0,0,0,0,0,0,1,1,0,0,0,5529,court_turn_phrase,1021,19.635,32.9,4.478,9.794,0.686,1.959,1,8.6178,6.9285,0,1
HUGGINGFACE-961913db6203,"ע""פ 4512/09",2010-08-31,2010,-5,1,,0,3,1,1,1,0.6931471805599453,1,0,0,0,0,0,0,0,0,1,0,0,0,0,0,6731,heading_discussion_decision,3854,18.094,33.8,4.428,10.69,0.675,11.676,1,8.8145,8.2569,0,1
HUGGINGFACE-07194af5f540,"ע""פ 5305/07",2010-09-06,2010,-5,1,,1,3,0,0,0,0.0,0,0,0,0,0,0,0,0,0,0,0,0,0,0,0,4119,heading_discussion_numbered,3264,13.6,24.0,4.325,7.812,0.919,17.77,0,8.3234,8.0907,0,1
HUGGINGFACE-7d2e3c3d6417,"ע""פ 9275/06",2010-09-06,2010,-5,1,,1,3,0,0,0,0.0,0,0,0,0,0,0,0,0,0,0,0,0,0,0,0,7123,heading_discussion_numbered,5390,14.073,24.0,4.291,7.866,0.798,12.245,0,8.8711,8.5923,0,1
HUGGINGFACE-e9117a81dcc9,"ע""פ 194/08",2010-09-07,2010,-5,1,,1,3,0,0,0,0.0,0,0,0,0,0,0,0,0,0,1,0,0,0,0,0,2999,heading_discussion_decision,1133,22.216,39.0,4.286,11.65,1.059,11.474,0,8.006,7.0326,0,1
HUGGINGFACE-a1425cebb972,"ע""פ 5462/07",2010-09-12,2010,-5,1,,1,3,0,0,0,0.0,0,0,0,0,0,0,0,0,0,1,0,0,0,0,0,1893,whole_judgment,1893,17.528,32.6,4.13,5.388,0.264,13.207,0,7.5459,7.5459,0,1
HUGGINGFACE-eb19ba05ddfc,"ע""פ 5683/07",2010-10-04,2010,-5,1,,1,3,0,0,0,0.0,0,0,0,0,0,0,0,0,0,1,1,3,1,0,0,3393,heading_discussion_numbered,1868,19.458,37.0,4.263,6.531,0.91,23.019,0,8.1295,7.5326,0,1
HUGGINGFACE-e05c17a7c2a7,"ע""פ 8208/07",2010-10-11,2010,-5,1,,0,3,0,0,0,0.0,0,0,0,0,0,0,0,0,0,1,0,0,0,0,0,8885,heading_discussion_numbered,5624,19.326,41.0,4.102,6.223,0.96,25.782,0,9.0921,8.6348,0,1
HUGGINGFACE-17cdf128c9f3,"ע""פ 5954/06",2010-10-13,2010,-5,1,,1,3,0,0,0,0.0,0,0,0,0,0,0,0,0,0,0,0,0,0,0,0,6883,heading_discussion_numbered,4733,21.514,34.0,4.334,8.409,0.93,16.48,0,8.8368,8.4623,0,0
HUGGINGFACE-5141a8d90a41,"ע""פ 6903/09",2010-10-28,2010,-5,1,,0,3,0,0,0,0.0,0,0,0,0,0,1,1,1,1,0,0,0,0,0,0,1467,court_turn_phrase,475,15.323,37.0,4.219,7.368,1.474,31.579,0,7.291,6.1633,0,0
HUGGINGFACE-1b452baff0f6,"ע""פ 8974/07",2010-11-03,2010,-5,1,,1,3,0,0,0,0.0,0,0,0,0,0,0,0,0,0,0,0,0,0,0,0,13202,heading_discussion_decision,11343,17.668,36.0,4.356,11.787,2.416,29.093,0,9.4881,9.3364,0,1
HUGGINGFACE-64ad29ed04b9,"ע""פ 3768/08",2010-11-07,2010,-5,1,,1,3,0,0,0,0.0,0,0,0,0,0,0,0,0,0,1,0,0,0,0,0,3838,whole_judgment,3838,20.634,35.0,4.196,7.869,1.381,25.795,0,8.2527,8.2527,0,1
HUGGINGFACE-614e80e8fc9a,"ע""פ 8058/10",2010-11-14,2010,-5,0,ערעור פסלות שופט,1,1,0,0,0,0.0,0,0,0,0,0,0,0,0,0,0,0,0,0,0,0,1260,court_turn_phrase,846,24.882,43.5,4.305,6.501,0.591,10.638,0,7.1389,6.7405,0,1
HUGGINGFACE-bef59bdf74dd,"ע""פ 1856/10",2010-11-22,2010,-5,1,,1,3,0,0,0,0.0,0,0,0,0,0,0,0,0,0,0,0,0,0,0,0,7537,heading_discussion_decision,3871,18.259,31.9,4.397,8.525,0.749,14.208,0,8.9276,8.2613,0,1
HUGGINGFACE-e68fdf227656,"ע""פ 4720/09",2010-11-25,2010,-5,1,,1,3,0,0,0,0.0,0,0,0,0,0,0,0,0,0,1,0,0,0,0,0,398,whole_judgment,398,17.304,24.8,4.402,7.035,0.754,0.0,0,5.9865,5.9865,1,1
HUGGINGFACE-ffc2037834c5,"ע""פ 6283/09",2010-11-25,2010,-5,1,,0,3,1,1,1,0.6931471805599453,1,0,0,0,0,0,0,0,0,1,0,0,0,0,0,509,whole_judgment,509,23.136,44.9,4.165,4.126,0.196,3.929,1,6.2324,6.2324,0,1
HUGGINGFACE-7f30aebba18a,"ע""פ 2977/10",2010-11-29,2010,-5,1,,0,3,0,0,0,0.0,0,0,0,0,0,1,1,1,1,1,0,0,0,0,0,475,whole_judgment,475,19.792,29.0,4.461,7.579,0.0,4.211,0,6.1633,6.1633,0,1
HUGGINGFACE-b52710b2c548,"ע""פ 3105/06",2010-12-02,2010,-5,1,,1,3,1,4,2,1.6094379124341005,2,1,2,1,1,0,0,0,0,0,1,1,0,0,1,14363,heading_discussion_numbered,10433,14.004,30.0,4.222,8.713,1.879,16.965,1,9.5724,9.2527,0,1
HUGGINGFACE-fb004ce71c59,"ע""פ 2990/09",2010-12-14,2010,-5,1,,0,3,0,0,0,0.0,0,0,0,0,0,0,0,0,0,1,0,0,0,0,0,1215,heading_discussion_decision,73,12.167,20.5,4.534,5.479,0.0,0.0,0,7.1025,4.2905,0,1
HUGGINGFACE-ab5510f1c9d0,"ע""פ 211/10",2010-12-22,2010,-5,1,,0,3,0,0,0,0.0,0,0,0,0,0,0,0,0,0,0,0,0,0,0,0,195,whole_judgment,195,10.263,16.6,4.39,2.564,0.0,10.256,0,5.273,5.273,0,0
HUGGINGFACE-5ec893c90ed0,"ע""פ 9131/10",2011-01-04,2011,-4,0,ערעור פסלות שופט,0,1,0,0,0,0.0,0,0,0,0,0,0,0,0,0,0,0,0,0,0,0,715,court_turn_phrase,231,17.769,30.8,4.58,12.121,2.165,21.645,0,6.5723,5.4424,0,1
HUGGINGFACE-33edb928a24f,"ע""פ 2247/10",2011-01-12,2011,-4,1,,0,3,1,10,3,2.3978952727983707,6,1,4,0,1,1,1,1,2,0,1,4,1,0,0,20953,heading_discussion_numbered,2942,22.12,41.0,4.324,8.226,1.054,20.394,1,9.95,7.9868,0,1
HUGGINGFACE-e5f856f88a52,"ע""פ 4082/08",2011-01-13,2011,-4,1,,0,3,0,0,0,0.0,0,0,0,0,0,0,0,0,0,1,0,0,0,0,0,2768,whole_judgment,2768,15.727,31.5,4.225,7.045,0.867,21.676,0,7.9259,7.9259,0,1
HUGGINGFACE-b3a939fece3a,"ע""פ 7032/08",2011-01-17,2011,-4,1,,0,3,0,0,0,0.0,0,0,0,0,0,1,0,-1,5,1,0,0,0,0,0,2040,whole_judgment,2040,20.0,37.8,4.212,6.029,0.588,9.314,0,7.6207,7.6207,0,1
HUGGINGFACE-f9fb8a26e3dc,"ע""פ 691/10",2011-01-30,2011,-4,1,,0,3,1,1,1,0.6931471805599453,1,0,0,0,0,0,0,0,0,1,0,0,0,0,0,1883,whole_judgment,1883,26.521,46.0,4.307,7.01,0.584,9.559,1,7.5406,7.5406,0,1
HUGGINGFACE-9a145251fbfa,"ע""פ 8828/08",2011-02-03,2011,-4,1,,1,3,0,0,0,0.0,0,0,0,0,0,0,0,0,0,0,0,0,0,0,0,4249,whole_judgment,4249,18.969,33.0,4.318,8.637,0.965,16.945,0,8.3544,8.3544,0,1
HUGGINGFACE-827b198c09f2,"ע""פ 9090/07",2011-02-09,2011,-4,1,,0,3,1,1,1,0.6931471805599453,1,0,0,0,0,0,0,0,0,1,0,0,0,0,0,5746,heading_discussion_decision,1297,18.529,37.2,4.289,8.712,0.54,20.046,1,8.6563,7.1678,0,1
HUGGINGFACE-d2aa44671674,"ע""פ 3404/10",2011-02-24,2011,-4,1,,0,3,0,0,0,0.0,0,0,0,0,0,0,0,0,0,1,0,0,0,0,0,555,whole_judgment,555,21.346,33.5,4.274,8.288,0.36,10.811,0,6.319,6.319,0,1
HUGGINGFACE-d9795360a936,"ע""פ 2518/10",2011-02-24,2011,-4,1,,0,3,0,0,0,0.0,0,0,0,0,0,1,1,1,1,1,0,0,0,0,0,410,court_turn_phrase,171,21.375,32.0,4.228,7.018,0.0,5.848,0,6.0162,5.1417,0,1
HUGGINGFACE-3f412057428f,"ע""פ 10365/08",2011-03-07,2011,-4,1,,1,3,0,0,0,0.0,0,0,0,0,0,0,0,0,0,1,1,3,0,0,1,13769,heading_discussion_decision,11297,13.93,28.0,4.258,7.542,0.69,18.058,0,9.5302,9.3323,0,1
HUGGINGFACE-a3a5d368607b,"ע""פ 140/10",2011-03-09,2011,-4,1,,0,3,0,0,0,0.0,0,0,0,0,0,0,0,0,0,1,0,0,0,0,0,7304,heading_discussion_decision,1527,19.577,38.3,4.376,10.478,0.72,23.576,0,8.8962,7.3311,0,1
HUGGINGFACE-d6ea8e479798,"ע""פ 40/10",2011-03-30,2011,-4,1,,1,3,0,0,0,0.0,0,0,0,0,0,0,0,0,0,1,0,0,0,0,0,1930,whole_judgment,1930,16.218,30.0,4.321,7.098,0.725,17.098,0,7.5653,7.5653,0,1
HUGGINGFACE-28f722aa0bf0,"ע""פ 6809/09",2011-03-31,2011,-4,1,,0,3,0,0,0,0.0,0,0,0,0,0,0,0,0,0,1,0,0,0,0,0,7403,heading_discussion_decision,5341,18.417,38.0,4.288,7.433,1.161,20.034,0,8.9096,8.5832,0,1
HUGGINGFACE-33fd5fb195a1,"ע""פ 373/10",2011-04-03,2011,-4,1,,0,3,1,4,2,1.6094379124341005,2,1,2,1,1,0,0,0,0,1,0,0,0,0,0,3986,whole_judgment,3986,16.89,32.5,4.25,8.354,0.953,12.795,1,8.2905,8.2905,0,1
HUGGINGFACE-37b980eaca08,"ע""פ 3115/09",2011-04-13,2011,-4,1,,1,3,0,0,0,0.0,0,0,0,0,0,0,0,0,0,1,0,0,0,0,0,1774,whole_judgment,1774,21.373,36.8,4.189,5.637,1.015,13.529,0,7.481,7.481,0,1
HUGGINGFACE-906cf8306996,"ע""פ 310/09",2011-04-14,2011,-4,1,,1,3,0,0,0,0.0,0,0,0,0,0,0,0,0,0,0,0,0,0,0,0,1767,whole_judgment,1767,19.0,30.8,4.331,7.697,0.792,8.489,0,7.477,7.477,1,0
HUGGINGFACE-7b4ccd3e74ed,"ע""פ 7961/09",2011-05-16,2011,-4,1,,1,3,0,0,0,0.0,0,0,0,0,0,0,0,0,0,1,0,0,0,0,0,1196,whole_judgment,1196,18.688,29.4,4.397,7.692,0.753,3.344,0,7.0867,7.0867,1,1
HUGGINGFACE-01d7e0444b29,"ע""פ 4709/10",2011-05-19,2011,-4,1,,1,3,0,0,0,0.0,0,0,0,0,0,0,0,0,0,1,0,0,0,0,0,2283,whole_judgment,2283,20.026,36.4,4.301,6.833,0.964,16.645,0,7.7332,7.7332,0,1
HUGGINGFACE-8f54a9dd70ce,"ע""פ 1725/06",2011-05-25,2011,-4,1,,1,3,0,0,0,0.0,0,0,0,0,0,0,0,0,0,0,0,0,0,0,0,2520,heading_discussion_decision,985,13.493,27.0,4.321,11.371,0.406,36.548,0,7.832,6.8926,0,1
HUGGINGFACE-a02b271802c3,"ע""פ 8564/07",2011-05-25,2011,-4,1,,1,3,0,0,0,0.0,0,0,0,0,0,0,0,0,0,0,0,0,0,0,0,8169,heading_discussion_numbered,4276,17.312,33.0,4.236,8.185,0.959,25.959,0,9.0081,8.3608,0,1
HUGGINGFACE-c2d7d1a225d0,"ע""פ 5640/10",2011-06-01,2011,-4,1,,1,3,0,0,0,0.0,0,0,0,0,0,0,0,0,0,1,0,0,0,0,0,293,whole_judgment,293,19.533,29.0,4.113,5.461,0.0,6.826,0,5.6802,5.6802,1,1
HUGGINGFACE-526e5660d02f,"ע""פ 9035/10",2011-06-15,2011,-4,1,,0,3,0,0,0,0.0,0,0,0,0,0,0,0,0,0,1,0,0,0,0,0,1077,whole_judgment,1077,22.438,34.0,4.218,6.592,0.464,11.142,0,6.9819,6.9819,0,1
HUGGINGFACE-2ececa4f0f1e,"ע""פ 5935/09",2011-06-22,2011,-4,1,,1,3,0,0,0,0.0,0,0,0,0,0,0,0,0,0,1,0,0,0,0,0,311,whole_judgment,311,17.278,28.4,4.289,9.325,0.965,9.646,0,5.7398,5.7398,1,1
HUGGINGFACE-33f7b7cd6252,"ע""פ 8107/09",2011-06-27,2011,-4,1,,1,3,0,0,0,0.0,0,0,0,0,0,0,0,0,0,0,0,0,0,0,0,8411,heading_discussion_decision,5901,17.936,38.0,4.302,7.541,1.152,25.25,0,9.0373,8.6829,0,1
HUGGINGFACE-10a31a6da9bf,"ע""פ 10238/09",2011-07-04,2011,-4,1,,1,3,0,0,0,0.0,0,0,0,0,0,0,0,0,0,1,0,0,0,0,0,1232,heading_discussion_decision,101,10.1,14.7,4.307,3.96,0.0,0.0,0,7.1164,4.6151,1,1
HUGGINGFACE-ae0f363373af,"ע""פ 5764/09",2011-07-11,2011,-4,1,,1,3,0,0,0,0.0,0,0,0,0,0,0,0,0,0,1,0,0,0,0,0,2265,heading_discussion_numbered,1234,19.587,36.0,4.05,5.916,0.567,51.864,0,7.7253,7.118,0,1
HUGGINGFACE-686e90bb4154,"ע""פ 275/09",2011-07-28,2011,-4,1,,1,3,0,0,0,0.0,0,0,0,0,0,0,0,0,0,0,1,2,0,0,0,9578,court_turn_phrase,2204,15.971,27.3,4.462,9.71,1.497,17.241,0,9.1672,7.698,0,1
HUGGINGFACE-df466b089ed1,"ע""פ 4398/09",2011-08-01,2011,-4,1,,1,3,0,0,0,0.0,0,0,0,0,0,0,0,0,0,1,0,0,0,0,0,3239,whole_judgment,3239,20.631,37.0,4.162,6.175,0.895,23.773,0,8.083,8.083,0,1
HUGGINGFACE-09b2600aa376,"ע""פ 8287/05",2011-08-11,2011,-4,1,,1,3,0,0,0,0.0,0,0,0,0,0,0,0,0,0,0,0,0,0,0,0,10196,court_turn_phrase,101,12.625,25.8,3.743,7.921,2.97,0.0,0,9.2298,4.6151,0,0
HUGGINGFACE-958307fd164b,"ע""פ 3056/10",2011-09-05,2011,-4,1,,0,3,0,0,0,0.0,0,0,0,0,0,0,0,0,0,0,0,0,0,0,0,4103,heading_discussion_decision,1631,19.651,33.6,4.343,8.768,1.104,14.102,0,8.3195,7.3969,0,0
HUGGINGFACE-e3f55aa10d4d,"ע""פ 1776/06",2011-09-05,2011,-4,1,,1,3,0,0,0,0.0,0,0,0,0,0,0,0,0,0,1,1,4,1,0,1,10817,heading_discussion_numbered,7947,14.115,25.0,4.355,8.947,0.692,18.246,0,9.2889,8.9805,0,1
HUGGINGFACE-a64265b76ba5,"ע""פ 8146/09",2011-09-08,2011,-4,1,,0,3,0,0,0,0.0,0,0,0,0,0,0,0,0,0,0,0,0,0,0,0,6958,whole_judgment,6958,19.382,37.0,4.241,7.675,1.049,24.145,0,8.8476,8.8476,0,0
HUGGINGFACE-7cfb31c4d3d1,"ע""פ 1210/10",2011-09-11,2011,-4,1,,0,3,0,0,0,0.0,0,0,0,0,0,0,0,0,0,0,0,0,0,0,0,689,whole_judgment,689,20.879,40.0,4.154,4.354,0.0,18.868,0,6.5352,6.5352,0,1
HUGGINGFACE-0d39ef6675b2,"ע""פ 6524/10",2011-09-15,2011,-4,1,,0,3,0,0,0,0.0,0,0,0,0,0,0,0,0,0,1,0,0,0,0,0,1349,whole_judgment,1349,19.838,35.6,4.17,5.263,0.593,14.085,0,7.2071,7.2071,0,1
HUGGINGFACE-9adf8ef65d0f,"ע""פ 7355/08",2011-09-21,2011,-4,1,,1,3,0,0,0,0.0,0,0,0,0,0,0,0,0,0,0,0,0,0,0,0,3821,heading_discussion_numbered,2010,19.515,30.0,4.158,6.965,0.995,19.9,0,8.2483,7.6059,0,1
HUGGINGFACE-796f7cd994be,"ע""פ 3753/11",2011-09-25,2011,-4,1,,0,3,0,0,0,0.0,0,0,0,0,0,0,0,0,0,1,0,0,0,0,0,532,whole_judgment,532,16.625,28.9,4.165,8.083,0.188,22.556,0,6.2766,6.2766,0,1
HUGGINGFACE-12c9680d74b2,"ע""פ 8748/08",2011-10-10,2011,-4,1,,0,3,1,1,1,0.6931471805599453,1,0,0,0,0,0,0,0,0,1,1,22,1,1,1,12199,heading_discussion_numbered,6075,17.609,37.0,4.311,8.181,1.103,17.613,1,9.4091,8.7119,0,1
HUGGINGFACE-40ad82df32bf,"ע""פ 1941/10",2011-11-08,2011,-4,1,,0,3,0,0,0,0.0,0,0,0,0,0,1,1,1,1,0,0,0,0,0,0,347,court_turn_phrase,63,21.0,35.4,4.397,7.937,0.0,0.0,0,5.8493,4.1431,0,1
HUGGINGFACE-7b0eb4b46fc1,"ע""פ 2869/09",2011-11-09,2011,-4,1,,1,3,0,0,0,0.0,0,0,0,0,0,1,1,1,3,0,0,0,0,0,0,10904,court_turn_phrase,3895,19.772,33.0,4.309,8.087,0.847,12.067,0,9.2969,8.2674,0,1
HUGGINGFACE-c4b0032e5458,"ע""פ 7477/08",2011-11-14,2011,-4,1,,1,3,1,1,1,0.6931471805599453,1,0,0,0,0,0,0,0,0,1,0,0,0,0,0,34028,heading_discussion_decision,19540,18.109,33.0,4.248,7.948,0.962,11.566,1,10.4349,9.8802,0,1
HUGGINGFACE-8fe0569c7339,"ע""פ 5956/08",2011-11-23,2011,-4,1,,1,3,0,0,0,0.0,0,0,0,0,0,0,0,0,0,0,0,0,0,0,0,9011,heading_discussion_decision,8073,15.319,29.4,4.35,8.361,0.818,11.891,0,9.1062,8.9963,0,1
HUGGINGFACE-a76e69a724d4,"ע""פ 2098/08",2011-12-28,2011,-4,1,,1,3,0,0,0,0.0,0,0,0,0,0,1,1,1,1,0,0,0,0,0,0,12997,heading_discussion_numbered,11463,16.168,29.0,4.346,8.113,1.37,13.26,0,9.4725,9.3469,0,1
HUGGINGFACE-ba8c1575b41d,"ע""פ 8328/05",2012-01-02,2012,-3,1,,1,3,0,0,0,0.0,0,0,0,0,0,0,0,0,0,0,1,2,1,0,0,6185,court_turn_phrase,2555,23.018,44.0,4.356,8.571,1.448,12.133,0,8.7299,7.8458,0,1
HUGGINGFACE-bf506d6e5e78,"ע""פ 10342/06",2012-01-02,2012,-3,1,,1,3,0,0,0,0.0,0,0,0,0,0,0,0,0,0,1,0,0,0,0,0,2164,whole_judgment,2164,12.295,25.5,4.128,4.898,0.416,5.083,0,7.6797,7.6797,0,1
HUGGINGFACE-90ccd18272f2,"ע""פ 2842/10",2012-01-23,2012,-3,1,,0,3,1,2,2,1.0986122886681098,2,0,0,0,0,0,0,0,0,1,1,1,0,0,1,11087,heading_discussion_decision,7967,17.433,32.4,4.402,9.64,1.243,16.945,1,9.3135,8.9831,0,1
HUGGINGFACE-9c6a41d26f75,"ע""פ 4383/06",2012-01-25,2012,-3,1,,1,3,0,0,0,0.0,0,0,0,0,0,0,0,0,0,1,0,0,0,0,0,6267,heading_discussion_decision,3337,19.515,38.0,4.315,8.9,0.749,26.371,0,8.7431,8.1128,0,1
HUGGINGFACE-c7c04ba45065,"ע""פ 9484/06",2012-01-25,2012,-3,1,,1,3,0,0,0,0.0,0,0,0,0,0,0,0,0,0,1,0,0,0,0,0,6267,heading_discussion_decision,3337,19.515,38.0,4.315,8.9,0.749,26.371,0,8.7431,8.1128,0,1
HUGGINGFACE-7e96aca655df,"ע""פ 4077/10",2012-02-15,2012,-3,1,,1,3,0,0,0,0.0,0,0,0,0,0,1,1,1,1,0,0,0,0,0,0,1779,whole_judgment,1779,18.153,31.6,4.364,6.802,0.281,15.177,0,7.4838,7.4838,0,1
HUGGINGFACE-00ab1bad61ad,"ע""פ 6972/09",2012-02-27,2012,-3,1,,1,3,1,30,3,3.4339872044851463,10,1,20,1,1,0,0,0,0,1,1,1,0,0,1,17771,heading_discussion_decision,13480,19.257,39.0,4.228,7.797,0.964,20.92,1,9.7853,9.509,0,1
HUGGINGFACE-6b7a8d4765b7,"ע""פ 9628/09",2012-03-01,2012,-3,1,,0,3,0,0,0,0.0,0,0,0,0,0,0,0,0,0,0,0,0,0,0,0,3204,heading_discussion_decision,2350,15.772,35.2,4.368,8.638,0.426,28.085,0,8.0722,7.7622,0,0
HUGGINGFACE-273acdc3c869,"ע""פ 2196/10",2012-03-08,2012,-3,1,,0,3,0,0,0,0.0,0,0,0,0,0,0,0,0,0,1,0,0,0,0,0,2668,heading_discussion_decision,1289,16.961,30.0,4.395,8.534,0.776,20.171,0,7.8891,7.1616,0,1
HUGGINGFACE-e0d4db495880,"ע""פ 5420/11",2012-03-08,2012,-3,1,,0,3,0,0,0,0.0,0,0,0,0,0,0,0,0,0,0,0,0,0,0,0,669,whole_judgment,669,15.558,28.8,4.525,8.072,0.598,1.495,0,6.5058,6.5058,0,1
HUGGINGFACE-73823124bf3c,"ע""פ 2772/11",2012-03-21,2012,-3,1,,0,3,0,0,0,0.0,0,0,0,0,0,1,1,1,1,0,0,0,0,0,0,3202,heading_discussion_decision,1618,13.948,29.5,4.26,8.096,0.865,24.104,0,8.0715,7.3889,0,1
HUGGINGFACE-b2f9cd7cc5ec,"ע""פ 3627/11",2012-03-21,2012,-3,1,,1,3,0,0,0,0.0,0,0,0,0,0,0,0,0,0,0,0,0,0,0,0,1269,court_turn_phrase,593,22.808,31.0,4.427,9.781,0.506,16.863,0,7.146,6.3852,0,1
HUGGINGFACE-a12bb3039904,"ע""פ 2562/10",2012-04-02,2012,-3,1,,1,3,0,0,0,0.0,0,0,0,0,0,0,0,0,0,1,0,0,0,0,0,2519,whole_judgment,2519,19.992,35.5,4.382,7.781,1.151,10.719,0,7.8316,7.8316,0,1
HUGGINGFACE-c6b2072f1b4c,"ע""פ 1948/09",2012-04-23,2012,-3,1,,1,3,0,0,0,0.0,0,0,0,0,0,1,1,1,1,1,0,0,0,0,0,6722,heading_discussion_decision,4206,14.604,28.0,4.165,8.321,0.903,37.328,0,8.8131,8.3443,0,1
HUGGINGFACE-84952f1dc5f5,"ע""פ 7062/10",2012-04-25,2012,-3,1,,0,3,0,0,0,0.0,0,0,0,0,0,0,0,0,0,0,0,0,0,0,0,456,whole_judgment,456,11.4,18.6,4.36,5.263,0.658,4.386,0,6.1225,6.1225,0,1
HUGGINGFACE-728ebf11b386,"ע""פ 9703/09",2012-04-30,2012,-3,1,,1,3,0,0,0,0.0,0,0,0,0,0,1,1,1,1,1,0,0,0,0,0,299,whole_judgment,299,12.458,23.7,4.421,10.702,1.003,0.0,0,5.7004,5.7004,1,1
HUGGINGFACE-30e7912f973c,"ע""פ 5/10",2012-05-02,2012,-3,1,,1,3,0,0,0,0.0,0,0,0,0,0,0,0,0,0,0,0,0,0,0,0,2266,whole_judgment,2266,20.232,33.9,4.276,7.944,0.618,8.385,0,7.7258,7.7258,0,0
HUGGINGFACE-171bacc7d00c,"ע""פ 213/09",2012-05-08,2012,-3,1,,0,3,0,0,0,0.0,0,0,0,0,0,0,0,0,0,1,0,0,0,0,0,939,whole_judgment,939,12.689,24.0,4.323,8.094,0.958,7.455,0,6.8448,6.8448,0,1
HUGGINGFACE-3a2e3f133fc5,"ע""פ 5693/10",2012-05-09,2012,-3,1,,0,3,0,0,0,0.0,0,0,0,0,0,0,0,0,0,1,0,0,0,0,0,1256,heading_discussion_decision,307,13.348,25.2,4.16,6.189,1.303,3.257,0,7.1357,5.7268,0,1
HUGGINGFACE-aa5bab886762,"ע""פ 2979/10",2012-05-16,2012,-3,1,,0,3,0,0,0,0.0,0,0,0,0,0,1,1,1,2,0,0,0,0,0,0,433,whole_judgment,433,16.654,29.0,4.642,10.393,0.462,11.547,0,6.0707,6.0707,0,1
HUGGINGFACE-68e246db85a3,"ע""פ 7144/11",2012-05-17,2012,-3,1,,0,3,0,0,0,0.0,0,0,0,0,0,0,0,0,0,1,0,0,0,0,0,2467,heading_discussion_decision,1504,16.348,27.0,4.4,9.176,0.864,14.628,0,7.8108,7.3159,0,1
HUGGINGFACE-f14f18e6df5c,"ע""פ 2270/10",2012-05-31,2012,-3,1,,1,3,0,0,0,0.0,0,0,0,0,0,0,0,0,0,0,1,1,0,0,1,6938,whole_judgment,6938,14.424,30.0,4.249,7.336,0.908,4.18,0,8.8448,8.8448,0,1
HUGGINGFACE-b6a33301b63d,"ע""פ 6041/10",2012-06-07,2012,-3,1,,0,3,0,0,0,0.0,0,0,0,0,0,0,0,0,0,1,0,0,0,0,0,3892,whole_judgment,3892,17.853,32.0,4.365,7.76,0.411,10.534,0,8.2667,8.2667,0,1
HUGGINGFACE-2d76be2fa1a6,"ע""פ 4697/10",2012-06-18,2012,-3,1,,0,3,0,0,0,0.0,0,0,0,0,0,0,0,0,0,1,0,0,0,0,0,2037,heading_discussion_numbered,1466,19.289,36.5,4.342,7.094,0.546,17.053,0,7.6192,7.2903,0,1
HUGGINGFACE-9a62f37349dc,"ע""פ 10091/09",2012-06-25,2012,-3,1,,1,3,0,0,0,0.0,0,0,0,0,0,0,0,0,0,0,0,0,0,0,0,4781,whole_judgment,4781,15.472,28.0,4.3,7.99,1.652,26.145,0,8.4724,8.4724,0,0
HUGGINGFACE-680e59c0eeec,"ע""פ 2359/11",2012-06-28,2012,-3,1,,1,3,0,0,0,0.0,0,0,0,0,0,0,0,0,0,1,0,0,0,0,0,799,whole_judgment,799,22.194,37.0,4.387,7.134,0.125,11.264,0,6.6834,6.6834,0,1
HUGGINGFACE-d59711ada206,"ע""פ 7300/09",2012-07-04,2012,-3,1,,1,3,0,0,0,0.0,0,0,0,0,0,0,0,0,0,0,0,0,0,0,0,4115,whole_judgment,4115,19.229,33.0,4.27,7.849,1.045,8.991,0,8.3224,8.3224,0,1
HUGGINGFACE-2a8fcaf3a65e,"ע""פ 7010/09",2012-07-05,2012,-3,1,,1,3,0,0,0,0.0,0,0,0,0,0,0,0,0,0,0,0,0,0,0,0,11013,whole_judgment,11013,18.572,37.0,4.35,9.126,1.326,21.52,0,9.3068,9.3068,0,1
HUGGINGFACE-a8654325cb85,"ע""פ 7721/11",2012-07-16,2012,-3,1,,0,3,0,0,0,0.0,0,0,0,0,0,1,1,1,2,1,0,0,0,0,0,1212,heading_discussion_numbered,497,23.667,35.0,4.467,8.853,1.207,30.181,0,7.1,6.2086,0,1
HUGGINGFACE-aecd1b040b34,"ע""פ 6327/10",2012-07-17,2012,-3,1,,1,3,0,0,0,0.0,0,0,0,0,0,0,0,0,0,1,0,0,0,0,0,1116,whole_judgment,1116,18.915,30.0,4.323,5.556,0.448,9.857,0,7.0175,7.0175,0,1
HUGGINGFACE-2fdac57da77e,"ע""פ 6095/10",2012-07-18,2012,-3,1,,0,3,0,0,0,0.0,0,0,0,0,0,1,1,1,1,1,0,0,0,0,0,1003,court_turn_phrase,437,20.81,35.0,4.307,7.78,0.686,25.172,0,6.9108,6.0799,0,1
HUGGINGFACE-91ac0bc4940c,"ע""פ 8273/07",2012-07-18,2012,-3,1,,1,3,0,0,0,0.0,0,0,0,0,0,0,0,0,0,0,0,0,0,0,0,6858,heading_discussion_numbered,4800,16.783,29.0,4.326,7.292,0.688,26.875,0,8.8332,8.4764,0,1
HUGGINGFACE-e754aa1ad220,"ע""פ 3920/09",2012-07-18,2012,-3,1,,1,3,0,0,0,0.0,0,0,0,0,0,0,0,0,0,1,0,0,0,0,0,1167,court_turn_phrase,415,16.6,27.0,4.205,6.265,0.723,16.867,0,7.0622,6.0283,1,1
HUGGINGFACE-5bd26e997c52,"ע""פ 8356/10",2012-07-30,2012,-3,1,,1,3,0,0,0,0.0,0,0,0,0,0,0,0,0,0,1,0,0,0,0,0,1052,heading_discussion_decision,113,8.692,19.6,4.044,5.31,0.0,0.0,0,6.9584,4.7274,0,1
HUGGINGFACE-d68190cfe7da,"ע""פ 10153/07",2012-07-30,2012,-3,1,,1,3,0,0,0,0.0,0,0,0,0,0,0,0,0,0,0,0,0,0,0,0,6760,whole_judgment,6760,17.696,33.9,4.324,7.722,0.828,17.899,0,8.8188,8.8188,0,1
HUGGINGFACE-561c92a295cf,"ע""פ 9423/10",2012-07-31,2012,-3,1,,1,3,0,0,0,0.0,0,0,0,0,0,0,0,0,0,1,0,0,0,0,0,891,heading_discussion_decision,99,11.0,16.0,4.404,7.071,0.0,0.0,0,6.7923,4.5951,0,1
HUGGINGFACE-1fd94c5360dd,"ע""פ 5797/11",2012-08-05,2012,-3,1,,1,3,0,0,0,0.0,0,0,0,0,0,0,0,0,0,0,0,0,0,0,0,1472,heading_discussion_numbered,308,14.667,32.0,4.146,8.442,0.649,35.714,0,7.2944,5.7301,1,1
HUGGINGFACE-d649eba6e433,"ע""פ 5656/11",2012-08-05,2012,-3,1,,0,3,0,0,0,0.0,0,0,0,0,0,0,0,0,0,1,0,0,0,0,0,6839,heading_discussion_decision,5083,20.332,37.0,4.317,9.384,0.846,14.558,0,8.8304,8.5337,0,1
HUGGINGFACE-97c44c68ae21,"ע""פ 10049/08",2012-08-23,2012,-3,1,,1,3,1,4,2,1.6094379124341005,0,1,4,0,1,0,0,0,0,0,1,6,1,1,1,29537,heading_discussion_decision,20948,17.284,34.0,4.387,8.936,1.184,18.808,0,10.2934,9.9498,0,1
HUGGINGFACE-ae999ea68878,"ע""פ 6968/09",2012-08-30,2012,-3,1,,0,3,0,0,0,0.0,0,0,0,0,0,0,0,0,0,1,0,0,0,0,0,8923,heading_discussion_decision,5930,22.377,39.0,4.271,8.398,0.826,16.863,0,9.0964,8.6878,0,1
HUGGINGFACE-497264861412,"ע""פ 3751/11",2012-09-02,2012,-3,1,,0,3,0,0,0,0.0,0,0,0,0,0,1,1,1,3,1,0,0,0,0,0,10036,heading_discussion_numbered,9019,18.868,35.0,4.17,7.096,0.621,13.083,0,9.2139,9.1071,0,1
HUGGINGFACE-1f567446e73b,"ע""פ 4514/10",2012-09-03,2012,-3,1,,1,3,0,0,0,0.0,0,0,0,0,0,0,0,0,0,0,1,5,1,0,0,9209,heading_discussion_decision,4615,19.978,34.0,4.505,11.246,1.278,15.168,0,9.1279,8.4371,0,1
HUGGINGFACE-80e678d4cccb,"ע""פ 10209/06",2012-09-03,2012,-3,1,,1,3,0,0,0,0.0,0,0,0,0,0,0,0,0,0,1,0,0,0,0,0,3075,whole_judgment,3075,14.573,28.0,4.228,6.927,0.911,25.041,0,8.0311,8.0311,0,1
HUGGINGFACE-92711143bcdc,"ע""פ 6106/09",2012-09-06,2012,-3,1,,1,3,0,0,0,0.0,0,0,0,0,0,0,0,0,0,1,0,0,0,0,0,4835,heading_discussion_decision,2881,21.184,37.5,4.414,9.198,0.59,7.983,0,8.4836,7.9659,0,1
HUGGINGFACE-deb1b58b307a,"ע""פ 1577/10",2012-09-12,2012,-3,1,,1,3,0,0,0,0.0,0,0,0,0,0,0,0,0,0,1,0,0,0,0,0,7173,heading_discussion_decision,3666,14.723,27.0,4.335,8.62,0.709,8.456,0,8.8781,8.2069,0,1
HUGGINGFACE-85c9bfe33955,"ע""פ 3156/10",2012-10-16,2012,-3,1,,1,3,1,1,1,0.6931471805599453,1,0,0,1,1,0,0,0,0,1,1,1,0,0,0,3312,heading_discussion_decision,1733,16.196,32.4,4.313,8.309,1.212,14.426,1,8.1053,7.4576,0,1
HUGGINGFACE-42a1d1735b30,"ע""פ 502/10",2012-10-22,2012,-3,1,,1,3,0,0,0,0.0,0,0,0,0,0,0,0,0,0,0,0,0,0,0,0,7366,heading_discussion_decision,5158,23.661,43.3,4.33,8.434,1.047,25.397,0,8.9046,8.5483,0,1
HUGGINGFACE-4ec32755a96f,"ע""פ 5486/10",2012-10-23,2012,-3,1,,1,3,0,0,0,0.0,0,0,0,0,0,0,0,0,0,1,0,0,0,0,0,1394,heading_discussion_decision,152,15.2,21.7,4.349,5.921,1.316,0.0,0,7.2399,5.0239,0,1
HUGGINGFACE-3878b98c91ad,"ע""פ 7000/10",2012-10-25,2012,-3,1,,0,3,0,0,0,0.0,0,0,0,0,0,0,0,0,0,1,0,0,0,0,0,5303,heading_discussion_decision,3455,21.067,38.0,4.285,8.307,0.926,26.049,0,8.576,8.1476,0,1
HUGGINGFACE-d58a7bbab08b,"ע""פ 6265/11",2012-10-28,2012,-3,1,,0,3,1,5,3,1.791759469228055,4,1,1,0,1,0,0,0,0,1,0,0,0,0,0,1759,heading_discussion_decision,374,17.81,26.0,4.497,9.626,0.535,10.695,1,7.4725,5.9243,0,1
HUGGINGFACE-df8306e252ab,"ע""פ 1864/11",2012-11-07,2012,-3,1,,1,3,1,2,2,1.0986122886681098,2,0,0,0,0,1,1,1,1,1,0,0,0,0,0,1809,whole_judgment,1809,18.459,34.6,4.313,8.071,0.774,21.559,1,7.5005,7.5005,0,1
HUGGINGFACE-d4e0c2ce9af3,"ע""פ 8704/09",2012-11-11,2012,-3,1,,1,3,0,0,0,0.0,0,0,0,0,0,0,0,0,0,0,0,0,0,0,0,19288,whole_judgment,19288,16.007,29.0,4.366,8.072,0.778,13.946,0,9.8672,9.8672,0,0
HUGGINGFACE-408a64961536,"ע""פ 520/12",2012-11-14,2012,-3,1,,0,3,0,0,0,0.0,0,0,0,0,0,0,0,0,0,1,0,0,0,0,0,659,court_turn_phrase,249,16.6,32.2,4.293,8.032,0.0,24.096,0,6.4907,5.5175,0,1
HUGGINGFACE-84657f87d3b0,"ע""פ 4394/12",2012-11-15,2012,-3,1,,0,3,0,0,0,0.0,0,0,0,0,0,0,0,0,0,1,0,0,0,0,0,1204,heading_discussion_decision,415,21.842,38.8,4.545,7.47,0.241,7.229,0,7.0934,6.0283,0,1
HUGGINGFACE-fcc7634808b7,"ע""פ 8902/11",2012-11-15,2012,-3,1,,1,3,0,0,0,0.0,0,0,0,0,0,0,0,0,0,1,0,0,0,0,0,11045,heading_discussion_decision,5469,21.964,38.2,4.403,9.398,1.335,11.154,0,9.3097,8.6069,0,1
HUGGINGFACE-0f0b5ed95038,"ע""פ 3623/11",2012-11-26,2012,-3,1,,1,3,1,1,1,0.6931471805599453,1,0,0,0,0,0,0,0,0,1,0,0,0,0,0,11760,heading_discussion_decision,8570,15.115,31.0,4.232,7.69,0.793,21.587,1,9.3725,9.056,0,1
HUGGINGFACE-da61f822abad,"ע""פ 6385/11",2012-12-03,2012,-3,1,,1,3,1,2,2,1.0986122886681098,2,0,0,0,0,1,1,1,1,1,0,0,0,0,0,7588,whole_judgment,7588,16.46,33.0,4.346,11.848,1.805,12.783,1,8.9343,8.9343,0,1
HUGGINGFACE-97fdcec0b7a1,"ע""פ 6187/10",2012-12-05,2012,-3,1,,1,3,0,0,0,0.0,0,0,0,0,0,1,1,1,3,1,0,0,0,0,0,1306,whole_judgment,1306,16.532,29.2,4.417,10.031,1.149,13.017,0,7.1747,7.1747,0,1
HUGGINGFACE-caed7ce3c636,"ע""פ 2933/08",2012-12-05,2012,-3,1,,1,3,0,0,0,0.0,0,0,0,0,0,0,0,0,0,0,0,0,0,0,0,3267,heading_discussion_decision,1404,14.474,27.8,4.36,9.9,1.14,24.929,0,8.0916,7.2471,0,0
HUGGINGFACE-084fbf73bd39,"ע""פ 5606/10",2012-12-19,2012,-3,1,,1,3,0,0,0,0.0,0,0,0,0,0,1,1,1,1,0,0,0,0,0,0,3048,court_turn_phrase,989,17.982,32.6,4.356,11.325,1.416,22.245,0,8.0222,6.8967,0,1
HUGGINGFACE-be885b99cdc4,"ע""פ 6415/11",2012-12-24,2012,-3,1,,1,3,0,0,0,0.0,0,0,0,0,0,0,0,0,0,1,0,0,0,0,0,9357,heading_discussion_decision,4181,18.5,34.5,4.247,7.821,0.813,24.874,0,9.1439,8.3383,0,1
HUGGINGFACE-888de4ae3895,"ע""פ 8667/10",2012-12-27,2012,-3,1,,1,3,0,0,0,0.0,0,0,0,0,0,0,0,0,0,0,0,0,0,0,0,4236,heading_discussion_decision,1887,18.144,31.0,4.303,7.843,0.848,21.198,0,8.3514,7.5427,0,1
HUGGINGFACE-68561d2c1001,"ע""פ 6908/10",2013-01-02,2013,-2,1,,1,3,0,0,0,0.0,0,0,0,0,0,0,0,0,0,0,0,0,0,0,0,7829,heading_discussion_decision,5919,20.768,37.6,4.264,9.647,0.862,18.246,0,8.9656,8.6859,0,1
HUGGINGFACE-ad670f569e96,"ע""פ 608/11",2013-01-03,2013,-2,1,,1,3,0,0,0,0.0,0,0,0,0,0,1,1,1,1,0,0,0,0,0,0,3368,whole_judgment,3368,20.289,34.5,4.291,6.354,0.653,5.641,0,8.1221,8.1221,0,0
HUGGINGFACE-19a9eb2d4539,"ע""פ 1902/10",2013-01-07,2013,-2,1,,1,3,0,0,0,0.0,0,0,0,0,0,0,0,0,0,1,0,0,0,0,0,5082,heading_discussion_decision,2929,22.359,40.0,4.34,7.375,1.058,22.875,0,8.5335,7.9824,0,1
HUGGINGFACE-794428b4b6e0,"ע""פ 6477/10",2013-01-08,2013,-2,1,,0,3,1,2,2,1.0986122886681098,2,0,0,0,0,0,0,0,0,0,0,0,0,0,0,1639,heading_discussion_decision,581,16.6,29.8,4.327,7.917,0.861,13.769,1,7.4018,6.3648,0,1
HUGGINGFACE-8896bed32892,"ע""פ 5581/11",2013-01-31,2013,-2,1,,1,3,0,0,0,0.0,0,0,0,0,0,0,0,0,0,1,0,0,0,0,0,915,court_turn_phrase,278,13.9,31.4,4.194,7.554,0.719,14.388,0,6.8189,5.6276,0,1
HUGGINGFACE-321f6c5aee0a,"ע""פ 2560/11",2013-02-07,2013,-2,1,,1,3,0,0,0,0.0,0,0,0,0,0,0,0,0,0,0,0,0,0,0,0,879,heading_discussion_decision,169,13.0,27.0,4.166,3.55,0.0,23.669,0,6.7788,5.1299,0,1
HUGGINGFACE-d1b5535b9a4e,"ע""פ 1338/10",2013-02-07,2013,-2,1,,1,3,0,0,0,0.0,0,0,0,0,0,1,1,1,1,1,0,0,0,0,0,2322,heading_discussion_decision,2164,17.593,29.0,4.523,9.935,1.017,3.235,0,7.7502,7.6797,0,1
HUGGINGFACE-f17cb61d7dc3,"ע""פ 2823/10",2013-02-07,2013,-2,1,,1,3,1,1,1,0.6931471805599453,1,0,0,0,0,0,0,0,0,0,0,0,0,0,0,5489,heading_discussion_decision,3600,19.251,32.8,4.523,11.333,2.722,16.389,1,8.6105,8.1887,0,1
HUGGINGFACE-8250571b69a0,"ע""פ 8743/09",2013-02-13,2013,-2,1,,1,3,0,0,0,0.0,0,0,0,0,0,0,0,0,0,0,1,1,0,0,1,6219,whole_judgment,6219,17.038,29.6,4.411,9.873,1.142,17.688,0,8.7354,8.7354,0,1
HUGGINGFACE-46b423aafcbd,"ע""פ 1612/10",2013-02-18,2013,-2,1,,1,3,1,2,2,1.0986122886681098,2,0,0,0,0,0,0,0,0,0,0,0,0,0,0,4554,heading_discussion_decision,1845,17.571,33.0,4.197,5.854,0.542,9.756,1,8.4238,7.5202,0,1
HUGGINGFACE-fbb80e8aa6ec,"ע""פ 131/08",2013-02-20,2013,-2,1,,1,3,0,0,0,0.0,0,0,0,0,0,0,0,0,0,0,0,0,0,0,0,4694,court_turn_phrase,1406,14.202,23.2,4.24,7.824,0.711,27.738,0,8.454,7.2485,0,1
HUGGINGFACE-0e798a715c64,"ע""פ 3953/10",2013-03-06,2013,-2,1,,1,3,1,4,2,1.6094379124341005,4,0,0,0,0,1,1,1,1,0,1,1,0,0,1,21350,heading_discussion_decision,14147,19.676,37.0,4.27,8.581,0.905,23.256,1,9.9688,9.5573,0,1
HUGGINGFACE-4f81de02ef51,"ע""פ 3834/10",2013-03-06,2013,-2,1,,1,3,1,2,2,1.0986122886681098,2,0,0,0,0,1,1,1,1,0,1,1,0,0,1,21350,heading_discussion_decision,14147,19.676,37.0,4.27,8.581,0.905,23.256,1,9.9688,9.5573,0,1
HUGGINGFACE-04b22a1c65fe,"ע""פ 6331/11",2013-03-07,2013,-2,1,,1,3,0,0,0,0.0,0,0,0,0,0,0,0,0,0,1,0,0,0,0,0,6168,heading_discussion_decision,5396,16.451,30.3,4.292,8.006,1.019,20.2,0,8.7271,8.5934,0,1
HUGGINGFACE-4eefdb33e5fc,"ע""פ 6221/11",2013-03-07,2013,-2,1,,1,3,0,0,0,0.0,0,0,0,0,0,0,0,0,0,1,0,0,0,0,0,1379,court_turn_phrase,709,22.156,34.6,4.491,11.425,0.987,5.642,0,7.2291,6.5639,1,1
HUGGINGFACE-922189ffb887,"ע""פ 7408/09",2013-03-10,2013,-2,1,,1,3,1,2,2,1.0986122886681098,2,0,0,0,0,0,0,0,0,0,1,5,1,0,1,9277,heading_discussion_decision,8311,18.889,36.0,4.394,10.336,1.612,21.417,1,9.1353,9.0253,0,1
HUGGINGFACE-744e14a1a221,"ע""פ 8349/12",2013-03-13,2013,-2,1,,0,3,0,0,0,0.0,0,0,0,0,0,0,0,0,0,1,0,0,0,0,0,1406,whole_judgment,1406,15.977,27.0,4.366,7.326,0.498,11.38,0,7.2485,7.2485,0,1
HUGGINGFACE-c74a3791132c,"ע""פ 5224/10",2013-03-14,2013,-2,1,,1,3,0,0,0,0.0,0,0,0,1,1,0,0,0,0,1,0,0,0,0,0,3405,heading_discussion_decision,1716,21.185,39.0,4.313,9.207,2.098,29.138,0,8.133,7.4478,0,1
HUGGINGFACE-53998ac33c66,"ע""פ 3132/10",2013-03-21,2013,-2,1,,1,3,0,0,0,0.0,0,0,0,0,0,0,0,0,0,0,0,0,0,0,0,8370,heading_discussion_decision,6662,17.126,30.0,4.228,6.319,0.841,10.657,0,9.0324,8.8042,0,1
HUGGINGFACE-a7b1587b8301,"ע""פ 1682/12",2013-04-07,2013,-2,1,,0,3,0,0,0,0.0,0,0,0,0,0,0,0,0,0,1,0,0,0,0,0,1035,heading_discussion_decision,254,23.091,33.0,4.406,7.874,0.787,0.0,0,6.9422,5.5373,0,1
HUGGINGFACE-257da275fa5a,"ע""פ 10472/09",2013-04-10,2013,-2,1,,1,3,0,0,0,0.0,0,0,0,0,0,1,1,1,1,0,0,0,0,0,0,38211,whole_judgment,38211,15.783,35.0,4.207,7.199,0.644,20.989,0,10.5509,10.5509,0,1
HUGGINGFACE-51e59d2154e0,"ע""פ 6144/10",2013-04-10,2013,-2,1,,1,3,0,0,0,0.0,0,0,0,0,0,0,0,0,0,0,0,0,0,0,0,12683,heading_discussion_decision,10625,16.498,34.0,4.332,8.471,1.073,25.694,0,9.448,9.271,0,1
HUGGINGFACE-648fb82488dd,"ע""פ 10477/09",2013-04-10,2013,-2,1,,1,3,0,0,0,0.0,0,0,0,0,0,1,1,1,1,0,0,0,0,0,0,38182,whole_judgment,38182,15.771,35.0,4.21,7.205,0.644,21.005,0,10.5501,10.5501,0,1
HUGGINGFACE-c55ace11c5e8,"ע""פ 1844/12",2013-04-30,2013,-2,1,,1,3,0,0,0,0.0,0,0,0,0,0,1,1,1,1,1,1,1,0,0,1,742,whole_judgment,742,12.793,26.0,4.327,8.625,1.213,14.825,0,6.6093,6.6093,0,1
HUGGINGFACE-b087bad42aa9,"ע""פ 6522/10",2013-05-02,2013,-2,1,,1,3,0,0,0,0.0,0,0,0,0,0,1,1,1,1,1,0,0,0,0,0,10764,heading_discussion_numbered,7604,17.204,33.0,4.244,8.943,0.526,29.458,0,9.284,8.9364,0,1
HUGGINGFACE-99c4a9b97bcf,"ע""פ 6224/11",2013-05-19,2013,-2,1,,0,3,0,0,0,0.0,0,0,0,0,0,1,1,1,1,1,0,0,0,0,0,1584,heading_discussion_decision,818,16.039,29.0,4.436,8.802,0.489,22.005,0,7.3677,6.7069,0,1
HUGGINGFACE-fdf8bb131075,"ע""פ 5417/07",2013-05-30,2013,-2,1,,1,3,1,1,1,0.6931471805599453,1,0,0,1,1,0,0,0,0,0,0,0,0,0,0,7468,heading_discussion_decision,5759,20.278,39.0,4.457,11.912,1.806,20.837,1,8.9184,8.6585,0,1
HUGGINGFACE-3debd445e6d8,"ע""פ 3206/11",2013-06-10,2013,-2,1,,1,3,1,1,1,0.6931471805599453,1,0,0,0,0,1,1,1,1,1,0,0,0,0,0,3615,heading_discussion_decision,2396,21.393,37.0,4.323,7.262,0.25,20.868,1,8.1928,7.7816,0,1
HUGGINGFACE-69ef284475ea,"ע""פ 6162/10",2013-06-11,2013,-2,1,,1,3,1,2,2,1.0986122886681098,2,0,0,0,0,0,0,0,0,1,0,0,0,0,0,6974,whole_judgment,6974,19.372,38.0,4.299,7.786,1.204,18.497,1,8.8499,8.8499,0,1
HUGGINGFACE-339d6320b05c,"ע""פ 2376/12",2013-06-23,2013,-2,1,,0,3,1,1,1,0.6931471805599453,1,0,0,0,0,1,1,1,1,1,0,0,0,0,0,4399,heading_discussion_decision,2205,19.342,44.0,4.383,10.385,1.451,19.501,1,8.3891,7.6985,0,1
HUGGINGFACE-3a5f7156703c,"ע""פ 1353/13",2013-06-27,2013,-2,1,,0,3,0,0,0,0.0,0,0,0,0,0,1,1,1,1,1,0,0,0,0,0,6679,whole_judgment,6679,20.363,37.3,4.25,7.172,0.704,26.651,0,8.8067,8.8067,0,1
HUGGINGFACE-f2789609abe6,"ע""פ 7534/11",2013-06-30,2013,-2,1,,0,3,1,4,2,1.6094379124341005,2,1,2,0,1,0,0,0,0,1,0,0,0,0,0,1807,whole_judgment,1807,15.444,27.0,4.304,7.471,0.498,1.107,1,7.4994,7.4994,0,1
HUGGINGFACE-080535609159,"ע""פ 8279/11",2013-07-01,2013,-2,1,,0,3,1,8,3,2.19722457733622,8,0,0,1,1,0,0,0,0,1,1,22,1,1,1,16132,heading_discussion_decision,8414,22.679,41.0,4.436,9.96,1.01,7.963,1,9.6886,9.0377,0,1
HUGGINGFACE-214d9ea2817a,"ע""פ 8833/11",2013-07-01,2013,-2,1,,1,3,0,0,0,0.0,0,0,0,0,0,1,1,1,1,1,0,0,0,0,0,1263,heading_discussion_decision,117,14.625,25.3,4.205,5.983,0.855,0.0,0,7.1412,4.7622,0,1
HUGGINGFACE-2b2a9741b6a6,"ע""פ 9422/11",2013-07-04,2013,-2,1,,0,3,0,0,0,0.0,0,0,0,0,0,0,0,0,0,0,0,0,0,0,0,1754,heading_discussion_decision,689,20.879,40.2,4.411,6.967,1.161,10.16,0,7.4697,6.5352,0,0
HUGGINGFACE-9f083d3b76e6,"ע""פ 3452/11",2013-07-08,2013,-2,1,,1,3,1,3,2,1.3862943611198906,2,1,1,0,1,0,0,0,0,0,0,0,0,0,0,7556,heading_discussion_decision,4064,20.525,35.6,4.344,8.095,0.64,17.224,1,8.9301,8.3099,0,1
HUGGINGFACE-2881a0e73a1c,"ע""פ 690/10",2013-08-06,2013,-2,1,,1,3,0,0,0,0.0,0,0,0,0,0,0,0,0,0,1,1,2,0,0,1,3209,heading_discussion_decision,1893,18.559,31.0,4.401,12.15,1.004,25.357,0,8.0737,7.5459,0,1
HUGGINGFACE-568ed638c69d,"ע""פ 6427/10",2013-08-06,2013,-2,1,,1,3,0,0,0,0.0,0,0,0,0,0,0,0,0,0,0,0,0,0,0,0,14371,heading_discussion_decision,8492,17.087,33.4,4.376,8.161,1.119,15.662,0,9.573,9.0469,0,1
HUGGINGFACE-f71ee8953507,"ע""פ 1988/12",2013-08-15,2013,-2,1,,0,3,1,1,1,0.6931471805599453,1,0,0,0,0,0,0,0,0,1,0,0,0,0,0,1438,court_turn_phrase,569,16.257,29.6,4.418,8.612,0.703,36.907,1,7.271,6.3439,0,1
HUGGINGFACE-19ede5814949,"ע""פ 4178/10",2013-08-19,2013,-2,1,,1,3,0,0,0,0.0,0,0,0,0,0,0,0,0,0,0,0,0,0,0,0,9036,heading_discussion_decision,3717,18.964,35.0,4.425,9.631,1.049,25.289,0,9.109,8.2207,0,1
HUGGINGFACE-1457ff7b3fec,"ע""פ 5574/11",2013-08-20,2013,-2,1,,1,3,0,0,0,0.0,0,0,0,0,0,1,1,1,1,1,0,0,0,0,0,3063,heading_discussion_decision,1209,15.908,34.0,4.5,9.016,1.241,39.702,0,8.0272,7.0975,0,1
HUGGINGFACE-4145b9ee8e75,"ע""פ 8107/10",2013-09-09,2013,-2,1,,1,3,1,1,1,0.6931471805599453,1,0,0,0,0,0,0,0,0,0,0,0,0,0,0,7525,heading_discussion_decision,4321,18.787,39.0,4.269,7.799,1.412,25.226,1,8.926,8.3712,0,1
HUGGINGFACE-8fc4387b130d,"ע""פ 3752/11",2013-09-16,2013,-2,1,,1,3,0,0,0,0.0,0,0,0,0,0,0,0,0,0,0,0,0,0,0,0,3340,heading_discussion_decision,1677,16.125,26.7,4.228,7.752,0.775,10.137,0,8.1137,7.4248,0,1
HUGGINGFACE-eebb83d1a882,"ע""פ 3222/13",2013-09-17,2013,-2,1,,1,3,0,0,0,0.0,0,0,0,0,0,1,1,1,1,1,0,0,0,0,0,1578,heading_discussion_decision,510,18.889,41.8,4.288,6.471,0.392,41.176,0,7.3639,6.2344,0,1
HUGGINGFACE-39e34723ef7d,"ע""פ 7651/11",2013-09-29,2013,-2,1,,0,3,0,0,0,0.0,0,0,0,0,0,1,1,1,1,1,0,0,0,0,0,1512,heading_discussion_decision,352,18.526,34.0,4.227,5.114,0.284,36.932,0,7.3212,5.8636,0,1
HUGGINGFACE-c6f2e479281f,"ע""פ 3284/12",2013-09-29,2013,-2,1,,0,3,0,0,0,0.0,0,0,0,0,0,1,1,1,1,1,0,0,0,0,0,2247,heading_discussion_decision,1114,21.019,37.4,4.487,8.707,1.616,8.079,0,7.7174,7.0157,0,1
HUGGINGFACE-c755a0c5fe5b,"ע""פ 2507/11",2013-09-30,2013,-2,1,,1,3,0,0,0,0.0,0,0,0,0,0,0,0,0,0,1,0,0,0,0,0,4484,whole_judgment,4484,14.997,27.0,4.266,6.69,1.07,22.748,0,8.4083,8.4083,0,1
HUGGINGFACE-d81503c9404e,"ע""פ 6504/10",2013-10-02,2013,-2,1,,1,3,0,0,0,0.0,0,0,0,1,1,1,1,1,3,0,1,12,0,0,1,24027,whole_judgment,24027,16.837,33.0,4.274,8.669,1.307,27.095,0,10.0869,10.0869,0,1
HUGGINGFACE-0944e472bb9c,"ע""פ 7332/11",2013-10-06,2013,-2,1,,0,3,1,2,2,1.0986122886681098,2,0,0,0,0,1,1,1,1,0,1,2,1,0,1,2215,whole_judgment,2215,16.78,34.0,4.398,9.165,0.677,20.316,1,7.703,7.703,0,1
HUGGINGFACE-778f55423d8a,"ע""פ 6379/11",2013-10-07,2013,-2,1,,1,3,0,0,0,0.0,0,0,0,0,0,0,0,0,0,1,0,0,0,0,0,212,whole_judgment,212,19.273,28.0,4.396,8.019,1.887,9.434,0,5.3566,5.3566,0,1
HUGGINGFACE-d130633461e5,"ע""פ 9226/11",2013-10-08,2013,-2,1,,0,3,1,2,2,1.0986122886681098,0,1,2,0,1,1,1,1,1,1,0,0,0,0,0,1766,heading_discussion_decision,761,18.119,31.9,4.488,8.804,0.92,18.397,0,7.4765,6.6346,0,1
HUGGINGFACE-be0006aa4fea,"ע""פ 8295/11",2013-10-10,2013,-2,1,,1,3,0,0,0,0.0,0,0,0,0,0,0,0,0,0,1,0,0,0,0,0,3107,heading_discussion_decision,1531,17.598,39.8,4.151,6.466,0.588,47.028,0,8.0414,7.3337,0,1
HUGGINGFACE-a430d108dada,"ע""פ 3121/12",2013-10-14,2013,-2,1,,0,3,1,2,2,1.0986122886681098,2,0,0,0,0,0,0,0,0,1,0,0,0,0,0,703,whole_judgment,703,14.347,32.2,4.457,8.108,0.427,7.112,1,6.5554,6.5554,0,1
HUGGINGFACE-53cef6c5e26e,"ע""פ 3636/12",2013-10-20,2013,-2,1,,1,3,0,0,0,0.0,0,0,0,0,0,1,1,1,3,0,0,0,0,0,0,27023,heading_discussion_decision,21947,20.823,39.0,4.29,7.937,0.829,15.674,0,10.2044,9.9964,0,1
HUGGINGFACE-0f501f4d4e99,"ע""פ 6941/09",2013-10-27,2013,-2,1,,1,3,0,0,0,0.0,0,0,0,0,0,0,0,0,0,1,0,0,0,0,0,809,whole_judgment,809,17.587,31.0,4.336,6.18,0.124,7.417,0,6.6958,6.6958,0,1
HUGGINGFACE-d13c15eb5ebd,"ע""פ 4764/12",2013-10-28,2013,-2,1,,0,3,1,5,3,1.791759469228055,3,1,2,0,1,1,1,1,1,1,0,0,0,0,0,302,whole_judgment,302,12.583,23.4,4.401,6.623,0.0,19.868,1,5.7104,5.7104,0,1
HUGGINGFACE-f02ede7891c2,"ע""פ 6274/12",2013-10-31,2013,-2,1,,1,3,0,0,0,0.0,0,0,0,0,0,1,1,1,1,0,0,0,0,0,0,600,whole_judgment,600,20.0,31.2,4.44,7.667,0.333,23.333,0,6.3969,6.3969,1,0
HUGGINGFACE-ef576b774c22,"ע""פ 1620/10",2013-12-03,2013,-2,1,,1,3,0,0,0,0.0,0,0,0,0,0,0,0,0,0,0,0,0,0,0,0,14420,heading_discussion_decision,13323,13.036,23.0,4.392,9.863,1.546,18.915,0,9.5764,9.4972,0,1
HUGGINGFACE-4af2f9350dff,"ע""פ 8129/13",2013-12-06,2013,-2,0,ערעור פסלות שופט,0,1,0,0,0,0.0,0,0,0,0,0,0,0,0,0,1,0,0,0,0,0,401,whole_judgment,401,13.828,28.2,4.237,4.988,0.249,27.431,0,5.994,5.994,0,1
HUGGINGFACE-ca0f44176702,"ע""פ 6414/11",2013-12-23,2013,-2,1,,1,3,0,0,0,0.0,0,0,0,0,0,1,1,1,1,1,0,0,0,0,0,4580,heading_discussion_decision,2423,23.076,40.6,4.293,7.676,0.908,13.619,0,8.4295,7.7928,1,1
HUGGINGFACE-ce630e1406e3,"ע""פ 2458/11",2014-01-07,2014,-1,1,,1,3,0,0,0,0.0,0,0,0,0,0,0,0,0,0,1,0,0,0,0,0,4655,whole_judgment,4655,15.887,31.0,4.37,9.151,1.375,26.638,0,8.4457,8.4457,0,1
HUGGINGFACE-bf9f231e6433,"ע""פ 5424/12",2014-01-08,2014,-1,1,,0,3,0,0,0,0.0,0,0,0,0,0,0,0,0,0,1,0,0,0,0,0,1790,heading_discussion_decision,1028,15.815,30.0,4.387,8.56,0.681,34.047,0,7.49,6.9354,0,1
HUGGINGFACE-bc6be7701d1e,"ע""פ 1426/12",2014-01-16,2014,-1,1,,1,3,0,0,0,0.0,0,0,0,0,0,0,0,0,0,0,0,0,0,0,0,6099,heading_discussion_decision,4120,16.48,29.0,4.354,9.102,1.505,14.563,0,8.7159,8.3236,0,0
HUGGINGFACE-389a53382168,"ע""פ 8065/11",2014-01-26,2014,-1,1,,1,3,0,0,0,0.0,0,0,0,0,0,0,0,0,0,0,0,0,0,0,0,6181,whole_judgment,6181,15.452,29.0,4.298,6.52,0.712,19.738,0,8.7292,8.7292,0,1
HUGGINGFACE-e43a24160e9c,"ע""פ 1548/13",2014-01-27,2014,-1,0,ערעור לפי חוק נשיאת עונש מאסר במדינת אזרחותו של האסיר,1,3,1,1,1,0.6931471805599453,0,1,1,0,1,1,1,1,1,1,0,0,0,0,0,16491,heading_discussion_decision,11973,22.849,46.0,4.464,12.486,2.815,25.223,0,9.7106,9.3904,0,1
HUGGINGFACE-4de2ae601644,"ע""פ 4841/13",2014-02-06,2014,-1,1,,1,3,0,0,0,0.0,0,0,0,0,0,0,0,0,0,1,0,0,0,0,0,2022,whole_judgment,2022,17.136,31.3,4.458,9.941,0.593,20.277,0,7.6118,7.6118,0,1
HUGGINGFACE-74078834328b,"ע""פ 2108/12",2014-02-10,2014,-1,1,,0,3,0,0,0,0.0,0,0,0,0,0,1,1,1,1,1,0,0,0,0,0,3020,heading_discussion_decision,818,17.404,30.2,4.378,8.557,0.367,22.005,0,8.013,6.7069,0,1
HUGGINGFACE-105dd12eb553,"ע""פ 3004/12",2014-02-20,2014,-1,1,,0,3,0,0,0,0.0,0,0,0,0,0,0,0,0,0,1,0,0,0,0,0,1257,whole_judgment,1257,16.986,32.7,4.259,6.842,0.636,10.342,0,7.1365,7.1365,0,1
HUGGINGFACE-67e3ba002d76,"ע""פ 6306/12",2014-02-23,2014,-1,1,,1,3,0,0,0,0.0,0,0,0,0,0,1,1,1,1,1,1,1,0,0,0,1608,heading_discussion_decision,421,19.136,29.5,4.613,8.789,0.475,23.753,0,7.3827,6.0426,0,1
HUGGINGFACE-2ae13d59f76d,"ע""פ 6281/12",2014-02-27,2014,-1,1,,1,3,0,0,0,0.0,0,0,0,0,0,0,0,0,0,0,0,0,0,0,0,2681,whole_judgment,2681,18.238,32.4,4.273,6.602,0.448,14.547,0,7.8939,7.8939,0,0
HUGGINGFACE-8b75905889eb,"ע""פ 1007/13",2014-03-03,2014,-1,1,,1,3,0,0,0,0.0,0,0,0,0,0,0,0,0,0,0,0,0,0,0,0,271,whole_judgment,271,19.357,37.7,4.314,7.749,0.0,14.76,0,5.6021,5.6021,0,0
HUGGINGFACE-b6d04c6c9ba5,"ע""פ 2471/13",2014-03-03,2014,-1,0,ערעור על החלטה בעניין מועד הפקדת רישיון נהיגה,0,3,0,0,0,0.0,0,0,0,0,0,1,1,1,1,0,0,0,0,0,0,240,whole_judgment,240,13.333,26.8,4.496,9.583,0.417,4.167,0,5.4806,5.4806,0,1
HUGGINGFACE-c15fbfc17d1b,"ע""פ 329/13",2014-03-09,2014,-1,1,,0,3,0,0,0,0.0,0,0,0,0,0,0,0,0,0,1,0,0,0,0,0,1972,heading_discussion_decision,724,18.564,35.0,4.514,11.602,1.796,12.431,0,7.5868,6.5848,0,1
HUGGINGFACE-2826f07f84d0,"ע""פ 5738/12",2014-03-10,2014,-1,1,,1,3,0,0,0,0.0,0,0,0,0,0,0,0,0,0,0,0,0,0,0,0,2097,heading_discussion_decision,1146,15.699,33.4,4.344,6.457,0.436,24.433,0,7.6483,7.044,0,1
HUGGINGFACE-dc5828365532,"ע""פ 1728/14",2014-03-10,2014,-1,0,ערעור פסלות שופט,0,1,0,0,0,0.0,0,0,0,0,0,0,0,0,0,0,0,0,0,0,0,857,whole_judgment,857,17.854,28.6,4.399,7.468,0.583,21.004,0,6.7534,6.7534,0,1
HUGGINGFACE-1134c3043d0b,"ע""פ 9246/12",2014-03-25,2014,-1,1,,1,3,0,0,0,0.0,0,0,0,0,0,1,1,1,1,1,0,0,0,0,0,1270,court_turn_phrase,337,16.048,32.0,4.228,7.122,0.297,20.772,0,7.1468,5.8201,0,1
HUGGINGFACE-aa68b2cfbf2f,"ע""פ 8172/11",2014-04-09,2014,-1,1,,0,3,0,0,0,0.0,0,0,0,0,0,0,0,0,0,1,0,0,0,0,0,1094,heading_discussion_decision,560,15.135,23.4,4.484,9.821,0.179,7.143,0,6.9976,6.3279,0,1
HUGGINGFACE-7ebefe19a0e7,"ע""פ 9141/10",2014-04-28,2014,-1,1,,1,3,0,0,0,0.0,0,0,0,0,0,0,0,0,0,0,1,3,0,0,1,18593,whole_judgment,18593,18.819,36.0,4.357,10.101,1.086,28.29,0,9.8305,9.8305,0,1
HUGGINGFACE-f445843cb5db,"ע""פ 211/13",2014-05-07,2014,-1,1,,1,3,0,0,0,0.0,0,0,0,0,0,0,0,0,0,1,0,0,0,0,0,1664,heading_discussion_decision,810,21.316,33.0,4.374,6.914,0.617,17.284,0,7.417,6.697,0,1
HUGGINGFACE-6c9df8f5ef7b,"ע""פ 2950/11",2014-05-08,2014,-1,1,,1,3,1,13,3,2.6390573296152584,5,1,8,0,1,0,0,0,0,1,1,5,1,1,0,34506,heading_discussion_numbered,23580,15.362,30.0,4.349,8.732,1.62,22.18,1,10.4489,10.0682,0,1
HUGGINGFACE-abfcbfdb966c,"ע""פ 581/12",2014-06-08,2014,-1,1,,0,3,0,0,0,0.0,0,0,0,0,0,1,1,1,1,1,0,0,0,0,0,389,whole_judgment,389,12.548,25.0,4.262,8.74,0.514,7.712,0,5.9636,5.9636,0,1
HUGGINGFACE-4bac4a8655c1,"ע""פ 9062/12",2014-06-10,2014,-1,1,,0,3,0,0,0,0.0,0,0,0,0,0,1,1,1,1,0,0,0,0,0,0,3242,heading_discussion_decision,1071,15.085,30.0,4.269,6.909,0.747,19.608,0,8.0839,6.9763,0,1
HUGGINGFACE-ca14059634b6,"ע""פ 9424/12",2014-06-11,2014,-1,1,,0,3,0,0,0,0.0,0,0,0,0,0,0,0,0,0,0,0,0,0,0,0,1500,heading_discussion_decision,765,14.712,29.0,4.424,10.196,1.046,15.686,0,7.3132,6.6399,0,0
HUGGINGFACE-bad7c264e4c9,"ע""פ 416/12",2014-06-12,2014,-1,1,,0,3,0,0,0,0.0,0,0,0,0,0,0,0,0,0,1,0,0,0,0,0,1569,heading_discussion_decision,892,19.822,33.6,4.407,8.969,0.785,16.816,0,7.3582,6.7935,0,1
HUGGINGFACE-d249ad730ad2,"ע""פ 1507/10",2014-06-12,2014,-1,1,,1,3,1,1,1,0.6931471805599453,1,0,0,0,0,0,0,0,0,0,0,0,0,0,0,6408,heading_discussion_numbered,4260,22.421,41.1,4.516,9.953,1.338,9.859,1,8.7653,8.357,0,1
HUGGINGFACE-877e5cf300cf,"ע""פ 278/14",2014-06-16,2014,-1,1,,1,3,0,0,0,0.0,0,0,0,0,0,0,0,0,0,1,0,0,0,0,0,1512,heading_discussion_decision,284,14.2,27.3,4.201,7.042,0.0,14.085,0,7.3212,5.649,0,1
HUGGINGFACE-a2810eeb4c19,"ע""פ 1050/14",2014-06-25,2014,-1,1,,0,3,0,0,0,0.0,0,0,0,0,0,0,0,0,0,1,0,0,0,0,0,3369,heading_discussion_decision,1123,14.215,29.4,4.243,8.281,0.89,16.028,0,8.1224,7.0238,0,1
HUGGINGFACE-48ee065b90c6,"ע""פ 5933/11",2014-06-26,2014,-1,1,,1,3,1,4,2,1.6094379124341005,3,1,1,0,1,0,0,0,0,0,1,1,0,0,0,18895,heading_discussion_decision,10666,19.607,34.0,4.337,8.476,1.153,10.407,1,9.8467,9.2748,0,1
HUGGINGFACE-85179478134c,"ע""פ 4705/11",2014-06-29,2014,-1,1,,0,3,0,0,0,0.0,0,0,0,0,0,0,0,0,0,0,0,0,0,0,0,3746,heading_discussion_decision,1478,20.247,36.8,4.173,7.24,0.812,16.238,0,8.2284,7.2984,0,1
HUGGINGFACE-31e5baa86760,"ע""פ 4290/14",2014-07-02,2014,-1,0,ערעור פסלות שופט,0,1,0,0,0,0.0,0,0,0,0,0,0,0,0,0,0,0,0,0,0,0,854,whole_judgment,854,16.745,25.0,4.267,7.611,0.82,21.077,0,6.7499,6.7499,0,1
HUGGINGFACE-a07c03fe1347,"ע""פ 4606/12",2014-07-02,2014,-1,1,,1,3,0,0,0,0.0,0,0,0,0,0,0,0,0,0,0,1,1,0,0,0,6691,heading_discussion_decision,1982,18.183,36.0,4.419,8.224,1.261,26.741,0,8.8085,7.5919,0,1
HUGGINGFACE-10fbe98b9bc9,"ע""פ 846/10",2014-07-14,2014,-1,1,,1,3,0,0,0,0.0,0,0,0,0,0,0,0,0,0,0,0,0,0,0,0,16887,heading_discussion_decision,12119,21.875,38.0,4.374,9.118,1.04,20.464,0,9.7343,9.4025,0,1
HUGGINGFACE-0e8d99b1d932,"ע""פ 1910/13",2014-07-17,2014,-1,1,,0,3,0,0,0,0.0,0,0,0,0,0,1,1,1,1,1,0,0,0,0,0,669,court_turn_phrase,133,22.167,38.5,4.308,6.767,1.504,7.519,0,6.5058,4.8903,0,1
HUGGINGFACE-307e0f213442,"ע""פ 7620/11",2014-07-27,2014,-1,1,,1,3,0,0,0,0.0,0,0,0,0,0,0,0,0,0,0,0,0,0,0,0,6499,heading_discussion_decision,2542,18.97,38.0,4.325,7.553,0.708,27.931,0,8.7794,7.8407,0,1
HUGGINGFACE-bca898d8669f,"ע""פ 2937/13",2014-07-27,2014,-1,1,,1,3,0,0,0,0.0,0,0,0,0,0,0,0,0,0,1,0,0,0,0,0,1116,court_turn_phrase,638,15.561,29.0,4.401,8.934,0.313,15.674,0,7.0175,6.4583,1,1
HUGGINGFACE-4befaab37bb3,"ע""פ 1826/14",2014-08-04,2014,-1,1,,0,3,0,0,0,0.0,0,0,0,0,0,0,0,0,0,1,0,0,0,0,0,4094,heading_discussion_decision,1896,14.929,27.4,4.464,10.601,0.844,12.658,0,8.3173,7.5475,0,1
HUGGINGFACE-612fd57b58b1,"ע""פ 1262/08",2014-08-04,2014,-1,1,,1,3,0,0,0,0.0,0,0,0,0,0,1,1,1,3,0,0,0,0,0,0,3435,heading_discussion_decision,2220,16.818,29.9,4.3,9.505,1.036,23.874,0,8.1418,7.7053,0,0
HUGGINGFACE-80dbc8f86c5a,"ע""פ 2544/12",2014-08-04,2014,-1,1,,1,3,0,0,0,0.0,0,0,0,0,0,1,1,1,1,1,0,0,0,0,0,3625,heading_discussion_decision,2378,16.746,38.8,4.328,9.84,1.135,35.744,0,8.1956,7.774,0,1
HUGGINGFACE-d3f14668c081,"ע""פ 4372/13",2014-08-06,2014,-1,1,,1,3,0,0,0,0.0,0,0,0,0,0,1,1,1,1,0,0,0,0,0,0,2423,heading_discussion_decision,1194,18.952,32.0,4.343,7.538,0.503,22.613,0,7.7928,7.0851,0,1
HUGGINGFACE-c8a770eb7e21,"ע""פ 4744/13",2014-09-11,2014,-1,1,,0,3,0,0,0,0.0,0,0,0,0,0,1,1,1,1,1,0,0,0,0,0,426,whole_judgment,426,20.286,38.0,4.331,8.92,0.235,9.39,0,6.0544,6.0544,0,1
HUGGINGFACE-9f519071dbd0,"ע""פ 9536/11",2014-09-16,2014,-1,1,,1,3,0,0,0,0.0,0,0,0,0,0,0,0,0,0,1,1,4,0,0,1,10502,heading_discussion_decision,5140,21.152,39.0,4.376,8.599,0.953,26.459,0,9.2593,8.5448,0,1
HUGGINGFACE-3fc8b3a249bf,"ע""פ 9256/11",2014-09-23,2014,-1,1,,1,3,1,1,1,0.6931471805599453,1,0,0,0,0,0,0,0,0,1,0,0,0,0,0,6724,heading_discussion_decision,4659,19.494,38.0,4.284,7.641,0.687,32.84,1,8.8134,8.4466,0,1
HUGGINGFACE-d32198442446,"ע""פ 4655/12",2014-09-29,2014,-1,1,,1,3,1,1,1,0.6931471805599453,1,0,0,0,0,0,0,0,0,0,0,0,0,0,0,3978,heading_discussion_decision,2479,15.994,30.0,4.344,8.229,1.372,29.044,1,8.2885,7.8156,0,1
HUGGINGFACE-ad00793d218d,"ע""פ 9331/08",2014-10-02,2014,-1,1,,1,3,0,0,0,0.0,0,0,0,0,0,0,0,0,0,1,0,0,0,0,0,2268,heading_discussion_decision,1043,11.589,22.2,4.102,4.698,0.479,13.423,0,7.7267,6.9499,0,1
HUGGINGFACE-ed917691c2cd,"ע""פ 1354/13",2014-10-23,2014,-1,1,,1,3,0,0,0,0.0,0,0,0,0,0,1,1,1,1,1,0,0,0,0,0,1130,whole_judgment,1130,16.377,32.2,4.347,5.398,0.265,12.389,0,7.03,7.03,0,1
HUGGINGFACE-4d421cfbd599,"ע""פ 193/14",2014-10-26,2014,-1,1,,1,3,1,2,2,1.0986122886681098,0,1,2,0,1,0,0,0,0,0,1,3,0,0,1,8914,heading_discussion_decision,5063,17.641,33.0,4.418,10.132,1.501,31.009,0,9.0954,8.5297,0,0
HUGGINGFACE-6b8accfe6856,"ע""פ 1310/12",2014-11-03,2014,-1,1,,1,3,0,0,0,0.0,0,0,0,0,0,0,0,0,0,0,0,0,0,0,0,3774,heading_discussion_decision,1820,16.396,29.0,4.328,7.692,1.319,24.176,0,8.2359,7.5066,0,1
HUGGINGFACE-404d2fdbd89f,"ע""פ 122/08",2014-11-11,2014,-1,1,,1,3,0,0,0,0.0,0,0,0,0,0,0,0,0,0,0,0,0,0,0,0,7869,heading_discussion_numbered,6503,20.579,37.0,4.386,8.288,0.677,11.379,0,8.9707,8.78,0,1
HUGGINGFACE-6d7d1fa9dd53,"ע""פ 5073/11",2014-11-12,2014,-1,1,,1,3,0,0,0,0.0,0,0,0,0,0,0,0,0,0,0,1,2,1,1,0,7022,court_turn_phrase,2191,16.725,30.0,4.386,7.074,0.73,16.431,0,8.8568,7.6921,0,1
HUGGINGFACE-7c52f7ff787d,"ע""פ 774/13",2014-11-27,2014,-1,1,,1,3,1,2,2,1.0986122886681098,2,0,0,0,0,0,0,0,0,1,0,0,0,0,0,3572,whole_judgment,3572,22.752,40.0,4.325,7.139,1.036,9.518,1,8.1809,8.1809,0,1
HUGGINGFACE-6e72260f08fc,"ע""פ 1630/14",2014-12-04,2014,-1,1,,0,3,0,0,0,0.0,0,0,0,0,0,0,0,0,0,1,0,0,0,0,0,3094,heading_discussion_decision,853,18.149,35.0,4.327,9.261,0.821,23.447,0,8.0372,6.7488,0,1
HUGGINGFACE-0b09591fce80,"ע""פ 5706/11",2014-12-11,2014,-1,1,,1,3,1,6,3,1.9459101490553128,6,0,0,1,1,1,1,1,1,0,1,5,1,1,1,21683,heading_discussion_decision,11633,17.897,34.0,4.321,10.591,0.98,19.427,1,9.9843,9.3616,0,1
HUGGINGFACE-dea0fe609182,"ע""פ 3614/13",2014-12-29,2014,-1,1,,1,3,0,0,0,0.0,0,0,0,0,0,0,0,0,0,0,0,0,0,0,0,1907,heading_discussion_decision,497,23.667,40.0,4.489,10.865,0.805,14.085,0,7.5533,6.2086,0,0
HUGGINGFACE-95bbef1c33f3,"ע""פ 5817/14",2015-01-01,2015,0,1,,1,3,0,0,0,0.0,0,0,0,0,0,1,1,1,1,0,0,0,0,0,0,2016,heading_discussion_decision,833,17.723,40.0,4.336,8.283,1.321,34.814,0,7.6089,6.725,1,1
HUGGINGFACE-3e9882a3f5e9,"ע""פ 2626/13",2015-01-06,2015,0,1,,1,3,0,0,0,0.0,0,0,0,0,0,0,0,0,0,1,0,0,0,0,0,4950,heading_discussion_decision,2766,19.617,38.0,4.348,7.664,0.542,24.946,0,8.5071,7.9252,0,1
HUGGINGFACE-0cc0e65d6e4a,"ע""פ 2304/12",2015-01-13,2015,0,1,,1,3,0,0,0,0.0,0,0,0,0,0,0,0,0,0,0,0,0,0,0,0,8635,heading_discussion_decision,2241,20.189,35.0,4.376,8.077,0.848,9.371,0,9.0636,7.7147,0,1
HUGGINGFACE-0de448d9d287,"ע""פ 1894/14",2015-01-13,2015,0,1,,0,3,0,0,0,0.0,0,0,0,0,0,0,0,0,0,1,0,0,0,0,0,2162,heading_discussion_decision,1000,16.949,33.4,4.472,9.8,1.1,33.0,0,7.6788,6.9078,0,1
HUGGINGFACE-3277bb71a647,"ע""פ 1569/13",2015-01-13,2015,0,1,,0,3,0,0,0,0.0,0,0,0,0,0,0,0,0,0,1,0,0,0,0,0,1575,heading_discussion_decision,635,14.767,26.6,4.309,7.874,0.945,40.945,0,7.362,6.4536,0,1
HUGGINGFACE-d09716422baf,"ע""פ 8392/08",2015-01-20,2015,0,1,,1,3,0,0,0,0.0,0,0,0,0,0,0,0,0,0,0,0,0,0,0,0,4856,heading_discussion_decision,2115,19.227,34.1,4.381,8.794,1.229,24.586,0,8.488,7.6568,0,1
HUGGINGFACE-57cb441759bf,"ע""פ 4289/14",2015-01-21,2015,0,1,,0,3,1,1,1,0.6931471805599453,1,0,0,0,0,1,1,1,1,1,0,0,0,0,0,14826,heading_discussion_decision,9753,22.016,41.0,4.438,9.248,0.748,12.509,1,9.6041,9.1853,0,1
HUGGINGFACE-cea0d472291e,"ע""פ 414/15",2015-01-22,2015,0,0,ערעור פסלות שופט,1,1,0,0,0,0.0,0,0,0,0,0,0,0,0,0,0,0,0,0,0,0,1583,heading_discussion_decision,113,14.125,22.1,4.274,9.735,0.0,0.0,0,7.3671,4.7274,0,1
HUGGINGFACE-cb29e089b159,"ע""פ 6304/12",2015-01-26,2015,0,1,,1,3,0,0,0,0.0,0,0,0,0,0,1,1,1,1,0,0,0,0,0,0,9874,heading_discussion_decision,3172,20.732,40.8,4.254,7.566,0.694,33.417,0,9.1977,8.0621,0,1
HUGGINGFACE-f9bc50d81e60,"ע""פ 1288/14",2015-02-01,2015,0,1,,0,3,0,0,0,0.0,0,0,0,0,0,0,0,0,0,1,0,0,0,0,0,1598,whole_judgment,1598,19.975,35.3,4.432,7.822,0.438,13.141,0,7.3765,7.3765,0,1
HUGGINGFACE-f13d7a450f3b,"ע""פ 3568/13",2015-02-11,2015,0,1,,1,3,1,1,1,0.6931471805599453,1,0,0,0,0,0,0,0,0,0,0,0,0,0,0,1911,whole_judgment,1911,21.716,38.3,4.302,7.902,0.523,7.326,1,7.5554,7.5554,0,1
HUGGINGFACE-d139193d11dc,"ע""פ 6405/10",2015-03-03,2015,0,1,,1,3,0,0,0,0.0,0,0,0,0,0,0,0,0,0,1,0,0,0,0,0,391,whole_judgment,391,13.483,26.6,4.506,8.951,0.256,10.23,0,5.9687,5.9687,0,1
HUGGINGFACE-77933bc5b545,"ע""פ 4090/10",2015-04-01,2015,0,1,,1,3,0,0,0,0.0,0,0,0,0,0,1,1,1,2,0,0,0,0,0,0,51,whole_judgment,51,51.0,51.0,4.294,3.922,0.0,58.824,0,3.9318,3.9318,0,1
HUGGINGFACE-67082803f3d1,"ע""פ 5373/12",2015-04-15,2015,0,1,,0,3,1,1,1,0.6931471805599453,1,0,0,0,0,0,0,0,0,1,0,0,0,0,0,8766,heading_discussion_decision,4672,19.63,40.0,4.345,8.369,0.771,21.19,1,9.0786,8.4493,0,1
HUGGINGFACE-9eb2f1df19bb,"ע""פ 6468/13",2015-05-03,2015,0,1,,1,3,0,0,0,0.0,0,0,0,0,0,1,1,1,1,0,0,0,0,0,0,8325,heading_discussion_decision,4141,17.697,34.0,4.374,10.07,0.531,31.635,0,9.027,8.3287,0,1
HUGGINGFACE-011fd2c73fae,"ע""פ 4519/11",2015-05-04,2015,0,1,,1,3,0,0,0,0.0,0,0,0,0,0,0,0,0,0,0,0,0,0,0,0,2943,heading_discussion_decision,1886,15.983,34.0,4.341,8.643,1.538,31.283,0,7.9872,7.5422,0,1
HUGGINGFACE-dd1c796c5216,"ע""פ 1119/11",2015-05-05,2015,0,1,,1,3,0,0,0,0.0,0,0,0,0,0,0,0,0,0,0,1,2,1,0,0,15814,heading_discussion_decision,4884,19.381,36.9,4.281,8.333,0.983,22.318,0,9.6687,8.4937,0,1
HUGGINGFACE-1f3f47fdf707,"ע""פ 4498/14",2015-05-13,2015,0,1,,0,3,0,0,0,0.0,0,0,0,0,0,0,0,0,0,1,0,0,0,0,0,14148,heading_discussion_decision,5457,21.484,37.0,4.293,7.477,0.898,15.943,0,9.5573,8.6047,0,1
HUGGINGFACE-c5805b1e6c60,"ע""פ 2478/12",2015-05-13,2015,0,1,,1,3,0,0,0,0.0,0,0,0,0,0,1,1,1,1,0,0,0,0,0,0,14190,heading_discussion_decision,9116,19.817,39.0,4.235,8.304,0.559,27.644,0,9.5603,9.1178,0,1
HUGGINGFACE-68ac7637d58e,"ע""פ 7017/14",2015-05-14,2015,0,1,,1,3,0,0,0,0.0,0,0,0,0,0,0,0,0,0,1,0,0,0,0,0,1961,heading_discussion_decision,554,18.467,30.3,4.334,8.484,0.903,10.83,0,7.5812,6.3172,1,1
HUGGINGFACE-0e80cb429dfc,"ע""פ 8002/13",2015-05-21,2015,0,1,,0,3,0,0,0,0.0,0,0,0,0,0,0,0,0,0,1,0,0,0,0,0,2474,heading_discussion_decision,1872,14.976,24.0,4.412,9.188,1.015,21.902,0,7.8136,7.5348,0,1
HUGGINGFACE-339bb0c23418,"ע""פ 3042/13",2015-05-21,2015,0,1,,1,3,0,0,0,0.0,0,0,0,0,0,1,1,1,1,1,0,0,0,0,0,2052,heading_discussion_decision,1194,14.925,26.0,4.438,6.449,0.838,36.013,0,7.6266,7.0851,0,1
HUGGINGFACE-ed124bb1c04e,"ע""פ 5964/13",2015-06-01,2015,0,1,,1,3,0,0,0,0.0,0,0,0,0,0,0,0,0,0,0,1,2,0,0,1,7074,whole_judgment,7074,16.413,33.0,4.159,5.64,0.325,13.854,0,8.8642,8.8642,0,0
HUGGINGFACE-071795a4aba6,"ע""פ 8739/12",2015-06-09,2015,0,1,,1,3,0,0,0,0.0,0,0,0,0,0,0,0,0,0,0,0,0,0,0,0,3799,heading_discussion_decision,1928,17.062,32.8,4.171,8.039,0.934,23.34,0,8.2425,7.5642,0,1
HUGGINGFACE-bca04d54178b,"ע""פ 7901/13",2015-06-09,2015,0,1,,0,3,0,0,0,0.0,0,0,0,0,0,1,1,1,1,1,0,0,0,0,0,1950,heading_discussion_decision,659,20.594,38.4,4.487,11.077,1.062,18.209,0,7.5756,6.4907,0,1
HUGGINGFACE-f780e9c26687,"ע""פ 9238/11",2015-06-09,2015,0,1,,1,3,0,0,0,0.0,0,0,0,0,0,1,1,1,1,0,0,0,0,0,0,3336,heading_discussion_decision,1908,15.639,33.9,4.4,9.486,2.516,27.778,0,8.1125,7.5538,0,1
HUGGINGFACE-ef11315c0bd8,"ע""פ 310/14",2015-06-17,2015,0,0,ערעור על דחיית בקשה לפיצויים לאחר זיכוי,1,3,0,0,0,0.0,0,0,0,0,0,0,0,0,0,0,0,0,0,0,0,3213,heading_discussion_decision,1122,18.393,33.0,4.497,10.784,1.159,23.173,0,8.075,7.0229,0,1
HUGGINGFACE-0db75cc8cf13,"ע""פ 6940/13",2015-06-18,2015,0,1,,0,3,0,0,0,0.0,0,0,0,0,0,1,1,1,1,0,0,0,0,0,0,588,whole_judgment,588,16.8,28.2,4.393,8.673,0.51,8.503,0,6.3767,6.3767,0,0
HUGGINGFACE-891868d3b200,"ע""פ 5682/13",2015-06-29,2015,0,1,,1,3,0,0,0,0.0,0,0,0,0,0,0,0,0,0,1,0,0,0,0,0,186,whole_judgment,186,14.308,24.4,4.28,7.527,0.538,5.376,0,5.2257,5.2257,1,1
HUGGINGFACE-3d0ab4af6f34,"ע""פ 3344/14",2015-07-05,2015,0,1,,1,3,0,0,0,0.0,0,0,0,0,0,1,1,1,1,0,0,0,0,0,0,3460,heading_discussion_decision,2223,16.969,37.0,4.336,9.042,0.765,33.738,0,8.149,7.7066,1,1
HUGGINGFACE-771c88392e4f,"ע""פ 4229/14",2015-07-06,2015,0,1,,0,3,0,0,0,0.0,0,0,0,0,0,1,1,1,1,1,0,0,0,0,0,2153,heading_discussion_decision,1360,14.021,24.0,4.288,6.471,0.735,11.029,0,7.6746,7.2152,0,1
HUGGINGFACE-9eb89b188135,"ע""פ 1019/13",2015-07-06,2015,0,1,,1,3,0,0,0,0.0,0,0,0,0,0,0,0,0,0,0,0,0,0,0,0,8169,heading_discussion_decision,4717,18.944,34.2,4.384,8.416,1.463,29.256,0,9.0081,8.4589,0,1
HUGGINGFACE-d80762fc1653,"ע""פ 534/14",2015-07-07,2015,0,1,,0,3,0,0,0,0.0,0,0,0,0,0,0,0,0,0,0,0,0,0,0,0,2242,whole_judgment,2242,18.081,30.7,4.225,5.888,0.446,8.921,0,7.7151,7.7151,0,0
HUGGINGFACE-34d5e1faffbc,"ע""פ 7707/11",2015-07-29,2015,0,1,,1,3,0,0,0,0.0,0,0,0,0,0,0,0,0,0,0,0,0,0,0,0,8654,heading_discussion_decision,4430,18.23,33.0,4.339,7.856,1.061,19.187,0,9.0658,8.3962,0,1
HUGGINGFACE-7e531a841644,"ע""פ 9308/12",2015-07-30,2015,0,1,,1,3,0,0,0,0.0,0,0,0,0,0,0,0,0,0,0,0,0,0,0,0,10098,heading_discussion_decision,4896,18.616,34.0,4.323,8.742,0.837,25.735,0,9.2201,8.4962,0,1
HUGGINGFACE-a04e7775c071,"ע""פ 4654/13",2015-08-05,2015,0,1,,1,3,0,0,0,0.0,0,0,0,0,0,0,0,0,0,0,0,0,0,0,0,1019,heading_discussion_decision,119,13.222,22.0,4.513,10.924,0.84,8.403,0,6.9266,4.7791,0,0
HUGGINGFACE-d3ba9b38eef3,"ע""פ 3490/13",2015-08-19,2015,0,1,,0,3,0,0,0,0.0,0,0,0,0,0,0,0,0,0,0,0,0,0,0,0,1721,heading_discussion_decision,1174,15.051,25.0,4.44,9.455,1.363,5.963,0,7.4507,7.0682,0,0
HUGGINGFACE-2ab0fccbde2a,"ע""פ 6026/11",2015-08-24,2015,0,1,,1,3,0,0,0,0.0,0,0,0,0,0,1,1,1,1,0,0,0,0,0,0,12684,heading_discussion_decision,10215,18.144,37.8,4.372,9.3,1.185,40.039,0,9.4481,9.2316,0,1
HUGGINGFACE-b31246b6a30b,"ע""פ 437/13",2015-08-24,2015,0,1,,1,3,0,0,0,0.0,0,0,0,0,0,1,1,1,1,0,0,0,0,0,0,10875,heading_discussion_decision,3863,18.483,34.2,4.327,8.077,1.139,27.699,0,9.2942,8.2592,0,1
HUGGINGFACE-e5d36f240c76,"ע""פ 1508/14",2015-08-24,2015,0,1,,1,3,0,0,0,0.0,0,0,0,0,0,0,0,0,0,0,0,0,0,0,0,5848,heading_discussion_decision,2723,20.022,38.0,4.378,9.585,1.506,29.379,0,8.6739,7.9095,0,1
HUGGINGFACE-5a641d0214dc,"ע""פ 2134/12",2015-08-27,2015,0,1,,1,3,0,0,0,0.0,0,0,0,0,0,0,0,0,0,0,0,0,0,0,0,3281,whole_judgment,3281,15.55,29.0,4.422,9.083,0.701,22.554,0,8.0959,8.0959,0,0
HUGGINGFACE-e5382789e99c,"ע""פ 5695/14",2015-09-02,2015,0,1,,1,3,0,0,0,0.0,0,0,0,0,0,1,1,1,1,1,0,0,0,0,0,15043,heading_discussion_decision,10600,20.0,36.0,4.4,10.528,1.396,23.396,0,9.6187,9.2686,0,1
HUGGINGFACE-d3180b79f353,"ע""פ 8140/11",2015-09-03,2015,0,1,,1,3,0,0,0,0.0,0,0,0,0,0,0,0,0,0,0,0,0,0,0,0,7961,heading_discussion_decision,5825,12.973,26.0,4.188,8.961,0.841,22.146,0,8.9823,8.6699,0,0
HUGGINGFACE-9fcadcfd06fd,"ע""פ 6056/13",2015-09-21,2015,0,1,,0,3,1,1,1,0.6931471805599453,0,1,1,0,1,0,0,0,0,1,0,0,0,0,0,6014,heading_discussion_decision,2932,22.906,40.3,4.378,9.038,1.33,11.937,0,8.7018,7.9834,0,1
HUGGINGFACE-f95607aa864f,"ע""פ 2760/14",2015-10-07,2015,0,1,,1,3,1,15,3,2.772588722239781,13,1,2,0,1,0,0,0,0,0,1,2,1,0,1,9393,heading_discussion_decision,5886,16.963,31.0,4.281,7.271,0.968,22.256,1,9.1477,8.6803,0,1
HUGGINGFACE-3740f695a927,"ע""פ 8446/14",2015-10-15,2015,0,1,,0,3,0,0,0,0.0,0,0,0,0,0,1,1,1,1,1,0,0,0,0,0,149,whole_judgment,149,13.545,19.0,4.315,6.711,0.671,0.0,0,5.0039,5.0039,0,1
HUGGINGFACE-8870bd09f468,"ע""פ 4189/13",2015-10-15,2015,0,1,,1,3,0,0,0,0.0,0,0,0,0,0,0,0,0,0,0,0,0,0,0,0,3771,heading_discussion_decision,2342,16.041,31.0,4.233,7.472,1.067,4.697,0,8.2351,7.7588,0,0
HUGGINGFACE-fb17e751e15f,"ע""פ 2552/14",2015-10-29,2015,0,1,,1,3,0,0,0,0.0,0,0,0,0,0,0,0,0,0,1,0,0,0,0,0,621,whole_judgment,621,17.25,36.5,4.304,7.729,0.966,8.052,0,6.4313,6.4313,1,1
HUGGINGFACE-9da645eb103b,"ע""פ 4770/14",2015-11-05,2015,0,1,,1,3,0,0,0,0.0,0,0,0,0,0,0,0,0,0,0,0,0,0,0,0,8847,heading_discussion_decision,5166,16.882,30.0,4.347,8.595,0.929,17.422,0,9.0878,8.5499,0,1
HUGGINGFACE-58b3ad2e50eb,"ע""פ 6244/12",2015-11-11,2015,0,1,,1,3,0,0,0,0.0,0,0,0,0,0,0,0,0,0,0,1,11,0,0,1,8270,heading_discussion_decision,6457,16.992,31.0,4.324,8.409,1.146,16.416,0,9.0204,8.7729,0,1
HUGGINGFACE-7913d60fd82b,"ע""פ 4209/14",2015-11-15,2015,0,1,,1,3,0,0,0,0.0,0,0,0,0,0,0,0,0,0,0,0,0,0,0,0,12659,heading_discussion_decision,9534,19.617,34.0,4.396,9.503,1.762,17.202,0,9.4461,9.1626,0,1
HUGGINGFACE-0f542538203a,"ע""פ 7253/14",2015-11-16,2015,0,1,,1,3,1,6,3,1.9459101490553128,6,0,0,1,1,1,1,1,3,0,1,7,1,0,1,31288,heading_discussion_decision,22212,17.531,35.0,4.285,8.883,1.351,16.523,1,10.351,10.0084,0,1
HUGGINGFACE-fa42fcfab294,"ע""פ 7179/14",2015-11-22,2015,0,1,,0,3,0,0,0,0.0,0,0,0,0,0,1,1,1,1,1,0,0,0,0,0,3041,heading_discussion_decision,1051,16.952,33.9,4.433,7.802,1.332,5.709,0,8.0199,6.9575,0,1
HUGGINGFACE-56b405d156ba,"ע""פ 2286/14",2015-11-23,2015,0,1,,1,3,0,0,0,0.0,0,0,0,0,0,0,0,0,0,0,0,0,0,0,0,3382,heading_discussion_decision,1495,17.798,32.0,4.347,8.027,0.87,32.776,0,8.1262,7.3099,0,1
HUGGINGFACE-5c1af4aecac3,"ע""פ 5812/14",2015-11-30,2015,0,1,,1,3,0,0,0,0.0,0,0,0,0,0,0,0,0,0,0,0,0,0,0,0,1815,heading_discussion_decision,822,24.176,40.4,4.422,9.489,0.243,10.949,0,7.5038,6.7117,0,0
HUGGINGFACE-450e8b472d80,"ע""פ 6386/12",2015-12-06,2015,0,1,,1,3,1,1,1,0.6931471805599453,1,0,0,0,0,0,0,0,0,1,0,0,0,0,0,7885,heading_discussion_decision,3545,18.179,30.6,4.323,8.942,0.903,12.976,1,8.9727,8.1733,0,1
HUGGINGFACE-45304316cc4d,"ע""פ 1317/15",2015-12-14,2015,0,1,,0,3,0,0,0,0.0,0,0,0,0,0,0,0,0,0,1,0,0,0,0,0,1186,heading_discussion_decision,205,25.625,35.0,4.224,6.341,0.488,24.39,0,7.0783,5.323,0,1
HUGGINGFACE-4d67664e1ae7,"ע""פ 7066/13",2015-12-22,2015,0,1,,0,3,0,0,0,0.0,0,0,0,0,0,0,0,0,0,0,0,0,0,0,0,14586,court_turn_phrase,6637,17.986,34.0,4.292,8.242,0.889,19.587,0,9.5878,8.8004,0,1
HUGGINGFACE-e2771655dbdd,"ע""פ 7939/10",2015-12-23,2015,0,1,,1,3,1,18,3,2.9444389791664403,6,1,12,1,1,0,0,0,0,0,1,20,1,0,1,99751,heading_discussion_decision,92056,16.665,32.0,4.302,8.748,1.065,8.484,1,11.5104,11.4302,0,1
HUGGINGFACE-c0e8a25b8b45,"ע""פ 5975/14",2015-12-31,2015,0,1,,1,3,0,0,0,0.0,0,0,0,0,0,0,0,0,0,0,0,0,0,0,0,21481,heading_discussion_decision,18210,19.923,35.0,4.233,7.018,0.73,16.365,0,9.9749,9.8097,0,0
HUGGINGFACE-bd24b4acc9eb,"ע""פ 1865/14",2016-01-04,2016,1,1,,1,3,0,0,0,0.0,0,0,0,0,0,1,1,1,1,1,0,0,0,0,0,1430,whole_judgment,1430,22.0,37.0,4.371,7.832,1.329,23.776,0,7.2654,7.2654,1,1
HUGGINGFACE-5e36ec6092fe,"ע""פ 1159/13",2016-01-06,2016,1,1,,1,3,1,1,1,0.6931471805599453,1,0,0,0,0,0,0,0,0,0,0,0,0,0,0,3723,heading_discussion_decision,2364,15.973,30.3,4.293,7.614,1.311,32.572,1,8.2223,7.7681,0,1
HUGGINGFACE-2c681632e407,"ע""פ 6318/12",2016-01-20,2016,1,1,,1,3,0,0,0,0.0,0,0,0,0,0,0,0,0,0,0,0,0,0,0,0,5677,heading_discussion_decision,2662,19.866,37.7,4.339,10.068,2.367,18.032,0,8.6442,7.8868,0,1
HUGGINGFACE-caf6d9e8746f,"ע""פ 4523/14",2016-01-20,2016,1,1,,1,3,0,0,0,0.0,0,0,0,0,0,1,1,1,1,0,0,0,0,0,0,12945,heading_discussion_decision,6402,16.847,34.0,4.251,7.232,1.109,24.055,0,9.4685,8.7644,0,1
HUGGINGFACE-b7b407f629d7,"ע""פ 1769/14",2016-01-27,2016,1,1,,1,3,0,0,0,0.0,0,0,0,0,0,0,0,0,0,1,0,0,0,0,0,6858,heading_discussion_decision,5797,17.567,32.1,4.305,7.573,1.898,17.423,0,8.8332,8.6651,0,1
HUGGINGFACE-f68f4bf76655,"ע""פ 8948/12",2016-02-01,2016,1,1,,1,3,0,0,0,0.0,0,0,0,0,0,0,0,0,0,0,0,0,0,0,0,8344,heading_discussion_decision,5519,17.919,32.0,4.363,8.462,0.707,21.199,0,9.0293,8.616,0,1
HUGGINGFACE-09259c10df28,"ע""פ 5622/08",2016-02-14,2016,1,1,,1,3,0,0,0,0.0,0,0,0,1,1,0,0,0,0,1,0,0,0,0,0,5415,heading_discussion_decision,3049,16.392,30.5,4.25,7.314,0.82,19.351,0,8.5969,8.0226,0,1
HUGGINGFACE-7cc695a67f0b,"ע""פ 4226/11",2016-02-15,2016,1,1,,1,3,0,0,0,0.0,0,0,0,0,0,0,0,0,0,0,1,1,0,0,0,9270,heading_discussion_decision,6565,17.186,32.0,4.239,7.51,0.716,18.279,0,9.1345,8.7895,0,1
HUGGINGFACE-c0f5ef125985,"ע""פ 2566/14",2016-02-17,2016,1,1,,0,3,1,5,3,1.791759469228055,5,0,0,0,0,1,1,1,1,0,0,0,0,0,0,7396,heading_discussion_decision,4005,19.925,37.0,4.466,10.337,0.799,22.222,1,8.9087,8.2953,0,1
HUGGINGFACE-3e45cc20405b,"ע""פ 4784/13",2016-02-18,2016,1,1,,0,3,1,5,3,1.791759469228055,5,0,0,0,0,1,1,1,3,1,1,1,1,0,1,29738,heading_discussion_decision,27262,19.543,35.0,4.112,7.446,0.939,11.041,1,10.3002,10.2132,0,1
HUGGINGFACE-bdab64185c48,"ע""פ 8867/10",2016-02-24,2016,1,1,,1,3,0,0,0,0.0,0,0,0,0,0,0,0,0,0,0,0,0,0,0,0,4893,heading_discussion_decision,2860,18.452,31.0,4.289,8.392,0.874,7.692,0,8.4956,7.9586,0,1
HUGGINGFACE-12c1f585de16,"ע""פ 3030/15",2016-04-20,2016,1,1,,1,3,0,0,0,0.0,0,0,0,0,0,0,0,0,0,1,0,0,0,0,0,4261,heading_discussion_decision,1673,17.427,33.0,4.409,10.64,0.897,20.323,0,8.3573,7.4224,0,1
HUGGINGFACE-d5bc94c5b831,"ע""פ 3706/15",2016-05-02,2016,1,1,,1,3,0,0,0,0.0,0,0,0,0,0,0,0,0,0,1,0,0,0,0,0,1641,heading_discussion_decision,592,17.412,29.7,4.517,10.98,1.52,23.649,0,7.4031,6.3835,0,1
HUGGINGFACE-29baaafddbc9,"ע""פ 1839/15",2016-05-25,2016,1,1,,1,3,0,0,0,0.0,0,0,0,0,0,0,0,0,0,1,0,0,0,0,0,3644,heading_discussion_decision,1694,16.94,30.0,4.109,7.025,1.358,26.564,0,8.2008,7.4348,0,1
HUGGINGFACE-9b55c869007c,"ע""פ 4205/14",2016-05-29,2016,1,1,,0,3,1,6,3,1.9459101490553128,5,1,1,0,1,0,0,0,0,1,1,1,0,0,1,10673,heading_discussion_decision,8069,17.812,33.0,4.304,8.762,0.942,26.397,1,9.2755,8.9958,0,1
HUGGINGFACE-f1d8acf054f4,"ע""פ 746/14",2016-05-31,2016,1,1,,1,3,0,0,0,0.0,0,0,0,0,0,1,1,1,1,0,1,1,0,0,0,18422,heading_discussion_decision,14554,18.54,37.6,4.373,9.75,1.869,21.85,0,9.8213,9.5856,0,0
HUGGINGFACE-f87a0d3e1c72,"ע""פ 1076/15",2016-06-07,2016,1,1,,1,3,1,2,2,1.0986122886681098,2,0,0,1,1,1,1,1,1,0,0,0,0,0,0,10046,whole_judgment,10046,18.848,35.0,4.443,9.536,0.727,26.777,1,9.2149,9.2149,0,1
HUGGINGFACE-3ecacc3034bc,"ע""פ 3065/15",2016-06-26,2016,1,1,,1,3,0,0,0,0.0,0,0,0,0,0,1,1,1,1,0,0,0,0,0,0,2425,heading_discussion_decision,1018,16.419,27.9,4.466,8.055,0.491,31.434,0,7.7936,6.9256,1,1
HUGGINGFACE-d3eb3770cd2e,"ע""פ 5998/15",2016-06-27,2016,1,1,,0,3,0,0,0,0.0,0,0,0,0,0,1,1,1,1,1,0,0,0,0,0,1784,heading_discussion_decision,763,20.622,37.0,4.379,8.388,0.524,20.97,0,7.4866,6.6373,0,1
HUGGINGFACE-78cdfe544a3c,"ע""פ 3617/13",2016-06-28,2016,1,1,,1,3,1,3,2,1.3862943611198906,3,0,0,1,1,1,1,1,1,0,1,2,0,0,1,22125,heading_discussion_decision,16446,22.285,39.0,4.36,9.929,1.855,18.85,1,10.0045,9.7078,0,1
HUGGINGFACE-961bbbd9e92b,"ע""פ 5733/13",2016-07-05,2016,1,1,,1,3,1,23,3,3.1780538303479458,13,1,10,1,1,1,1,1,1,0,0,0,0,0,0,2360,heading_discussion_decision,1717,21.198,37.0,4.379,7.455,0.582,11.066,1,7.7664,7.4483,0,1
HUGGINGFACE-ee34bcf5c171,"ע""פ 6344/12",2016-07-12,2016,1,1,,1,3,0,0,0,0.0,0,0,0,0,0,0,0,0,0,0,1,3,0,0,1,10076,heading_discussion_decision,6149,15.411,30.0,4.237,7.904,0.732,31.062,0,9.2179,8.724,0,0
HUGGINGFACE-b286aa16098a,"ע""פ 4887/15",2016-07-14,2016,1,1,,0,3,0,0,0,0.0,0,0,0,0,0,0,0,0,0,0,0,0,0,0,0,2544,whole_judgment,2544,16.0,32.0,4.316,7.901,1.336,18.082,0,7.8415,7.8415,0,1
HUGGINGFACE-5ac99ffba014,"ע""פ 8512/14",2016-07-18,2016,1,1,,1,3,1,1,1,0.6931471805599453,1,0,0,0,0,0,0,0,0,0,0,0,0,0,0,6576,heading_discussion_decision,3164,18.395,35.0,4.327,9.924,1.327,28.761,1,8.7912,8.0596,0,1
HUGGINGFACE-c5a84ec44088,"ע""פ 5617/15",2016-07-27,2016,1,1,,0,3,0,0,0,0.0,0,0,0,0,0,0,0,0,0,0,0,0,0,0,0,6398,heading_discussion_decision,5351,16.069,28.8,4.255,7.812,0.617,10.465,0,8.7637,8.585,0,1
HUGGINGFACE-d33f58efe47b,"ע""פ 7679/14",2016-08-15,2016,1,1,,1,3,0,0,0,0.0,0,0,0,0,0,0,0,0,0,0,0,0,0,0,0,16803,heading_discussion_decision,8894,17.17,33.3,4.29,7.915,0.855,20.126,0,9.7293,9.0931,0,1
HUGGINGFACE-5ae5697dc786,"ע""פ 7090/15",2016-08-25,2016,1,1,,1,3,0,0,0,0.0,0,0,0,0,0,1,1,1,1,0,1,1,0,0,1,14897,heading_discussion_decision,9457,18.69,35.0,4.334,8.406,1.121,23.898,0,9.6089,9.1545,0,1
HUGGINGFACE-048c1166eeaa,"ע""פ 8962/12",2016-08-31,2016,1,1,,1,3,0,0,0,0.0,0,0,0,0,0,0,0,0,0,0,1,1,0,0,0,10935,heading_discussion_decision,7546,19.963,37.0,4.351,8.283,1.06,16.565,0,9.2997,8.9288,0,1
HUGGINGFACE-3de7c995f877,"ע""פ 2221/16",2016-09-01,2016,1,1,,0,3,0,0,0,0.0,0,0,0,0,0,0,0,0,0,1,0,0,0,0,0,2095,heading_discussion_decision,1339,16.949,32.2,4.38,8.813,1.27,13.443,0,7.6473,7.1997,0,1
HUGGINGFACE-a8b3cc72b35e,"ע""פ 2094/15",2016-09-01,2016,1,1,,1,3,0,0,0,0.0,0,0,0,0,0,0,0,0,0,0,0,0,0,0,0,7539,heading_discussion_decision,3829,23.783,39.0,4.297,8.697,0.81,17.237,0,8.9278,8.2504,0,1
HUGGINGFACE-e8953c7c6b21,"ע""פ 1153/15",2016-10-06,2016,1,1,,1,3,0,0,0,0.0,0,0,0,0,0,1,1,1,1,1,0,0,0,0,0,3708,heading_discussion_decision,2909,17.419,35.0,4.218,6.6,0.584,26.126,0,8.2182,7.9756,0,1
HUGGINGFACE-5d2e351e9a26,"ע""פ 3239/14",2016-11-08,2016,1,1,,1,3,0,0,0,0.0,0,0,0,0,0,0,0,0,0,0,0,0,0,0,0,17017,heading_discussion_decision,11936,19.283,37.0,4.266,7.348,1.29,13.991,0,9.742,9.3873,0,1
HUGGINGFACE-bf73ba409f35,"ע""פ 3916/15",2016-11-13,2016,1,1,,1,3,0,0,0,0.0,0,0,0,0,0,0,0,0,0,0,0,0,0,0,0,6043,heading_discussion_decision,2545,16.21,33.0,4.402,9.43,1.375,30.648,0,8.7067,7.8419,0,1
HUGGINGFACE-7577b9464623,"ע""פ 149/15",2016-11-22,2016,1,1,,0,3,1,2,2,1.0986122886681098,1,1,1,0,1,1,1,1,1,1,0,0,0,0,0,14825,heading_discussion_decision,11518,21.409,42.0,4.37,8.43,1.051,18.232,1,9.6041,9.3517,0,1
HUGGINGFACE-c994a4ff8d43,"ע""פ 2453/15",2016-12-11,2016,1,1,,0,3,0,0,0,0.0,0,0,0,0,0,0,0,0,0,1,0,0,0,0,0,2208,heading_discussion_decision,1062,16.091,32.5,4.289,8.004,0.188,32.015,0,7.6998,6.9679,0,1
HUGGINGFACE-ea3daca3af38,"ע""פ 7532/12",2016-12-11,2016,1,1,,1,3,1,2,2,1.0986122886681098,2,0,0,0,0,0,0,0,0,0,1,18,0,0,1,23035,heading_discussion_decision,8398,18.83,35.0,4.231,7.966,0.774,16.313,1,10.0448,9.0357,0,1
HUGGINGFACE-3b8b41fde77c,"ע""פ 1081/14",2016-12-18,2016,1,1,,1,3,0,0,0,0.0,0,0,0,0,0,0,0,0,0,0,1,3,0,0,1,7868,heading_discussion_decision,3128,18.619,34.0,4.395,9.335,1.343,19.182,0,8.9706,8.0481,0,1
HUGGINGFACE-eea99af84a58,"ע""פ 4087/14",2017-01-05,2017,2,1,,1,3,0,0,0,0.0,0,0,0,0,0,1,1,1,1,0,1,3,0,0,1,10933,heading_discussion_decision,7727,17.763,39.0,4.21,7.247,0.751,14.883,0,9.2995,8.9525,0,1
HUGGINGFACE-0b1279db6689,"ע""פ 8944/14",2017-01-08,2017,2,1,,1,3,0,0,0,0.0,0,0,0,0,0,0,0,0,0,0,0,0,0,0,0,1593,whole_judgment,1593,20.688,38.4,4.483,10.295,1.381,5.022,0,7.3734,7.3734,1,1
HUGGINGFACE-1a2d693530c7,"ע""פ 5/17",2017-01-08,2017,2,0,ערעור פסלות שופט,0,1,0,0,0,0.0,0,0,0,0,0,0,0,0,0,0,0,0,0,0,0,1131,heading_discussion_numbered,338,19.882,34.4,4.308,8.284,1.479,44.379,0,7.0309,5.823,0,1
HUGGINGFACE-33f5f3354124,"ע""פ 6435/12",2017-01-09,2017,2,1,,1,3,1,2,2,1.0986122886681098,1,1,1,1,1,0,0,0,0,0,1,5,0,0,1,6827,heading_discussion_decision,2889,22.053,42.0,4.375,10.142,1.904,28.384,1,8.8286,7.9687,0,1
HUGGINGFACE-70311a4c797a,"ע""פ 5885/15",2017-01-09,2017,2,1,,1,3,1,1,1,0.6931471805599453,0,1,1,0,1,0,0,0,0,1,0,0,0,0,0,1646,whole_judgment,1646,17.511,30.0,4.363,7.837,1.215,7.898,0,7.4061,7.4061,0,1
HUGGINGFACE-029159f13383,"ע""פ 8808/14",2017-01-10,2017,2,1,,1,3,1,1,1,0.6931471805599453,0,1,1,1,1,0,0,0,0,0,0,0,0,0,0,12915,heading_discussion_decision,7393,19.715,37.0,4.318,9.847,1.069,13.662,0,9.4661,8.9083,0,1
HUGGINGFACE-4ac8f2bb46d2,"ע""פ 2960/14",2017-01-18,2017,2,1,,1,3,1,1,1,0.6931471805599453,1,0,0,0,0,0,0,0,0,0,0,0,0,0,0,6057,heading_discussion_decision,2923,23.198,37.0,4.397,9.169,1.163,12.658,1,8.709,7.9804,0,1
HUGGINGFACE-d5f07f9530de,"ע""פ 6317/14",2017-01-24,2017,2,1,,0,3,0,0,0,0.0,0,0,0,0,0,0,0,0,0,1,0,0,0,0,0,698,whole_judgment,698,13.423,27.6,4.278,3.725,0.143,10.029,0,6.5482,6.5482,0,1
HUGGINGFACE-2150f58eb147,"ע""פ 661/16",2017-01-25,2017,2,1,,1,3,1,1,1,0.6931471805599453,0,1,1,0,1,0,0,0,0,1,0,0,0,0,0,6734,heading_discussion_decision,2254,18.628,34.0,4.262,9.539,1.065,21.739,0,8.8149,7.7205,1,1
HUGGINGFACE-106bc76ca63d,"ע""פ 4107/16",2017-02-22,2017,2,1,,0,3,0,0,0,0.0,0,0,0,0,0,0,0,0,0,1,0,0,0,0,0,2574,heading_discussion_decision,1298,17.079,32.5,4.29,8.243,0.847,14.638,0,7.8532,7.1686,0,1
HUGGINGFACE-b987185fb74d,"ע""פ 9112/15",2017-03-16,2017,2,0,ערעור לפי חוק נשיאת עונש מאסר במדינת אזרחותו של האסיר,1,3,1,2,2,1.0986122886681098,0,1,2,0,1,0,0,0,0,1,0,0,0,0,0,4540,heading_discussion_decision,1786,10.444,30.0,4.304,12.262,2.408,42.553,0,8.4207,7.4877,1,1
HUGGINGFACE-bcc927576eb0,"ע""פ 3263/13",2017-03-19,2017,2,1,,1,3,1,3,2,1.3862943611198906,2,1,1,0,1,0,0,0,0,0,0,0,0,0,0,16399,heading_discussion_decision,7952,19.49,35.3,4.219,6.916,0.717,19.618,1,9.705,8.9812,0,1
HUGGINGFACE-38a7efab6059,"ע""פ 3647/15",2017-03-29,2017,2,1,,1,3,0,0,0,0.0,0,0,0,0,0,0,0,0,0,0,0,0,0,0,0,5360,heading_discussion_decision,2062,17.475,34.3,4.267,7.032,1.261,30.068,0,8.5867,7.6314,0,1
HUGGINGFACE-834472d72f26,"ע""פ 2550/15",2017-04-07,2017,2,1,,1,3,0,0,0,0.0,0,0,0,0,0,0,0,0,0,1,0,0,0,0,0,6786,heading_discussion_decision,4667,19.86,35.0,4.237,7.307,0.643,14.356,0,8.8226,8.4483,0,1
HUGGINGFACE-8db7aa9aeedb,"ע""פ 8503/14",2017-04-26,2017,2,1,,1,3,0,0,0,0.0,0,0,0,0,0,0,0,0,0,0,0,0,0,0,0,2491,whole_judgment,2491,16.831,32.3,4.353,10.237,1.485,31.313,0,7.8204,7.8204,0,0
HUGGINGFACE-f281bc7d50f2,"ע""פ 921/17",2017-05-28,2017,2,1,,0,3,0,0,0,0.0,0,0,0,0,0,1,1,1,1,1,0,0,0,0,0,3280,heading_discussion_decision,1004,18.255,37.0,4.323,8.665,0.797,13.944,0,8.0956,6.9117,0,1
HUGGINGFACE-4a0f9eb91590,"ע""פ 7396/15",2017-06-12,2017,2,1,,1,3,1,1,1,0.6931471805599453,1,0,0,0,0,0,0,0,0,0,0,0,0,0,0,5596,heading_discussion_decision,4314,24.793,45.0,4.305,8.159,1.414,19.471,1,8.6298,8.3696,0,1
HUGGINGFACE-3761494018dd,"ע""פ 485/15",2017-06-13,2017,2,1,,1,3,1,8,3,2.19722457733622,5,1,3,1,1,0,0,0,0,0,0,0,0,0,0,13280,heading_discussion_decision,7044,21.476,38.0,4.496,13.515,1.718,18.171,1,9.494,8.8599,0,1
HUGGINGFACE-12383460479f,"ע""פ 5862/14",2017-07-11,2017,2,1,,1,3,0,0,0,0.0,0,0,0,0,0,0,0,0,0,0,0,0,0,0,0,2070,heading_discussion_decision,809,15.264,28.8,4.333,8.035,0.742,24.722,0,7.6353,6.6958,0,1
HUGGINGFACE-cf4f1dd373a0,"ע""פ 6105/16",2017-07-13,2017,2,1,,0,3,0,0,0,0.0,0,0,0,0,0,0,0,0,0,1,0,0,0,0,0,538,whole_judgment,538,13.122,22.0,4.374,5.39,0.372,11.152,0,6.2879,6.2879,0,1
HUGGINGFACE-718af39915d4,"ע""פ 2602/15",2017-08-21,2017,2,1,,1,3,0,0,0,0.0,0,0,0,0,0,0,0,0,0,0,0,0,0,0,0,8303,heading_discussion_decision,2925,21.992,39.8,4.305,8.0,1.197,26.667,0,9.0244,7.981,0,1
HUGGINGFACE-9e33e0f30f3f,"ע""פ 4749/17",2017-08-29,2017,2,1,,0,3,1,2,2,1.0986122886681098,1,1,1,1,1,1,1,1,1,1,0,0,0,0,0,4444,heading_discussion_decision,2692,20.708,35.1,4.336,8.024,0.446,15.973,1,8.3993,7.898,0,1
HUGGINGFACE-f18dde462332,"ע""פ 4376/16",2017-09-18,2017,2,1,,0,3,0,0,0,0.0,0,0,0,0,0,1,1,1,1,0,0,0,0,0,0,1813,heading_discussion_decision,636,15.9,29.2,4.678,13.208,0.472,9.434,0,7.5027,6.4552,0,1
HUGGINGFACE-8e61e23b727b,"ע""פ 4245/15",2017-09-30,2017,2,1,,1,3,0,0,0,0.0,0,0,0,0,0,0,0,0,0,1,0,0,0,0,0,1180,court_turn_phrase,256,23.273,39.0,4.668,12.5,1.953,11.719,0,7.0733,5.5452,1,1
HUGGINGFACE-b91dede8e54f,"ע""פ 8686/15",2017-10-02,2017,2,1,,1,3,0,0,0,0.0,0,0,0,0,0,0,0,0,0,0,1,1,0,0,0,8966,heading_discussion_decision,5750,15.625,32.0,4.268,8.174,0.887,35.652,0,9.1012,8.657,0,1
HUGGINGFACE-8273af0cf389,"ע""פ 8464/15",2017-10-29,2017,2,1,,0,3,0,0,0,0.0,0,0,0,0,0,0,0,0,0,0,0,0,0,0,0,2416,heading_discussion_decision,1730,16.168,31.0,4.443,7.168,0.578,13.295,0,7.7899,7.4559,0,1
HUGGINGFACE-dd872f007f89,"ע""פ 3328/14",2017-12-06,2017,2,1,,1,3,0,0,0,0.0,0,0,0,0,0,0,0,0,0,0,0,0,0,0,0,6522,whole_judgment,6522,17.868,34.6,4.265,8.218,0.721,30.052,0,8.7829,8.7829,0,1
HUGGINGFACE-ad6e90cda8a5,"ע""פ 6468/17",2018-01-09,2018,3,1,,0,3,1,1,1,0.6931471805599453,1,0,0,0,0,0,0,0,0,1,0,0,0,0,0,524,whole_judgment,524,18.714,30.3,4.441,7.634,0.954,15.267,1,6.2615,6.2615,0,1
HUGGINGFACE-125df4da438d,"ע""פ 6943/16",2018-01-27,2018,3,1,,0,3,0,0,0,0.0,0,0,0,0,0,0,0,0,0,0,0,0,0,0,0,1232,whole_judgment,1232,14.326,24.0,4.296,5.682,0.487,12.987,0,7.1164,7.1164,0,0
HUGGINGFACE-3f9ed636e1d8,"ע""פ 6162/16",2018-02-03,2018,3,1,,1,3,1,1,1,0.6931471805599453,1,0,0,0,0,1,1,1,1,0,1,8,0,0,1,25914,heading_discussion_decision,11473,21.895,38.0,4.321,8.01,0.671,16.996,1,10.1625,9.3478,0,1
HUGGINGFACE-76f5a62b1393,"ע""פ 8146/16",2018-02-05,2018,3,1,,0,3,0,0,0,0.0,0,0,0,0,0,0,0,0,0,1,0,0,0,0,0,1600,heading_discussion_decision,478,25.158,48.6,4.471,11.088,0.837,12.552,0,7.3778,6.1696,0,1
HUGGINGFACE-ef304e453837,"ע""פ 10184/16",2018-02-06,2018,3,1,,0,3,0,0,0,0.0,0,0,0,0,0,0,0,0,0,1,0,0,0,0,0,2775,heading_discussion_decision,577,19.233,31.1,4.445,9.879,0.693,31.196,0,7.9284,6.3578,0,1
HUGGINGFACE-011716a374c9,"ע""פ 1134/17",2018-02-13,2018,3,1,,0,3,0,0,0,0.0,0,0,0,0,0,0,0,0,0,1,0,0,0,0,0,445,whole_judgment,445,13.906,25.9,4.317,8.764,0.225,38.202,0,6.0981,6.0981,0,1
HUGGINGFACE-e12d413c71c5,"ע""פ 6777/17",2018-02-13,2018,3,1,,1,3,0,0,0,0.0,0,0,0,0,0,0,0,0,0,0,0,0,0,0,0,226,whole_judgment,226,28.25,42.6,4.456,11.947,0.0,17.699,0,5.4205,5.4205,0,0
HUGGINGFACE-1f5722ebcb08,"ע""פ 8862/16",2018-02-19,2018,3,1,,1,3,0,0,0,0.0,0,0,0,0,0,0,0,0,0,1,0,0,0,0,0,3025,heading_discussion_decision,1735,17.887,29.8,4.241,6.11,0.807,5.187,0,8.0147,7.4588,0,1
HUGGINGFACE-5754837de1ce,"ע""פ 3321/16",2018-02-21,2018,3,1,,1,3,0,0,0,0.0,0,0,0,0,0,1,1,1,1,0,0,0,0,0,0,10932,heading_discussion_decision,2826,18.115,36.0,4.33,9.236,2.194,21.231,0,9.2994,7.9466,0,1
HUGGINGFACE-781e3e01a834,"ע""פ 4851/17",2018-02-27,2018,3,1,,0,3,0,0,0,0.0,0,0,0,0,0,0,0,0,0,0,0,0,0,0,0,434,whole_judgment,434,25.529,34.0,4.329,7.834,0.0,20.737,0,6.073,6.073,0,0
HUGGINGFACE-5e188c654f5c,"ע""פ 456/16",2018-03-03,2018,3,1,,0,3,1,2,2,1.0986122886681098,2,0,0,0,0,0,0,0,0,0,0,0,0,0,0,4872,heading_discussion_decision,3121,21.088,36.0,4.246,7.337,1.282,20.186,1,8.4913,8.0459,0,1
HUGGINGFACE-0b83241cd4f1,"ע""פ 9045/16",2018-03-06,2018,3,1,,1,3,0,0,0,0.0,0,0,0,0,0,0,0,0,0,0,0,0,0,0,0,5954,heading_discussion_decision,4494,18.725,33.0,4.358,10.703,1.268,16.021,0,8.6918,8.4105,1,1
HUGGINGFACE-5098e12ceff4,"ע""פ 5121/17",2018-03-10,2018,3,0,"ערעור על החלטה בעניין מועד שחרור של אסיר שנשפט בחו""ל",1,3,0,0,0,0.0,0,0,0,0,0,0,0,0,0,0,0,0,0,0,0,8670,heading_discussion_decision,6720,21.266,35.5,4.449,10.223,1.503,15.476,0,9.0676,8.8128,0,1
HUGGINGFACE-de9e091dbd1f,"ע""פ 4144/17",2018-03-21,2018,3,1,,1,3,0,0,0,0.0,0,0,0,0,0,0,0,0,0,0,0,0,0,0,0,245,whole_judgment,245,18.846,29.6,4.298,6.122,0.0,8.163,0,5.5013,5.5013,1,0
HUGGINGFACE-9a8bd90ec85a,"ע""פ 3705/17",2018-04-11,2018,3,1,,1,3,0,0,0,0.0,0,0,0,0,0,0,0,0,0,0,0,0,0,0,0,3783,heading_discussion_decision,2775,17.236,29.0,4.376,9.586,0.757,3.243,0,8.2383,7.9284,0,0
HUGGINGFACE-d3f56e410d20,"ע""פ 3811/17",2018-04-16,2018,3,1,,0,3,1,2,2,1.0986122886681098,2,0,0,0,0,0,0,0,0,0,0,0,0,0,0,1115,heading_discussion_decision,408,20.4,34.7,4.517,8.333,0.49,14.706,1,7.0166,6.0113,0,1
HUGGINGFACE-68a058065bfc,"ע""פ 6637/17",2018-04-17,2018,3,1,,0,3,0,0,0,0.0,0,0,0,0,0,1,1,1,1,1,0,0,0,0,0,5465,heading_discussion_decision,4001,19.052,37.0,4.408,11.097,0.75,21.995,0,8.6061,8.2943,0,1
HUGGINGFACE-255a6bf72806,"ע""פ 8304/17",2018-05-07,2018,3,0,ערעור על הכרזה כבר-הסגרה,0,3,0,0,0,0.0,0,0,0,0,0,0,0,0,0,1,1,7,1,1,1,3144,heading_discussion_decision,2105,21.05,37.2,4.514,9.596,1.14,19.952,0,8.0533,7.6521,0,1
HUGGINGFACE-8ba2be519bec,"ע""פ 5289/17",2018-05-07,2018,3,1,,0,3,0,0,0,0.0,0,0,0,0,0,0,0,0,0,0,0,0,0,0,0,1486,heading_discussion_decision,600,18.182,35.8,4.447,8.5,0.5,36.667,0,7.3038,6.3969,0,0
HUGGINGFACE-6c81389226fc,"ע""פ 1193/16",2018-05-16,2018,3,1,,1,3,0,0,0,0.0,0,0,0,0,0,1,1,1,1,0,0,0,0,0,0,7364,heading_discussion_decision,4937,20.831,39.4,4.294,8.102,0.83,15.799,0,8.9044,8.5045,0,1
HUGGINGFACE-3598b0c47e9d,"ע""פ 3039/15",2018-06-06,2018,3,1,,1,3,0,0,0,0.0,0,0,0,0,0,0,0,0,0,0,1,1,0,0,1,5491,whole_judgment,5491,18.741,34.8,4.298,8.304,1.402,19.669,0,8.6109,8.6109,0,1
HUGGINGFACE-5ee9862d64b6,"ע""פ 6030/15",2018-06-10,2018,3,1,,1,3,0,0,0,0.0,0,0,0,0,0,0,0,0,0,1,0,0,0,0,0,904,whole_judgment,904,19.652,33.0,4.283,7.301,1.549,18.805,0,6.8068,6.8068,0,1
HUGGINGFACE-e9bd0a79f4e4,"ע""פ 1244/17",2018-06-20,2018,3,1,,1,3,0,0,0,0.0,0,0,0,0,0,1,1,1,1,0,0,0,0,0,0,6974,heading_discussion_decision,4799,20.597,39.0,4.233,9.127,1.479,23.13,0,8.8499,8.4762,0,1
HUGGINGFACE-c284beed7965,"ע""פ 3652/15",2018-07-28,2018,3,0,ערעור על הכרזה כבר-הסגרה,1,3,0,0,0,0.0,0,0,0,0,0,0,0,0,0,0,0,0,0,0,0,9620,heading_discussion_decision,6394,16.651,33.0,4.473,10.666,1.939,25.336,0,9.1716,8.7631,1,1
HUGGINGFACE-1924b8bf45bc,"ע""פ 2868/13",2018-08-01,2018,3,1,,1,3,0,0,0,0.0,0,0,0,0,0,1,1,1,1,0,1,5,0,0,0,33722,heading_discussion_decision,13607,18.143,36.0,4.406,9.532,1.36,20.357,0,10.4259,9.5183,0,1
HUGGINGFACE-86ba04cdc060,"ע""פ 2556/17",2018-08-07,2018,3,1,,0,3,1,1,1,0.6931471805599453,1,0,0,0,0,0,0,0,0,1,0,0,0,0,0,1870,heading_discussion_decision,668,20.875,38.7,4.407,8.084,0.449,25.449,1,7.5337,6.5043,0,1
HUGGINGFACE-f666f63ae4db,"ע""פ 8574/17",2018-08-11,2018,3,1,,1,3,1,10,3,2.3978952727983707,5,1,5,1,1,0,0,0,0,0,0,0,0,0,0,1477,heading_discussion_decision,287,17.938,24.5,4.606,13.589,1.394,0.0,1,7.2978,5.6595,0,1
HUGGINGFACE-41d4c6be4456,"ע""פ 7007/15",2018-09-04,2018,3,1,,1,3,1,1,1,0.6931471805599453,1,0,0,0,0,0,0,0,0,0,0,0,0,0,0,9992,heading_discussion_decision,3862,21.819,38.4,4.403,8.571,1.243,15.018,1,9.2095,8.2589,0,1
HUGGINGFACE-619eee149049,"ע""פ 3250/17",2018-10-13,2018,3,1,,1,3,1,1,1,0.6931471805599453,1,0,0,0,0,0,0,0,0,0,1,2,0,0,0,4946,heading_discussion_decision,1380,16.047,37.5,4.181,7.826,0.362,45.652,1,8.5063,7.2298,0,1
HUGGINGFACE-4ceebca2eeb0,"ע""פ 5205/17",2018-10-14,2018,3,1,,1,3,0,0,0,0.0,0,0,0,0,0,0,0,0,0,1,0,0,0,0,0,170,court_turn_phrase,66,13.2,18.6,4.727,12.121,0.0,0.0,0,5.1358,4.1897,1,1
HUGGINGFACE-76611d2db345,"ע""פ 7899/16",2018-10-15,2018,3,1,,1,3,1,3,2,1.3862943611198906,2,1,1,0,1,0,0,0,0,0,0,0,0,0,0,1507,whole_judgment,1507,17.523,33.5,4.352,9.224,0.929,23.225,1,7.3179,7.3179,0,1
HUGGINGFACE-2e816273ed86,"ע""פ 8483/16",2018-10-24,2018,3,1,,0,3,1,6,3,1.9459101490553128,6,0,0,0,0,0,0,0,0,1,0,0,0,0,0,10250,heading_discussion_decision,6144,25.078,44.0,4.483,10.645,1.628,13.835,1,9.235,8.7232,0,1
HUGGINGFACE-e135fc674616,"ע""פ 2418/17",2018-10-24,2018,3,1,,1,3,0,0,0,0.0,0,0,0,0,0,0,0,0,0,0,0,0,0,0,0,3792,heading_discussion_decision,2797,16.952,30.0,4.28,8.652,1.466,22.167,0,8.2406,7.9363,0,0
HUGGINGFACE-4f4c677fc633,"ע""פ 2589/15",2018-10-28,2018,3,1,,1,3,0,0,0,0.0,0,0,0,0,0,0,0,0,0,0,0,0,0,0,0,8854,heading_discussion_decision,6408,19.963,39.0,4.348,8.302,1.28,35.268,0,9.0886,8.7653,0,1
HUGGINGFACE-56a286b30f55,"ע""פ 2859/18",2018-11-10,2018,3,1,,1,3,0,0,0,0.0,0,0,0,1,1,0,0,0,0,0,1,2,1,0,1,2184,heading_discussion_decision,1219,16.931,36.7,4.371,9.106,0.82,31.993,0,7.6889,7.1058,0,1
HUGGINGFACE-bbe152e0685f,"ע""פ 4855/16",2018-11-10,2018,3,1,,1,3,0,0,0,0.0,0,0,0,0,0,0,0,0,0,0,0,0,0,0,0,6432,heading_discussion_decision,4509,14.881,30.0,4.308,7.984,1.22,32.601,0,8.769,8.4138,0,1
HUGGINGFACE-2ea49c56d936,"ע""פ 10105/16",2018-11-12,2018,3,1,,0,3,0,0,0,0.0,0,0,0,0,0,0,0,0,0,1,0,0,0,0,0,2465,heading_discussion_decision,1968,16.4,27.1,4.255,7.774,0.457,16.768,0,7.8099,7.5848,0,1
HUGGINGFACE-81fb7c34cc29,"ע""פ 10045/17",2018-11-18,2018,3,1,,1,3,0,0,0,0.0,0,0,0,0,0,1,1,1,1,0,0,0,0,0,0,53,whole_judgment,53,10.6,18.2,3.358,5.66,0.0,18.868,0,3.9703,3.9703,0,1
HUGGINGFACE-d2b5576fcf60,"ע""פ 961/16",2018-11-24,2018,3,1,,0,3,0,0,0,0.0,0,0,0,0,0,0,0,0,0,1,0,0,0,0,0,5621,heading_discussion_decision,4180,18.914,39.0,4.356,7.656,0.67,32.057,0,8.6343,8.3381,0,1
HUGGINGFACE-a68d4eb5f1ad,"ע""פ 7020/17",2018-11-25,2018,3,1,,1,3,0,0,0,0.0,0,0,0,0,0,0,0,0,0,0,0,0,0,0,0,4073,heading_discussion_decision,1817,17.641,34.0,4.098,7.375,0.66,35.773,0,8.3121,7.5049,0,1
HUGGINGFACE-4c5a1c8adc1a,"ע""פ 6888/17",2018-12-10,2018,3,1,,0,3,1,1,1,0.6931471805599453,0,1,1,0,1,0,0,0,0,0,0,0,0,0,0,2374,heading_discussion_decision,779,12.365,21.8,4.443,6.932,0.642,21.823,0,7.7723,6.658,0,1
HUGGINGFACE-f43158b66185,"ע""פ 6568/16",2019-01-07,2019,4,1,,0,3,0,0,0,0.0,0,0,0,0,0,0,0,0,0,1,0,0,0,0,0,2714,heading_discussion_decision,1560,21.081,39.0,4.242,7.051,1.026,15.385,0,7.9062,7.3524,0,1
HUGGINGFACE-312e11949c4a,"ע""פ 1299/17",2019-01-12,2019,4,1,,1,3,0,0,0,0.0,0,0,0,0,0,0,0,0,0,0,0,0,0,0,0,1479,heading_discussion_decision,471,17.444,31.4,4.384,9.766,1.274,36.093,0,7.2991,6.1549,0,1
HUGGINGFACE-d35e2fc6029e,"ע""פ 8791/17",2019-01-30,2019,4,1,,0,3,1,1,1,0.6931471805599453,0,1,1,0,1,0,0,0,0,1,0,0,0,0,0,165,whole_judgment,165,11.0,20.0,4.236,3.636,0.0,6.061,0,5.1059,5.1059,0,1
HUGGINGFACE-f566cc01d722,"ע""פ 3011/17",2019-01-30,2019,4,1,,1,3,0,0,0,0.0,0,0,0,0,0,0,0,0,0,0,0,0,0,0,0,2588,heading_discussion_decision,1136,17.477,32.0,4.378,7.835,0.528,15.845,0,7.8586,7.0353,0,1
HUGGINGFACE-1ce75f87ae31,"ע""פ 4576/18",2019-02-24,2019,4,0,ערעור על הכרזה כבר-הסגרה,1,3,0,0,0,0.0,0,0,0,0,0,0,0,0,0,0,0,0,0,0,0,2283,heading_discussion_decision,1326,20.4,37.6,4.566,10.558,1.584,19.608,0,7.7332,7.1899,0,1
HUGGINGFACE-4e706b2ad5a6,"ע""פ 4524/18",2019-03-02,2019,4,1,,1,3,0,0,0,0.0,0,0,0,0,0,0,0,0,0,1,0,0,0,0,0,1063,heading_discussion_decision,323,17.0,32.8,4.257,10.526,1.238,24.768,0,6.9689,5.7777,0,1
HUGGINGFACE-2c6186d24c78,"ע""פ 3745/17",2019-03-09,2019,4,1,,1,3,1,1,1,0.6931471805599453,1,0,0,0,0,1,1,1,1,0,0,0,0,0,0,7182,whole_judgment,7182,21.186,40.2,4.514,12.1,0.933,29.936,1,8.8793,8.8793,0,1
HUGGINGFACE-f2860d69af94,"ע""פ 2002/18",2019-03-19,2019,4,1,,0,3,0,0,0,0.0,0,0,0,0,0,0,0,0,0,0,0,0,0,0,0,1395,heading_discussion_decision,388,11.086,18.0,4.265,7.732,1.804,18.041,0,7.2406,5.961,0,1
HUGGINGFACE-29210ca38a96,"ע""פ 7682/18",2019-04-03,2019,4,1,,0,3,0,0,0,0.0,0,0,0,0,0,0,0,0,0,0,0,0,0,0,0,1261,heading_discussion_decision,386,10.158,19.6,4.394,7.513,1.036,31.088,0,7.1397,5.9558,0,1
HUGGINGFACE-debe1b36e3ef,"ע""פ 7556/15",2019-04-10,2019,4,1,,1,3,0,0,0,0.0,0,0,0,0,0,0,0,0,0,0,0,0,0,0,0,2407,heading_discussion_decision,1529,17.779,32.5,4.311,7.39,0.654,18.967,0,7.7861,7.3324,0,1
HUGGINGFACE-325619a6f1c2,"ע""פ 1937/18",2019-04-17,2019,4,1,,1,3,0,0,0,0.0,0,0,0,0,0,0,0,0,0,0,0,0,0,0,0,572,whole_judgment,572,17.875,29.8,4.638,11.538,1.399,20.979,0,6.3491,6.3491,1,0
HUGGINGFACE-02a763ded951,"ע""פ 7367/18",2019-05-01,2019,4,1,,1,3,1,2,2,1.0986122886681098,1,1,1,0,1,0,0,0,0,1,0,0,0,0,0,1450,heading_discussion_decision,706,14.12,30.5,4.421,9.773,1.7,35.411,1,7.2793,6.5596,1,1
HUGGINGFACE-e621712d907b,"ע""פ 3806/16",2019-05-22,2019,4,1,,1,3,0,0,0,0.0,0,0,0,0,0,1,1,1,1,0,0,0,0,0,0,62854,heading_discussion_decision,59433,18.4,35.0,4.34,9.236,0.999,16.136,0,11.0486,10.9926,0,1
HUGGINGFACE-d897082c9482,"ע""פ 5135/18",2019-06-25,2019,4,1,,0,3,0,0,0,0.0,0,0,0,0,0,0,0,0,0,1,0,0,0,0,0,989,whole_judgment,989,12.844,25.0,4.483,8.999,0.303,3.033,0,6.8967,6.8967,0,1
HUGGINGFACE-67884dea231c,"ע""פ 1828/14",2019-06-26,2019,4,1,,1,3,1,2,2,1.0986122886681098,2,0,0,0,0,1,1,1,1,1,0,0,0,0,0,15853,heading_discussion_decision,11764,20.318,38.0,4.329,8.654,1.156,25.332,1,9.6711,9.3728,0,1
HUGGINGFACE-abf73ddc3f7c,"ע""פ 2362/16",2019-06-30,2019,4,1,,1,3,0,0,0,0.0,0,0,0,0,0,0,0,0,0,0,0,0,0,0,0,9695,heading_discussion_decision,8805,18.935,32.0,4.34,7.802,0.716,13.174,0,9.1794,9.0831,0,1
HUGGINGFACE-89dcc28b147a,"ע""פ 3510/16",2019-07-16,2019,4,1,,1,3,1,1,1,0.6931471805599453,1,0,0,0,0,1,1,1,1,0,0,0,0,0,0,6996,heading_discussion_decision,2955,19.7,35.2,4.247,7.817,0.914,26.396,1,8.8531,7.9913,0,1
HUGGINGFACE-2c4e0794f84b,"ע""פ 3810/17",2019-08-04,2019,4,1,,1,3,0,0,0,0.0,0,0,0,0,0,0,0,0,0,0,0,0,0,0,0,134,whole_judgment,134,19.143,30.4,4.455,8.209,0.746,0.0,0,4.8978,4.8978,0,1
HUGGINGFACE-b09441243094,"ע""פ 5113/19",2019-08-06,2019,4,0,ערעור פסלות שופט,1,1,0,0,0,0.0,0,0,0,0,0,0,0,0,0,1,0,0,0,0,0,918,whole_judgment,918,24.158,43.0,4.302,6.1,0.327,13.072,0,6.8222,6.8222,1,1
HUGGINGFACE-82cce4062186,"ע""פ 5647/19",2019-09-01,2019,4,0,ערעור פסלות שופט,1,1,0,0,0,0.0,0,0,0,0,0,0,0,0,0,0,0,0,0,0,0,1040,whole_judgment,1040,26.667,47.0,4.375,10.096,0.577,7.692,0,6.947,6.947,0,1
HUGGINGFACE-eb11a99ff93f,"ע""פ 1900/18",2019-09-15,2019,4,1,,1,3,1,1,1,0.6931471805599453,1,0,0,0,0,1,1,1,1,0,0,0,0,0,0,28,whole_judgment,28,14.0,22.8,4.25,7.143,0.0,0.0,1,3.3322,3.3322,0,1
HUGGINGFACE-6b7ae11720f4,"ע""פ 4908/18",2019-10-27,2019,4,1,,0,3,0,0,0,0.0,0,0,0,0,0,1,1,1,1,1,0,0,0,0,0,40,whole_judgment,40,20.0,27.2,4.0,7.5,0.0,25.0,0,3.6889,3.6889,0,1
HUGGINGFACE-a8c46f7e7f77,"ע""פ 8965/18",2019-11-02,2019,4,1,,1,3,0,0,0,0.0,0,0,0,0,0,1,1,1,1,0,0,0,0,0,0,5716,whole_judgment,5716,21.17,37.0,4.307,7.715,0.542,16.795,0,8.651,8.651,0,1
HUGGINGFACE-1f708c0636a5,"ע""פ 10033/17",2019-12-10,2019,4,1,,1,3,1,13,3,2.6390573296152584,10,1,3,1,1,0,0,0,0,0,0,0,0,0,0,7900,heading_discussion_decision,4779,19.996,37.0,4.263,8.349,0.879,27.83,1,8.9746,8.472,0,1
HUGGINGFACE-7f8440ce6bf0,"ע""פ 3880/17",2019-12-30,2019,4,1,,1,3,0,0,0,0.0,0,0,0,0,0,0,0,0,0,1,1,5,0,0,1,6699,heading_discussion_decision,4588,20.301,36.0,4.236,7.345,0.654,24.412,0,8.8097,8.4312,0,1
HUGGINGFACE-047748cb2db9,"ע""פ 3308/17",2020-01-14,2020,5,1,,1,3,0,0,0,0.0,0,0,0,0,0,1,1,1,1,0,1,3,0,0,0,5385,heading_discussion_decision,3272,17.221,33.1,4.404,9.597,0.733,25.978,0,8.5914,8.0932,0,0
HUGGINGFACE-0602fabdbd9a,"ע""פ 5754/19",2020-01-21,2020,5,1,,0,3,1,3,2,1.3862943611198906,0,1,3,0,1,0,0,0,0,1,0,0,0,0,0,1491,heading_discussion_decision,745,28.654,49.0,4.456,9.664,0.403,16.107,0,7.3072,6.6134,0,1
HUGGINGFACE-1a9416207cec,"ע""פ 1075/20",2020-02-12,2020,5,0,ערעור פסלות שופט,1,1,0,0,0,0.0,0,0,0,0,0,0,0,0,0,1,0,0,0,0,0,783,whole_judgment,783,21.162,37.8,4.271,5.492,0.383,11.494,0,6.6631,6.6631,0,1
HUGGINGFACE-1a7eb30e2636,"ע""פ 4450/18",2020-02-29,2020,5,1,,0,3,0,0,0,0.0,0,0,0,0,0,0,0,0,0,0,0,0,0,0,0,1500,whole_judgment,1500,21.429,35.1,4.361,8.467,0.6,23.333,0,7.3132,7.3132,0,0
HUGGINGFACE-72823df71b0f,"ע""פ 8164/19",2020-04-01,2020,5,1,,0,3,0,0,0,0.0,0,0,0,0,0,0,0,0,0,1,0,0,0,0,0,1914,heading_discussion_decision,592,19.733,36.1,4.334,7.939,0.676,28.716,0,7.557,6.3835,0,1
HUGGINGFACE-c3413672b5fd,"ע""פ 8074/16",2020-04-01,2020,5,1,,1,3,1,3,2,1.3862943611198906,2,1,1,0,1,1,1,1,1,0,1,3,0,0,1,16037,heading_discussion_decision,13014,20.366,40.0,4.26,8.153,0.891,12.679,1,9.6827,9.4738,0,1
HUGGINGFACE-65a971fc803d,"ע""פ 940/19",2020-04-04,2020,5,1,,0,3,1,4,2,1.6094379124341005,4,0,0,0,0,0,0,0,0,0,0,0,0,0,0,4878,heading_discussion_decision,3572,13.53,29.0,4.293,7.167,0.336,27.436,1,8.4925,8.1809,0,1
HUGGINGFACE-88c8306bdf8b,"ע""פ 3891/19",2020-04-04,2020,5,1,,0,3,0,0,0,0.0,0,0,0,0,0,1,1,1,3,1,0,0,0,0,0,4701,heading_discussion_decision,2484,23.215,40.0,4.418,9.541,1.006,14.895,0,8.4555,7.8176,0,1
HUGGINGFACE-470e04d3e2d4,"ע""פ 6501/18",2020-04-21,2020,5,1,,1,3,0,0,0,0.0,0,0,0,0,0,0,0,0,0,0,0,0,0,0,0,4724,heading_discussion_decision,2110,18.673,33.8,4.337,9.431,0.569,29.384,0,8.4604,7.6544,0,1
HUGGINGFACE-0db82fe6d11a,"ע""פ 8156/19",2020-05-06,2020,5,1,,0,3,1,5,3,1.791759469228055,3,1,2,0,1,1,1,1,1,1,0,0,0,0,0,252,whole_judgment,252,12.6,23.0,4.591,8.73,0.397,0.0,1,5.5294,5.5294,0,1
HUGGINGFACE-45e57a8ed4ab,"ע""פ 4737/18",2020-05-11,2020,5,1,,1,3,1,3,2,1.3862943611198906,3,0,0,0,0,0,0,0,0,0,0,0,0,0,0,23259,court_turn_phrase,838,13.738,26.0,4.354,8.115,0.597,10.74,1,10.0544,6.731,0,1
HUGGINGFACE-473f9ebe47ed,"ע""פ 9560/17",2020-05-20,2020,5,1,,1,3,0,0,0,0.0,0,0,0,0,0,1,1,1,1,0,0,0,0,0,0,1391,heading_discussion_decision,355,15.435,27.6,4.231,6.479,0.563,28.169,0,7.2378,5.8721,0,1
HUGGINGFACE-11fcba5513c8,"ע""פ 205/19",2020-06-06,2020,5,1,,1,3,0,0,0,0.0,0,0,0,0,0,0,0,0,0,1,0,0,0,0,0,2538,heading_discussion_decision,1047,23.267,43.8,4.438,9.647,0.478,15.282,0,7.8391,6.9537,0,1
HUGGINGFACE-226ffb1b03ea,"ע""פ 2356/17",2020-06-28,2020,5,1,,0,3,0,0,0,0.0,0,0,0,0,0,1,1,1,1,0,0,0,0,0,0,1566,whole_judgment,1566,15.204,29.8,4.444,10.473,0.958,24.904,0,7.3563,7.3563,0,0
HUGGINGFACE-a9d014614ff6,"ע""פ 858/20",2020-07-01,2020,5,1,,0,3,0,0,0,0.0,0,0,0,0,0,0,0,0,0,1,0,0,0,0,0,2196,heading_discussion_decision,879,23.132,39.3,4.498,10.011,0.91,19.34,0,7.6944,6.7788,0,1
HUGGINGFACE-84fd038cd400,"ע""פ 55/20",2020-07-18,2020,5,1,,1,3,1,10,3,2.3978952727983707,4,1,6,1,1,0,0,0,0,0,0,0,0,0,0,2913,heading_discussion_decision,1315,25.784,51.0,4.323,7.072,0.456,22.814,1,7.9769,7.1816,0,1
HUGGINGFACE-fcd2e2fadba7,"ע""פ 7380/18",2020-07-26,2020,5,1,,0,3,0,0,0,0.0,0,0,0,0,0,0,0,0,0,1,0,0,0,0,0,1381,heading_discussion_decision,321,18.882,36.8,4.383,7.165,0.623,24.922,0,7.2306,5.7714,0,1
HUGGINGFACE-c035d612bcd5,"ע""פ 864/20",2020-08-04,2020,5,1,,0,3,0,0,0,0.0,0,0,0,0,0,0,0,0,0,0,0,0,0,0,0,299,whole_judgment,299,15.737,24.0,4.311,4.013,0.669,0.0,0,5.7004,5.7004,0,0
HUGGINGFACE-98644a2130c5,"ע""פ 6962/17",2020-08-23,2020,5,1,,1,3,0,0,0,0.0,0,0,0,1,1,0,0,0,0,1,0,0,0,0,0,2675,heading_discussion_decision,974,16.233,34.3,4.396,9.446,0.924,19.507,0,7.8917,6.8814,0,1
HUGGINGFACE-12e562673cf2,"ע""פ 880/20",2020-09-09,2020,5,1,,0,3,0,0,0,0.0,0,0,0,0,0,0,0,0,0,0,0,0,0,0,0,203,whole_judgment,203,20.3,34.2,4.571,10.837,0.493,9.852,0,5.3132,5.3132,0,0
HUGGINGFACE-178eef938955,"ע""פ 8263/18",2020-10-17,2020,5,1,,1,3,0,0,0,0.0,0,0,0,0,0,0,0,0,0,1,0,0,0,0,0,2390,heading_discussion_decision,1165,17.388,36.8,4.35,8.841,1.888,26.609,0,7.779,7.0605,1,1
HUGGINGFACE-18f2d777f6ed,"ע""פ 4820/18",2020-10-27,2020,5,1,,0,3,1,2,2,1.0986122886681098,2,0,0,0,0,1,1,1,1,1,0,0,0,0,0,2763,heading_discussion_decision,1119,16.955,30.5,4.338,8.49,0.447,23.235,1,7.9241,7.0202,0,1
HUGGINGFACE-8bfeb9315f18,"ע""פ 9232/18",2020-11-04,2020,5,1,,1,3,0,0,0,0.0,0,0,0,0,0,0,0,0,0,1,0,0,0,0,0,3565,whole_judgment,3565,18.376,32.0,4.362,7.321,0.589,8.135,0,8.1789,8.1789,0,1
HUGGINGFACE-ba5b076a800a,"ע""פ 4594/18",2020-11-17,2020,5,1,,1,3,0,0,0,0.0,0,0,0,0,0,0,0,0,0,0,0,0,0,0,0,4280,heading_discussion_decision,2425,20.905,37.5,4.164,6.763,0.619,30.103,0,8.3617,7.7936,0,1
HUGGINGFACE-d4352b8318fb,"ע""פ 3092/20",2020-11-18,2020,5,1,,0,3,0,0,0,0.0,0,0,0,0,0,0,0,0,0,1,0,0,0,0,0,2098,heading_discussion_decision,549,17.156,31.9,4.335,9.472,0.911,16.393,0,7.6487,6.3081,0,1
HUGGINGFACE-82416e8d24e8,"ע""פ 2928/20",2020-11-23,2020,5,1,,1,3,0,0,0,0.0,0,0,0,0,0,0,0,0,0,1,0,0,0,0,0,2670,heading_discussion_decision,1819,18.561,38.0,4.242,5.992,0.935,39.032,0,7.8898,7.506,0,1
HUGGINGFACE-7f66273e473f,"ע""פ 757/20",2020-11-28,2020,5,1,,0,3,0,0,0,0.0,0,0,0,0,0,0,0,0,0,0,0,0,0,0,0,598,court_turn_phrase,155,25.833,37.5,4.703,10.968,0.0,0.0,0,6.3936,5.0434,0,1
HUGGINGFACE-14b1a55ca6a7,"ע""פ 1130/19",2020-12-26,2020,5,1,,1,3,0,0,0,0.0,0,0,0,0,0,0,0,0,0,0,0,0,0,0,0,5628,heading_discussion_decision,3354,19.964,38.3,4.453,9.66,1.312,24.15,0,8.6355,8.1179,0,1
